solid OpenSCAD_Model
  facet normal 0.233477 0 0.972362
    outer loop
      vertex 71.4693 5 11.9631
      vertex 71.927 2 11.8532
      vertex 71.927 5 11.8532
    endloop
  endfacet
  facet normal 0.233477 0 0.972362
    outer loop
      vertex 71.927 2 11.8532
      vertex 71.4693 5 11.9631
      vertex 71.4693 2 11.9631
    endloop
  endfacet
  facet normal -0.923886 0 -0.382668
    outer loop
      vertex 68.327 2 7.63803
      vertex 68.2251 5 7.88405
      vertex 68.327 5 7.63803
    endloop
  endfacet
  facet normal -0.923886 -0 -0.382668
    outer loop
      vertex 68.2251 5 7.88405
      vertex 68.327 2 7.63803
      vertex 68.2251 2 7.88405
    endloop
  endfacet
  facet normal -0.233477 0 0.972362
    outer loop
      vertex 70.073 5 11.8532
      vertex 70.5307 2 11.9631
      vertex 70.5307 5 11.9631
    endloop
  endfacet
  facet normal -0.233477 0 0.972362
    outer loop
      vertex 70.5307 2 11.9631
      vertex 70.073 5 11.8532
      vertex 70.073 2 11.8532
    endloop
  endfacet
  facet normal 0.85262 -0 0.522532
    outer loop
      vertex 73.427 2 10.7634
      vertex 73.673 5 10.362
      vertex 73.427 5 10.7634
    endloop
  endfacet
  facet normal 0.85262 0 0.522532
    outer loop
      vertex 73.673 5 10.362
      vertex 73.427 2 10.7634
      vertex 73.673 2 10.362
    endloop
  endfacet
  facet normal 0.382624 0 -0.923904
    outer loop
      vertex 71.927 2 6.14683
      vertex 72.362 5 6.32698
      vertex 72.362 2 6.32698
    endloop
  endfacet
  facet normal 0.382624 0 -0.923904
    outer loop
      vertex 72.362 5 6.32698
      vertex 71.927 2 6.14683
      vertex 71.927 5 6.14683
    endloop
  endfacet
  facet normal -0.649601 0 0.760275
    outer loop
      vertex 68.8787 5 11.1213
      vertex 69.2366 2 11.4271
      vertex 69.2366 5 11.4271
    endloop
  endfacet
  facet normal -0.649601 0 0.760275
    outer loop
      vertex 69.2366 2 11.4271
      vertex 68.8787 5 11.1213
      vertex 68.8787 2 11.1213
    endloop
  endfacet
  facet normal 0.0783858 0 0.996923
    outer loop
      vertex 71 5 12
      vertex 71.4693 2 11.9631
      vertex 71.4693 5 11.9631
    endloop
  endfacet
  facet normal 0.0783858 0 0.996923
    outer loop
      vertex 71.4693 2 11.9631
      vertex 71 5 12
      vertex 71 2 12
    endloop
  endfacet
  facet normal -0.85266 0 0.522466
    outer loop
      vertex 68.4961 2 10.6379
      vertex 68.573 5 10.7634
      vertex 68.4961 5 10.6379
    endloop
  endfacet
  facet normal -0.85266 0 0.522466
    outer loop
      vertex 68.573 5 10.7634
      vertex 68.4961 2 10.6379
      vertex 68.573 2 10.7634
    endloop
  endfacet
  facet normal 0.649515 0 -0.760349
    outer loop
      vertex 72.7634 2 6.57295
      vertex 73.1213 5 6.87868
      vertex 73.1213 2 6.87868
    endloop
  endfacet
  facet normal 0.649515 0 -0.760349
    outer loop
      vertex 73.1213 5 6.87868
      vertex 72.7634 2 6.57295
      vertex 72.7634 5 6.57295
    endloop
  endfacet
  facet normal -0.382624 0 -0.923904
    outer loop
      vertex 69.638 2 6.32698
      vertex 70.073 5 6.14683
      vertex 70.073 2 6.14683
    endloop
  endfacet
  facet normal -0.382624 0 -0.923904
    outer loop
      vertex 70.073 5 6.14683
      vertex 69.638 2 6.32698
      vertex 69.638 5 6.32698
    endloop
  endfacet
  facet normal 0.649601 0 0.760275
    outer loop
      vertex 72.7634 5 11.4271
      vertex 73.1213 2 11.1213
      vertex 73.1213 5 11.1213
    endloop
  endfacet
  facet normal 0.649601 0 0.760275
    outer loop
      vertex 73.1213 2 11.1213
      vertex 72.7634 5 11.4271
      vertex 72.7634 2 11.4271
    endloop
  endfacet
  facet normal -0.76038 0 0.649478
    outer loop
      vertex 68.573 2 10.7634
      vertex 68.8787 5 11.1213
      vertex 68.573 5 10.7634
    endloop
  endfacet
  facet normal -0.76038 0 0.649478
    outer loop
      vertex 68.8787 5 11.1213
      vertex 68.573 2 10.7634
      vertex 68.8787 2 11.1213
    endloop
  endfacet
  facet normal 0.923851 -0 0.382752
    outer loop
      vertex 73.673 2 10.362
      vertex 73.8532 5 9.92705
      vertex 73.673 5 10.362
    endloop
  endfacet
  facet normal 0.923851 0 0.382752
    outer loop
      vertex 73.8532 5 9.92705
      vertex 73.673 2 10.362
      vertex 73.8532 2 9.92705
    endloop
  endfacet
  facet normal 0.996923 0 -0.0783858
    outer loop
      vertex 74 2 9
      vertex 73.9631 5 8.5307
      vertex 74 5 9
    endloop
  endfacet
  facet normal 0.996923 0 -0.0783858
    outer loop
      vertex 73.9631 5 8.5307
      vertex 74 2 9
      vertex 73.9631 2 8.5307
    endloop
  endfacet
  facet normal -0.382714 0 0.923867
    outer loop
      vertex 69.638 5 11.673
      vertex 70.073 2 11.8532
      vertex 70.073 5 11.8532
    endloop
  endfacet
  facet normal -0.382714 0 0.923867
    outer loop
      vertex 70.073 2 11.8532
      vertex 69.638 5 11.673
      vertex 69.638 2 11.673
    endloop
  endfacet
  facet normal -0.0783858 0 0.996923
    outer loop
      vertex 70.5307 5 11.9631
      vertex 71 2 12
      vertex 71 5 12
    endloop
  endfacet
  facet normal -0.0783858 0 0.996923
    outer loop
      vertex 71 2 12
      vertex 70.5307 5 11.9631
      vertex 70.5307 2 11.9631
    endloop
  endfacet
  facet normal 0.760434 0 -0.649415
    outer loop
      vertex 73.427 2 7.23664
      vertex 73.1213 5 6.87868
      vertex 73.427 5 7.23664
    endloop
  endfacet
  facet normal 0.760434 0 -0.649415
    outer loop
      vertex 73.1213 5 6.87868
      vertex 73.427 2 7.23664
      vertex 73.1213 2 6.87868
    endloop
  endfacet
  facet normal 0.522486 0 -0.852648
    outer loop
      vertex 72.362 2 6.32698
      vertex 72.7634 5 6.57295
      vertex 72.7634 2 6.57295
    endloop
  endfacet
  facet normal 0.522486 0 -0.852648
    outer loop
      vertex 72.7634 5 6.57295
      vertex 72.362 2 6.32698
      vertex 72.362 5 6.32698
    endloop
  endfacet
  facet normal -0.852614 0 -0.522542
    outer loop
      vertex 68.573 2 7.23664
      vertex 68.327 5 7.63803
      vertex 68.573 5 7.23664
    endloop
  endfacet
  facet normal -0.852614 -0 -0.522542
    outer loop
      vertex 68.327 5 7.63803
      vertex 68.573 2 7.23664
      vertex 68.327 2 7.63803
    endloop
  endfacet
  facet normal 0.382714 0 0.923867
    outer loop
      vertex 71.927 5 11.8532
      vertex 72.362 2 11.673
      vertex 72.362 5 11.673
    endloop
  endfacet
  facet normal 0.382714 0 0.923867
    outer loop
      vertex 72.362 2 11.673
      vertex 71.927 5 11.8532
      vertex 71.927 2 11.8532
    endloop
  endfacet
  facet normal -0.760434 0 -0.649415
    outer loop
      vertex 68.8787 2 6.87868
      vertex 68.573 5 7.23664
      vertex 68.8787 5 6.87868
    endloop
  endfacet
  facet normal -0.760434 -0 -0.649415
    outer loop
      vertex 68.573 5 7.23664
      vertex 68.8787 2 6.87868
      vertex 68.573 2 7.23664
    endloop
  endfacet
  facet normal -0.0784491 0 -0.996918
    outer loop
      vertex 70.5307 2 6.03693
      vertex 71 5 6
      vertex 71 2 6
    endloop
  endfacet
  facet normal -0.0784491 0 -0.996918
    outer loop
      vertex 71 5 6
      vertex 70.5307 2 6.03693
      vertex 70.5307 5 6.03693
    endloop
  endfacet
  facet normal 0.996923 -0 0.0783858
    outer loop
      vertex 73.9631 2 9.4693
      vertex 74 5 9
      vertex 73.9631 5 9.4693
    endloop
  endfacet
  facet normal 0.996923 0 0.0783858
    outer loop
      vertex 74 5 9
      vertex 73.9631 2 9.4693
      vertex 74 2 9
    endloop
  endfacet
  facet normal 0.522378 0 0.852714
    outer loop
      vertex 72.362 5 11.673
      vertex 72.7634 2 11.4271
      vertex 72.7634 5 11.4271
    endloop
  endfacet
  facet normal 0.522378 0 0.852714
    outer loop
      vertex 72.7634 2 11.4271
      vertex 72.362 5 11.673
      vertex 72.362 2 11.673
    endloop
  endfacet
  facet normal -0.522486 0 -0.852648
    outer loop
      vertex 69.2366 2 6.57295
      vertex 69.638 5 6.32698
      vertex 69.638 2 6.32698
    endloop
  endfacet
  facet normal -0.522486 0 -0.852648
    outer loop
      vertex 69.638 5 6.32698
      vertex 69.2366 2 6.57295
      vertex 69.2366 5 6.57295
    endloop
  endfacet
  facet normal 0.233477 0 -0.972362
    outer loop
      vertex 71.4693 2 6.03693
      vertex 71.927 5 6.14683
      vertex 71.927 2 6.14683
    endloop
  endfacet
  facet normal 0.233477 0 -0.972362
    outer loop
      vertex 71.927 5 6.14683
      vertex 71.4693 2 6.03693
      vertex 71.4693 5 6.03693
    endloop
  endfacet
  facet normal -0.233477 0 -0.972362
    outer loop
      vertex 70.073 2 6.14683
      vertex 70.5307 5 6.03693
      vertex 70.5307 2 6.03693
    endloop
  endfacet
  facet normal -0.233477 0 -0.972362
    outer loop
      vertex 70.5307 5 6.03693
      vertex 70.073 2 6.14683
      vertex 70.073 5 6.14683
    endloop
  endfacet
  facet normal 0.972368 -0 0.233453
    outer loop
      vertex 73.8532 2 9.92705
      vertex 73.9631 5 9.4693
      vertex 73.8532 5 9.92705
    endloop
  endfacet
  facet normal 0.972368 0 0.233453
    outer loop
      vertex 73.9631 5 9.4693
      vertex 73.8532 2 9.92705
      vertex 73.9631 2 9.4693
    endloop
  endfacet
  facet normal 0.923842 0 -0.382775
    outer loop
      vertex 73.8532 2 8.07295
      vertex 73.673 5 7.63803
      vertex 73.8532 5 8.07295
    endloop
  endfacet
  facet normal 0.923842 0 -0.382775
    outer loop
      vertex 73.673 5 7.63803
      vertex 73.8532 2 8.07295
      vertex 73.673 2 7.63803
    endloop
  endfacet
  facet normal 0.0784491 0 -0.996918
    outer loop
      vertex 71 2 6
      vertex 71.4693 5 6.03693
      vertex 71.4693 2 6.03693
    endloop
  endfacet
  facet normal 0.0784491 0 -0.996918
    outer loop
      vertex 71.4693 5 6.03693
      vertex 71 2 6
      vertex 71 5 6
    endloop
  endfacet
  facet normal -0.522378 0 0.852714
    outer loop
      vertex 69.2366 5 11.4271
      vertex 69.638 2 11.673
      vertex 69.638 5 11.673
    endloop
  endfacet
  facet normal -0.522378 0 0.852714
    outer loop
      vertex 69.638 2 11.673
      vertex 69.2366 5 11.4271
      vertex 69.2366 2 11.4271
    endloop
  endfacet
  facet normal -0.649515 0 -0.760349
    outer loop
      vertex 68.8787 2 6.87868
      vertex 69.2366 5 6.57295
      vertex 69.2366 2 6.57295
    endloop
  endfacet
  facet normal -0.649515 0 -0.760349
    outer loop
      vertex 69.2366 5 6.57295
      vertex 68.8787 2 6.87868
      vertex 68.8787 5 6.87868
    endloop
  endfacet
  facet normal 0 1 0
    outer loop
      vertex 68.327 2 7.63803
      vertex 68.2248 2 7.88359
      vertex 68.2251 2 7.88405
    endloop
  endfacet
  facet normal 0 1 0
    outer loop
      vertex 68.327 2 7.63803
      vertex 67.9445 2 7.55546
      vertex 68.2248 2 7.88359
    endloop
  endfacet
  facet normal 0 1 0
    outer loop
      vertex 68.573 2 7.23664
      vertex 67.9445 2 7.55546
      vertex 68.327 2 7.63803
    endloop
  endfacet
  facet normal 0 1 0
    outer loop
      vertex 67.9445 2 7.55546
      vertex 68.573 2 7.23664
      vertex 67.6164 2 7.2752
    endloop
  endfacet
  facet normal 0 1 0
    outer loop
      vertex 68.8787 2 6.87868
      vertex 67.6164 2 7.2752
      vertex 68.573 2 7.23664
    endloop
  endfacet
  facet normal 0 1 0
    outer loop
      vertex 67.6164 2 7.2752
      vertex 68.8787 2 6.87868
      vertex 67.2485 2 7.04973
    endloop
  endfacet
  facet normal 0 1 0
    outer loop
      vertex 69.2366 2 6.57295
      vertex 67.2485 2 7.04973
      vertex 68.8787 2 6.87868
    endloop
  endfacet
  facet normal 0 1 0
    outer loop
      vertex 67.2485 2 7.04973
      vertex 69.2366 2 6.57295
      vertex 66.8498 2 6.88459
    endloop
  endfacet
  facet normal 0 1 0
    outer loop
      vertex 69.638 2 6.32698
      vertex 66.8498 2 6.88459
      vertex 69.2366 2 6.57295
    endloop
  endfacet
  facet normal 0 1 0
    outer loop
      vertex 66.8498 2 6.88459
      vertex 69.638 2 6.32698
      vertex 66.4302 2 6.78386
    endloop
  endfacet
  facet normal 0 1 0
    outer loop
      vertex 2.5 2 14.5
      vertex 8.4693 2 11.9631
      vertex 8 2 12
    endloop
  endfacet
  facet normal 0 1 0
    outer loop
      vertex 14.5 2 12.5
      vertex 8.92705 2 11.8532
      vertex 8.4693 2 11.9631
    endloop
  endfacet
  facet normal 0 1 0
    outer loop
      vertex 14.5 2 12.5
      vertex 9.36197 2 11.673
      vertex 8.92705 2 11.8532
    endloop
  endfacet
  facet normal 0 1 0
    outer loop
      vertex 14.5 2 12.5
      vertex 9.76336 2 11.4271
      vertex 9.36197 2 11.673
    endloop
  endfacet
  facet normal 0 1 0
    outer loop
      vertex 14.5 2 12.5
      vertex 10.1213 2 11.1213
      vertex 9.76336 2 11.4271
    endloop
  endfacet
  facet normal 0 1 0
    outer loop
      vertex 14.5 2 12.5
      vertex 10.4271 2 10.7634
      vertex 10.1213 2 11.1213
    endloop
  endfacet
  facet normal 0 1 0
    outer loop
      vertex 14.5 2 12.5
      vertex 10.673 2 10.362
      vertex 10.4271 2 10.7634
    endloop
  endfacet
  facet normal 0 1 0
    outer loop
      vertex 14.5 2 12.5
      vertex 10.8532 2 9.92705
      vertex 10.673 2 10.362
    endloop
  endfacet
  facet normal 0 1 0
    outer loop
      vertex 14.5 2 12.5
      vertex 10.9631 2 9.4693
      vertex 10.8532 2 9.92705
    endloop
  endfacet
  facet normal 0 1 0
    outer loop
      vertex 14.5 2 12.5
      vertex 11 2 9
      vertex 10.9631 2 9.4693
    endloop
  endfacet
  facet normal 0 1 -0
    outer loop
      vertex 14.5 2 6.5
      vertex 11 2 9
      vertex 14.5 2 12.5
    endloop
  endfacet
  facet normal 0 1 0
    outer loop
      vertex 11 2 9
      vertex 14.5 2 6.5
      vertex 10.9631 2 8.5307
    endloop
  endfacet
  facet normal 0 1 0
    outer loop
      vertex 10.9631 2 8.5307
      vertex 14.5 2 6.5
      vertex 10.8532 2 8.07295
    endloop
  endfacet
  facet normal 0 1 0
    outer loop
      vertex 10.8532 2 8.07295
      vertex 14.5 2 6.5
      vertex 10.673 2 7.63803
    endloop
  endfacet
  facet normal 0 1 0
    outer loop
      vertex 10.673 2 7.63803
      vertex 14.5 2 6.5
      vertex 10.4271 2 7.23664
    endloop
  endfacet
  facet normal 0 1 0
    outer loop
      vertex 14.5 2 6.5
      vertex 10.1213 2 6.87868
      vertex 10.4271 2 7.23664
    endloop
  endfacet
  facet normal 0 1 0
    outer loop
      vertex 14.5 2 6.5
      vertex 9.76336 2 6.57295
      vertex 10.1213 2 6.87868
    endloop
  endfacet
  facet normal 0 1 0
    outer loop
      vertex 14.5 2 6.5
      vertex 9.36197 2 6.32698
      vertex 9.76336 2 6.57295
    endloop
  endfacet
  facet normal 0 1 0
    outer loop
      vertex 60.5 2 6.5
      vertex 9.36197 2 6.32698
      vertex 14.5 2 6.5
    endloop
  endfacet
  facet normal 0 1 0
    outer loop
      vertex 66 2 6.75
      vertex 80 2 0
      vertex 60.5 2 6.5
    endloop
  endfacet
  facet normal 0 1 0
    outer loop
      vertex 60.5 2 6.5
      vertex 0 2 0
      vertex 9.36197 2 6.32698
    endloop
  endfacet
  facet normal 0 1 0
    outer loop
      vertex 80 2 0
      vertex 70.073 2 6.14683
      vertex 70.5307 2 6.03693
    endloop
  endfacet
  facet normal 0 1 0
    outer loop
      vertex 9.36197 2 6.32698
      vertex 0 2 0
      vertex 8.92705 2 6.14683
    endloop
  endfacet
  facet normal 0 1 0
    outer loop
      vertex 80 2 0
      vertex 70.5307 2 6.03693
      vertex 71 2 6
    endloop
  endfacet
  facet normal 0 1 0
    outer loop
      vertex 8.92705 2 6.14683
      vertex 0 2 0
      vertex 8.4693 2 6.03693
    endloop
  endfacet
  facet normal 0 1 0
    outer loop
      vertex 80 2 17
      vertex 75.5 2 14.5
      vertex 75.5 2 17
    endloop
  endfacet
  facet normal 0 1 0
    outer loop
      vertex 75.5 2 14.5
      vertex 60.5 2 12.5
      vertex 2.5 2 14.5
    endloop
  endfacet
  facet normal 0 1 0
    outer loop
      vertex 75.5 2 14.5
      vertex 66 2 12.25
      vertex 60.5 2 12.5
    endloop
  endfacet
  facet normal 0 1 0
    outer loop
      vertex 75.5 2 14.5
      vertex 66.4302 2 12.2161
      vertex 66 2 12.25
    endloop
  endfacet
  facet normal 0 1 0
    outer loop
      vertex 75.5 2 14.5
      vertex 66.8498 2 12.1154
      vertex 66.4302 2 12.2161
    endloop
  endfacet
  facet normal 0 1 0
    outer loop
      vertex 70.5307 2 11.9631
      vertex 75.5 2 14.5
      vertex 71 2 12
    endloop
  endfacet
  facet normal 0 1 0
    outer loop
      vertex 73.9631 2 9.4693
      vertex 75.5 2 14.5
      vertex 80 2 17
    endloop
  endfacet
  facet normal 0 1 0
    outer loop
      vertex 75.5 2 14.5
      vertex 71.4693 2 11.9631
      vertex 71 2 12
    endloop
  endfacet
  facet normal 0 1 0
    outer loop
      vertex 75.5 2 14.5
      vertex 71.927 2 11.8532
      vertex 71.4693 2 11.9631
    endloop
  endfacet
  facet normal 0 1 0
    outer loop
      vertex 75.5 2 14.5
      vertex 72.362 2 11.673
      vertex 71.927 2 11.8532
    endloop
  endfacet
  facet normal 0 1 0
    outer loop
      vertex 75.5 2 14.5
      vertex 72.7634 2 11.4271
      vertex 72.362 2 11.673
    endloop
  endfacet
  facet normal 0 1 0
    outer loop
      vertex 75.5 2 14.5
      vertex 73.1213 2 11.1213
      vertex 72.7634 2 11.4271
    endloop
  endfacet
  facet normal 0 1 0
    outer loop
      vertex 75.5 2 14.5
      vertex 73.427 2 10.7634
      vertex 73.1213 2 11.1213
    endloop
  endfacet
  facet normal 0 1 0
    outer loop
      vertex 75.5 2 14.5
      vertex 73.673 2 10.362
      vertex 73.427 2 10.7634
    endloop
  endfacet
  facet normal 0 1 0
    outer loop
      vertex 75.5 2 14.5
      vertex 73.8532 2 9.92705
      vertex 73.673 2 10.362
    endloop
  endfacet
  facet normal 0 1 0
    outer loop
      vertex 75.5 2 14.5
      vertex 73.9631 2 9.4693
      vertex 73.8532 2 9.92705
    endloop
  endfacet
  facet normal 0 1 0
    outer loop
      vertex 80 2 17
      vertex 74 2 9
      vertex 73.9631 2 9.4693
    endloop
  endfacet
  facet normal 0 1 -0
    outer loop
      vertex 80 2 0
      vertex 74 2 9
      vertex 80 2 17
    endloop
  endfacet
  facet normal 0 1 0
    outer loop
      vertex 74 2 9
      vertex 80 2 0
      vertex 73.9631 2 8.5307
    endloop
  endfacet
  facet normal 0 1 0
    outer loop
      vertex 73.9631 2 8.5307
      vertex 80 2 0
      vertex 73.8532 2 8.07295
    endloop
  endfacet
  facet normal 0 1 0
    outer loop
      vertex 73.8532 2 8.07295
      vertex 80 2 0
      vertex 73.673 2 7.63803
    endloop
  endfacet
  facet normal 0 1 0
    outer loop
      vertex 60.5 2 6.5
      vertex 80 2 0
      vertex 0 2 0
    endloop
  endfacet
  facet normal 0 1 0
    outer loop
      vertex 71.4693 2 6.03693
      vertex 80 2 0
      vertex 71 2 6
    endloop
  endfacet
  facet normal 0 1 0
    outer loop
      vertex 71.927 2 6.14683
      vertex 80 2 0
      vertex 71.4693 2 6.03693
    endloop
  endfacet
  facet normal 0 1 0
    outer loop
      vertex 72.362 2 6.32698
      vertex 80 2 0
      vertex 71.927 2 6.14683
    endloop
  endfacet
  facet normal 0 1 0
    outer loop
      vertex 72.7634 2 6.57295
      vertex 80 2 0
      vertex 72.362 2 6.32698
    endloop
  endfacet
  facet normal 0 1 0
    outer loop
      vertex 73.1213 2 6.87868
      vertex 80 2 0
      vertex 72.7634 2 6.57295
    endloop
  endfacet
  facet normal 0 1 0
    outer loop
      vertex 73.427 2 7.23664
      vertex 80 2 0
      vertex 73.1213 2 6.87868
    endloop
  endfacet
  facet normal 0 1 0
    outer loop
      vertex 73.673 2 7.63803
      vertex 80 2 0
      vertex 73.427 2 7.23664
    endloop
  endfacet
  facet normal 0 1 -0
    outer loop
      vertex 2.5 2 14.5
      vertex 0 2 17
      vertex 2.5 2 17
    endloop
  endfacet
  facet normal 0 1 -0
    outer loop
      vertex 14.5 2 12.5
      vertex 2.5 2 14.5
      vertex 60.5 2 12.5
    endloop
  endfacet
  facet normal 0 1 -0
    outer loop
      vertex 8.4693 2 11.9631
      vertex 2.5 2 14.5
      vertex 14.5 2 12.5
    endloop
  endfacet
  facet normal 0 1 -0
    outer loop
      vertex 7.5307 2 11.9631
      vertex 2.5 2 14.5
      vertex 8 2 12
    endloop
  endfacet
  facet normal 0 1 -0
    outer loop
      vertex 7.07295 2 11.8532
      vertex 2.5 2 14.5
      vertex 7.5307 2 11.9631
    endloop
  endfacet
  facet normal 0 1 -0
    outer loop
      vertex 6.63803 2 11.673
      vertex 2.5 2 14.5
      vertex 7.07295 2 11.8532
    endloop
  endfacet
  facet normal 0 1 -0
    outer loop
      vertex 6.23664 2 11.4271
      vertex 2.5 2 14.5
      vertex 6.63803 2 11.673
    endloop
  endfacet
  facet normal 0 1 -0
    outer loop
      vertex 5.87868 2 11.1213
      vertex 2.5 2 14.5
      vertex 6.23664 2 11.4271
    endloop
  endfacet
  facet normal 0 1 -0
    outer loop
      vertex 5.57295 2 10.7634
      vertex 2.5 2 14.5
      vertex 5.87868 2 11.1213
    endloop
  endfacet
  facet normal 0 1 -0
    outer loop
      vertex 5.32698 2 10.362
      vertex 2.5 2 14.5
      vertex 5.57295 2 10.7634
    endloop
  endfacet
  facet normal 0 1 -0
    outer loop
      vertex 5.14683 2 9.92705
      vertex 2.5 2 14.5
      vertex 5.32698 2 10.362
    endloop
  endfacet
  facet normal 0 1 -0
    outer loop
      vertex 5.03694 2 9.4693
      vertex 2.5 2 14.5
      vertex 5.14683 2 9.92705
    endloop
  endfacet
  facet normal 0 1 -0
    outer loop
      vertex 5 2 9
      vertex 2.5 2 14.5
      vertex 5.03694 2 9.4693
    endloop
  endfacet
  facet normal 0 1 0
    outer loop
      vertex 0 2 0
      vertex 2.5 2 14.5
      vertex 5 2 9
    endloop
  endfacet
  facet normal 0 1 0
    outer loop
      vertex 0 2 0
      vertex 5 2 9
      vertex 5.03694 2 8.5307
    endloop
  endfacet
  facet normal 0 1 0
    outer loop
      vertex 0 2 0
      vertex 5.03694 2 8.5307
      vertex 5.14683 2 8.07295
    endloop
  endfacet
  facet normal 0 1 0
    outer loop
      vertex 0 2 0
      vertex 5.14683 2 8.07295
      vertex 5.32698 2 7.63803
    endloop
  endfacet
  facet normal 0 1 0
    outer loop
      vertex 8.4693 2 6.03693
      vertex 0 2 0
      vertex 8 2 6
    endloop
  endfacet
  facet normal 0 1 0
    outer loop
      vertex 2.5 2 14.5
      vertex 0 2 0
      vertex 0 2 17
    endloop
  endfacet
  facet normal 0 1 0
    outer loop
      vertex 5.57295 2 7.23664
      vertex 0 2 0
      vertex 5.32698 2 7.63803
    endloop
  endfacet
  facet normal 0 1 0
    outer loop
      vertex 5.87868 2 6.87868
      vertex 0 2 0
      vertex 5.57295 2 7.23664
    endloop
  endfacet
  facet normal 0 1 0
    outer loop
      vertex 6.23664 2 6.57295
      vertex 0 2 0
      vertex 5.87868 2 6.87868
    endloop
  endfacet
  facet normal 0 1 0
    outer loop
      vertex 6.63803 2 6.32698
      vertex 0 2 0
      vertex 6.23664 2 6.57295
    endloop
  endfacet
  facet normal 0 1 0
    outer loop
      vertex 7.07295 2 6.14683
      vertex 0 2 0
      vertex 6.63803 2 6.32698
    endloop
  endfacet
  facet normal 0 1 0
    outer loop
      vertex 7.5307 2 6.03693
      vertex 0 2 0
      vertex 7.07295 2 6.14683
    endloop
  endfacet
  facet normal 0 1 0
    outer loop
      vertex 8 2 6
      vertex 0 2 0
      vertex 7.5307 2 6.03693
    endloop
  endfacet
  facet normal 0 1 -0
    outer loop
      vertex 65.5698 2 12.2161
      vertex 60.5 2 12.5
      vertex 66 2 12.25
    endloop
  endfacet
  facet normal 0 1 -0
    outer loop
      vertex 65.1502 2 12.1154
      vertex 60.5 2 12.5
      vertex 65.5698 2 12.2161
    endloop
  endfacet
  facet normal 0 1 -0
    outer loop
      vertex 64.7515 2 11.9503
      vertex 60.5 2 12.5
      vertex 65.1502 2 12.1154
    endloop
  endfacet
  facet normal 0 1 -0
    outer loop
      vertex 64.3836 2 11.7248
      vertex 60.5 2 12.5
      vertex 64.7515 2 11.9503
    endloop
  endfacet
  facet normal 0 1 -0
    outer loop
      vertex 64.0555 2 11.4445
      vertex 60.5 2 12.5
      vertex 64.3836 2 11.7248
    endloop
  endfacet
  facet normal 0 1 -0
    outer loop
      vertex 63.7752 2 11.1164
      vertex 60.5 2 12.5
      vertex 64.0555 2 11.4445
    endloop
  endfacet
  facet normal 0 1 -0
    outer loop
      vertex 63.5497 2 10.7485
      vertex 60.5 2 12.5
      vertex 63.7752 2 11.1164
    endloop
  endfacet
  facet normal 0 1 -0
    outer loop
      vertex 63.3846 2 10.3498
      vertex 60.5 2 12.5
      vertex 63.5497 2 10.7485
    endloop
  endfacet
  facet normal 0 1 -0
    outer loop
      vertex 63.2839 2 9.93019
      vertex 60.5 2 12.5
      vertex 63.3846 2 10.3498
    endloop
  endfacet
  facet normal 0 1 -0
    outer loop
      vertex 63.25 2 9.5
      vertex 60.5 2 12.5
      vertex 63.2839 2 9.93019
    endloop
  endfacet
  facet normal 0 1 0
    outer loop
      vertex 60.5 2 6.5
      vertex 63.25 2 9.5
      vertex 63.2839 2 9.06981
    endloop
  endfacet
  facet normal 0 1 0
    outer loop
      vertex 60.5 2 6.5
      vertex 63.2839 2 9.06981
      vertex 63.3846 2 8.6502
    endloop
  endfacet
  facet normal 0 1 0
    outer loop
      vertex 60.5 2 6.5
      vertex 63.3846 2 8.6502
      vertex 63.5497 2 8.25153
    endloop
  endfacet
  facet normal 0 1 0
    outer loop
      vertex 60.5 2 6.5
      vertex 63.5497 2 8.25153
      vertex 63.7752 2 7.88359
    endloop
  endfacet
  facet normal 0 1 0
    outer loop
      vertex 63.25 2 9.5
      vertex 60.5 2 6.5
      vertex 60.5 2 12.5
    endloop
  endfacet
  facet normal 0 1 0
    outer loop
      vertex 64.0555 2 7.55546
      vertex 60.5 2 6.5
      vertex 63.7752 2 7.88359
    endloop
  endfacet
  facet normal 0 1 0
    outer loop
      vertex 64.3836 2 7.2752
      vertex 60.5 2 6.5
      vertex 64.0555 2 7.55546
    endloop
  endfacet
  facet normal 0 1 0
    outer loop
      vertex 64.7515 2 7.04973
      vertex 60.5 2 6.5
      vertex 64.3836 2 7.2752
    endloop
  endfacet
  facet normal 0 1 0
    outer loop
      vertex 65.1502 2 6.88459
      vertex 60.5 2 6.5
      vertex 64.7515 2 7.04973
    endloop
  endfacet
  facet normal 0 1 0
    outer loop
      vertex 65.5698 2 6.78386
      vertex 60.5 2 6.5
      vertex 65.1502 2 6.88459
    endloop
  endfacet
  facet normal 0 1 0
    outer loop
      vertex 66 2 6.75
      vertex 60.5 2 6.5
      vertex 65.5698 2 6.78386
    endloop
  endfacet
  facet normal 0 1 0
    outer loop
      vertex 70.073 2 6.14683
      vertex 66.4302 2 6.78386
      vertex 69.638 2 6.32698
    endloop
  endfacet
  facet normal 0 1 0
    outer loop
      vertex 80 2 0
      vertex 66 2 6.75
      vertex 70.073 2 6.14683
    endloop
  endfacet
  facet normal 0 1 0
    outer loop
      vertex 66.4302 2 6.78386
      vertex 70.073 2 6.14683
      vertex 66 2 6.75
    endloop
  endfacet
  facet normal 0 1 0
    outer loop
      vertex 75.5 2 14.5
      vertex 70.5307 2 11.9631
      vertex 66.8498 2 12.1154
    endloop
  endfacet
  facet normal 0 1 -0
    outer loop
      vertex 70.073 2 11.8532
      vertex 66.8498 2 12.1154
      vertex 70.5307 2 11.9631
    endloop
  endfacet
  facet normal 0 1 0
    outer loop
      vertex 66.8498 2 12.1154
      vertex 70.073 2 11.8532
      vertex 67.2485 2 11.9503
    endloop
  endfacet
  facet normal 0 1 -0
    outer loop
      vertex 69.638 2 11.673
      vertex 67.2485 2 11.9503
      vertex 70.073 2 11.8532
    endloop
  endfacet
  facet normal 0 1 0
    outer loop
      vertex 67.2485 2 11.9503
      vertex 69.638 2 11.673
      vertex 67.6164 2 11.7248
    endloop
  endfacet
  facet normal 0 1 -0
    outer loop
      vertex 69.2366 2 11.4271
      vertex 67.6164 2 11.7248
      vertex 69.638 2 11.673
    endloop
  endfacet
  facet normal 0 1 0
    outer loop
      vertex 67.6164 2 11.7248
      vertex 69.2366 2 11.4271
      vertex 67.9445 2 11.4445
    endloop
  endfacet
  facet normal 0 1 -0
    outer loop
      vertex 68.8787 2 11.1213
      vertex 67.9445 2 11.4445
      vertex 69.2366 2 11.4271
    endloop
  endfacet
  facet normal 0 1 0
    outer loop
      vertex 68.8787 2 11.1213
      vertex 68.2248 2 11.1164
      vertex 67.9445 2 11.4445
    endloop
  endfacet
  facet normal 0 1 -0
    outer loop
      vertex 68.573 2 10.7634
      vertex 68.2248 2 11.1164
      vertex 68.8787 2 11.1213
    endloop
  endfacet
  facet normal 0 1 0
    outer loop
      vertex 68.573 2 10.7634
      vertex 68.4503 2 10.7485
      vertex 68.2248 2 11.1164
    endloop
  endfacet
  facet normal -0 1 0
    outer loop
      vertex 68.4503 2 10.7485
      vertex 68.573 2 10.7634
      vertex 68.4961 2 10.6379
    endloop
  endfacet
  facet normal 0 1 0
    outer loop
      vertex 66 2 11.5
      vertex 66 2 12.25
      vertex 66.4302 2 12.2161
    endloop
  endfacet
  facet normal 0 1 0
    outer loop
      vertex 66.3129 2 11.4754
      vertex 66.4302 2 12.2161
      vertex 66.8498 2 12.1154
    endloop
  endfacet
  facet normal 0 1 0
    outer loop
      vertex 66 2 12.25
      vertex 66 2 11.5
      vertex 65.5698 2 12.2161
    endloop
  endfacet
  facet normal 0 1 0
    outer loop
      vertex 66.618 2 11.4021
      vertex 66.8498 2 12.1154
      vertex 67.2485 2 11.9503
    endloop
  endfacet
  facet normal 0 1 -0
    outer loop
      vertex 65.6871 2 11.4754
      vertex 65.5698 2 12.2161
      vertex 66 2 11.5
    endloop
  endfacet
  facet normal 0 1 0
    outer loop
      vertex 66.908 2 11.282
      vertex 67.2485 2 11.9503
      vertex 67.6164 2 11.7248
    endloop
  endfacet
  facet normal 0 1 0
    outer loop
      vertex 65.5698 2 12.2161
      vertex 65.6871 2 11.4754
      vertex 65.1502 2 12.1154
    endloop
  endfacet
  facet normal 0 1 -0
    outer loop
      vertex 65.382 2 11.4021
      vertex 65.1502 2 12.1154
      vertex 65.6871 2 11.4754
    endloop
  endfacet
  facet normal 0 1 0
    outer loop
      vertex 66.4302 2 12.2161
      vertex 66.3129 2 11.4754
      vertex 66 2 11.5
    endloop
  endfacet
  facet normal 0 1 0
    outer loop
      vertex 67.1756 2 11.118
      vertex 67.6164 2 11.7248
      vertex 67.9445 2 11.4445
    endloop
  endfacet
  facet normal 0 1 0
    outer loop
      vertex 66.8498 2 12.1154
      vertex 66.618 2 11.4021
      vertex 66.3129 2 11.4754
    endloop
  endfacet
  facet normal 0 1 0
    outer loop
      vertex 67.2485 2 11.9503
      vertex 66.908 2 11.282
      vertex 66.618 2 11.4021
    endloop
  endfacet
  facet normal 0 1 0
    outer loop
      vertex 67.6164 2 11.7248
      vertex 67.1756 2 11.118
      vertex 66.908 2 11.282
    endloop
  endfacet
  facet normal 0 1 0
    outer loop
      vertex 67.4142 2 10.9142
      vertex 67.9445 2 11.4445
      vertex 68.2248 2 11.1164
    endloop
  endfacet
  facet normal 0 1 0
    outer loop
      vertex 67.9445 2 11.4445
      vertex 67.4142 2 10.9142
      vertex 67.1756 2 11.118
    endloop
  endfacet
  facet normal 0 1 0
    outer loop
      vertex 67.618 2 10.6756
      vertex 68.2248 2 11.1164
      vertex 68.4503 2 10.7485
    endloop
  endfacet
  facet normal 0 1 0
    outer loop
      vertex 68.2248 2 11.1164
      vertex 67.618 2 10.6756
      vertex 67.4142 2 10.9142
    endloop
  endfacet
  facet normal 0 1 0
    outer loop
      vertex 67.782 2 10.408
      vertex 68.4503 2 10.7485
      vertex 68.4961 2 10.6379
    endloop
  endfacet
  facet normal 0 1 0
    outer loop
      vertex 68.4503 2 10.7485
      vertex 67.782 2 10.408
      vertex 67.618 2 10.6756
    endloop
  endfacet
  facet normal 0 1 0
    outer loop
      vertex 67.9021 2 10.118
      vertex 68.4961 2 10.6379
      vertex 68.6154 2 10.3498
    endloop
  endfacet
  facet normal 0 1 0
    outer loop
      vertex 68.4961 2 10.6379
      vertex 67.9021 2 10.118
      vertex 67.782 2 10.408
    endloop
  endfacet
  facet normal 0 1 0
    outer loop
      vertex 68.7161 2 9.93019
      vertex 67.9021 2 10.118
      vertex 68.6154 2 10.3498
    endloop
  endfacet
  facet normal 0 1 0
    outer loop
      vertex 68.7161 2 9.93019
      vertex 67.9754 2 9.81287
      vertex 67.9021 2 10.118
    endloop
  endfacet
  facet normal 0 1 0
    outer loop
      vertex 68.75 2 9.5
      vertex 67.9754 2 9.81287
      vertex 68.7161 2 9.93019
    endloop
  endfacet
  facet normal 0 1 0
    outer loop
      vertex 68.75 2 9.5
      vertex 68 2 9.5
      vertex 67.9754 2 9.81287
    endloop
  endfacet
  facet normal 0 1 0
    outer loop
      vertex 68.75 2 9.5
      vertex 67.9754 2 9.18713
      vertex 68 2 9.5
    endloop
  endfacet
  facet normal 0 1 -0
    outer loop
      vertex 68.7161 2 9.06981
      vertex 67.9754 2 9.18713
      vertex 68.75 2 9.5
    endloop
  endfacet
  facet normal 0 1 0
    outer loop
      vertex 68.7161 2 9.06981
      vertex 67.9021 2 8.88197
      vertex 67.9754 2 9.18713
    endloop
  endfacet
  facet normal 0 1 -0
    outer loop
      vertex 68.6154 2 8.6502
      vertex 67.9021 2 8.88197
      vertex 68.7161 2 9.06981
    endloop
  endfacet
  facet normal 0 1 0
    outer loop
      vertex 68.6154 2 8.6502
      vertex 67.782 2 8.59202
      vertex 67.9021 2 8.88197
    endloop
  endfacet
  facet normal 0 1 -0
    outer loop
      vertex 68.4503 2 8.25153
      vertex 67.782 2 8.59202
      vertex 68.6154 2 8.6502
    endloop
  endfacet
  facet normal 0 1 0
    outer loop
      vertex 67.782 2 8.59202
      vertex 68.4503 2 8.25153
      vertex 67.618 2 8.32443
    endloop
  endfacet
  facet normal 0 1 -0
    outer loop
      vertex 68.2251 2 7.88405
      vertex 67.618 2 8.32443
      vertex 68.4503 2 8.25153
    endloop
  endfacet
  facet normal 0 1 -0
    outer loop
      vertex 68.2248 2 7.88359
      vertex 67.618 2 8.32443
      vertex 68.2251 2 7.88405
    endloop
  endfacet
  facet normal 0 1 0
    outer loop
      vertex 67.618 2 8.32443
      vertex 68.2248 2 7.88359
      vertex 67.4142 2 8.08579
    endloop
  endfacet
  facet normal 0 1 -0
    outer loop
      vertex 67.9445 2 7.55546
      vertex 67.4142 2 8.08579
      vertex 68.2248 2 7.88359
    endloop
  endfacet
  facet normal 0 1 0
    outer loop
      vertex 67.4142 2 8.08579
      vertex 67.9445 2 7.55546
      vertex 67.1756 2 7.88197
    endloop
  endfacet
  facet normal 0 1 -0
    outer loop
      vertex 67.6164 2 7.2752
      vertex 67.1756 2 7.88197
      vertex 67.9445 2 7.55546
    endloop
  endfacet
  facet normal 0 1 0
    outer loop
      vertex 67.1756 2 7.88197
      vertex 67.6164 2 7.2752
      vertex 66.908 2 7.71799
    endloop
  endfacet
  facet normal 0 1 -0
    outer loop
      vertex 67.2485 2 7.04973
      vertex 66.908 2 7.71799
      vertex 67.6164 2 7.2752
    endloop
  endfacet
  facet normal 0 1 0
    outer loop
      vertex 66.908 2 7.71799
      vertex 67.2485 2 7.04973
      vertex 66.618 2 7.59789
    endloop
  endfacet
  facet normal 0 1 -0
    outer loop
      vertex 66.8498 2 6.88459
      vertex 66.618 2 7.59789
      vertex 67.2485 2 7.04973
    endloop
  endfacet
  facet normal 0 1 0
    outer loop
      vertex 65.1502 2 12.1154
      vertex 65.382 2 11.4021
      vertex 64.7515 2 11.9503
    endloop
  endfacet
  facet normal 0 1 -0
    outer loop
      vertex 65.092 2 11.282
      vertex 64.7515 2 11.9503
      vertex 65.382 2 11.4021
    endloop
  endfacet
  facet normal 0 1 0
    outer loop
      vertex 64.7515 2 11.9503
      vertex 65.092 2 11.282
      vertex 64.3836 2 11.7248
    endloop
  endfacet
  facet normal 0 1 -0
    outer loop
      vertex 64.8244 2 11.118
      vertex 64.3836 2 11.7248
      vertex 65.092 2 11.282
    endloop
  endfacet
  facet normal 0 1 0
    outer loop
      vertex 64.3836 2 11.7248
      vertex 64.8244 2 11.118
      vertex 64.0555 2 11.4445
    endloop
  endfacet
  facet normal 0 1 -0
    outer loop
      vertex 64.5858 2 10.9142
      vertex 64.0555 2 11.4445
      vertex 64.8244 2 11.118
    endloop
  endfacet
  facet normal 0 1 0
    outer loop
      vertex 64.0555 2 11.4445
      vertex 64.5858 2 10.9142
      vertex 63.7752 2 11.1164
    endloop
  endfacet
  facet normal 0 1 -0
    outer loop
      vertex 64.382 2 10.6756
      vertex 63.7752 2 11.1164
      vertex 64.5858 2 10.9142
    endloop
  endfacet
  facet normal 0 1 0
    outer loop
      vertex 63.7752 2 11.1164
      vertex 64.382 2 10.6756
      vertex 63.5497 2 10.7485
    endloop
  endfacet
  facet normal 0 1 -0
    outer loop
      vertex 64.218 2 10.408
      vertex 63.5497 2 10.7485
      vertex 64.382 2 10.6756
    endloop
  endfacet
  facet normal 0 1 0
    outer loop
      vertex 64.218 2 10.408
      vertex 63.3846 2 10.3498
      vertex 63.5497 2 10.7485
    endloop
  endfacet
  facet normal 0 1 -0
    outer loop
      vertex 64.0979 2 10.118
      vertex 63.3846 2 10.3498
      vertex 64.218 2 10.408
    endloop
  endfacet
  facet normal 0 1 0
    outer loop
      vertex 64.0979 2 10.118
      vertex 63.2839 2 9.93019
      vertex 63.3846 2 10.3498
    endloop
  endfacet
  facet normal 0 1 -0
    outer loop
      vertex 64.0246 2 9.81287
      vertex 63.2839 2 9.93019
      vertex 64.0979 2 10.118
    endloop
  endfacet
  facet normal 0 1 -0
    outer loop
      vertex 64 2 9.5
      vertex 63.2839 2 9.93019
      vertex 64.0246 2 9.81287
    endloop
  endfacet
  facet normal 0 1 0
    outer loop
      vertex 64 2 9.5
      vertex 63.25 2 9.5
      vertex 63.2839 2 9.93019
    endloop
  endfacet
  facet normal 0 1 0
    outer loop
      vertex 64.0246 2 9.18713
      vertex 63.25 2 9.5
      vertex 64 2 9.5
    endloop
  endfacet
  facet normal 0 1 0
    outer loop
      vertex 64.0246 2 9.18713
      vertex 63.2839 2 9.06981
      vertex 63.25 2 9.5
    endloop
  endfacet
  facet normal 0 1 0
    outer loop
      vertex 64.0979 2 8.88197
      vertex 63.2839 2 9.06981
      vertex 64.0246 2 9.18713
    endloop
  endfacet
  facet normal 0 1 0
    outer loop
      vertex 64.0979 2 8.88197
      vertex 63.3846 2 8.6502
      vertex 63.2839 2 9.06981
    endloop
  endfacet
  facet normal 0 1 0
    outer loop
      vertex 64.218 2 8.59202
      vertex 63.3846 2 8.6502
      vertex 64.0979 2 8.88197
    endloop
  endfacet
  facet normal 0 1 0
    outer loop
      vertex 63.5497 2 8.25153
      vertex 64.218 2 8.59202
      vertex 64.382 2 8.32443
    endloop
  endfacet
  facet normal 0 1 0
    outer loop
      vertex 64.218 2 8.59202
      vertex 63.5497 2 8.25153
      vertex 63.3846 2 8.6502
    endloop
  endfacet
  facet normal 0 1 0
    outer loop
      vertex 63.7752 2 7.88359
      vertex 64.382 2 8.32443
      vertex 64.5858 2 8.08579
    endloop
  endfacet
  facet normal 0 1 0
    outer loop
      vertex 64.382 2 8.32443
      vertex 63.7752 2 7.88359
      vertex 63.5497 2 8.25153
    endloop
  endfacet
  facet normal 0 1 0
    outer loop
      vertex 64.0555 2 7.55546
      vertex 64.5858 2 8.08579
      vertex 64.8244 2 7.88197
    endloop
  endfacet
  facet normal 0 1 0
    outer loop
      vertex 64.3836 2 7.2752
      vertex 64.8244 2 7.88197
      vertex 65.092 2 7.71799
    endloop
  endfacet
  facet normal 0 1 0
    outer loop
      vertex 64.7515 2 7.04973
      vertex 65.092 2 7.71799
      vertex 65.382 2 7.59789
    endloop
  endfacet
  facet normal 0 1 0
    outer loop
      vertex 64.5858 2 8.08579
      vertex 64.0555 2 7.55546
      vertex 63.7752 2 7.88359
    endloop
  endfacet
  facet normal 0 1 0
    outer loop
      vertex 65.1502 2 6.88459
      vertex 65.382 2 7.59789
      vertex 65.6871 2 7.52462
    endloop
  endfacet
  facet normal 0 1 0
    outer loop
      vertex 65.5698 2 6.78386
      vertex 65.6871 2 7.52462
      vertex 66 2 7.5
    endloop
  endfacet
  facet normal 0 1 0
    outer loop
      vertex 66.618 2 7.59789
      vertex 66.8498 2 6.88459
      vertex 66.3129 2 7.52462
    endloop
  endfacet
  facet normal 0 1 0
    outer loop
      vertex 64.8244 2 7.88197
      vertex 64.3836 2 7.2752
      vertex 64.0555 2 7.55546
    endloop
  endfacet
  facet normal 0 1 -0
    outer loop
      vertex 66.4302 2 6.78386
      vertex 66.3129 2 7.52462
      vertex 66.8498 2 6.88459
    endloop
  endfacet
  facet normal 0 1 0
    outer loop
      vertex 65.092 2 7.71799
      vertex 64.7515 2 7.04973
      vertex 64.3836 2 7.2752
    endloop
  endfacet
  facet normal 0 1 0
    outer loop
      vertex 66.3129 2 7.52462
      vertex 66.4302 2 6.78386
      vertex 66 2 7.5
    endloop
  endfacet
  facet normal 0 1 0
    outer loop
      vertex 65.382 2 7.59789
      vertex 65.1502 2 6.88459
      vertex 64.7515 2 7.04973
    endloop
  endfacet
  facet normal 0 1 0
    outer loop
      vertex 66 2 6.75
      vertex 66 2 7.5
      vertex 66.4302 2 6.78386
    endloop
  endfacet
  facet normal 0 1 0
    outer loop
      vertex 65.6871 2 7.52462
      vertex 65.5698 2 6.78386
      vertex 65.1502 2 6.88459
    endloop
  endfacet
  facet normal 0 1 0
    outer loop
      vertex 66 2 7.5
      vertex 66 2 6.75
      vertex 65.5698 2 6.78386
    endloop
  endfacet
  facet normal 0.972368 0 -0.233453
    outer loop
      vertex 73.9631 2 8.5307
      vertex 73.8532 5 8.07295
      vertex 73.9631 5 8.5307
    endloop
  endfacet
  facet normal 0.972368 0 -0.233453
    outer loop
      vertex 73.8532 5 8.07295
      vertex 73.9631 2 8.5307
      vertex 73.8532 2 8.07295
    endloop
  endfacet
  facet normal 0 1 0
    outer loop
      vertex 71 5 10.3
      vertex 71 5 12
      vertex 71.4693 5 11.9631
    endloop
  endfacet
  facet normal 0 1 0
    outer loop
      vertex 71.2034 5 10.284
      vertex 71.4693 5 11.9631
      vertex 71.927 5 11.8532
    endloop
  endfacet
  facet normal 0 1 0
    outer loop
      vertex 71 5 12
      vertex 71 5 10.3
      vertex 70.5307 5 11.9631
    endloop
  endfacet
  facet normal 0 1 0
    outer loop
      vertex 71.4017 5 10.2364
      vertex 71.927 5 11.8532
      vertex 72.362 5 11.673
    endloop
  endfacet
  facet normal 0 1 -0
    outer loop
      vertex 70.7966 5 10.284
      vertex 70.5307 5 11.9631
      vertex 71 5 10.3
    endloop
  endfacet
  facet normal 0 1 0
    outer loop
      vertex 71.5902 5 10.1583
      vertex 72.362 5 11.673
      vertex 72.7634 5 11.4271
    endloop
  endfacet
  facet normal 0 1 0
    outer loop
      vertex 70.5307 5 11.9631
      vertex 70.7966 5 10.284
      vertex 70.073 5 11.8532
    endloop
  endfacet
  facet normal 0 1 0
    outer loop
      vertex 71.7641 5 10.0517
      vertex 72.7634 5 11.4271
      vertex 73.1213 5 11.1213
    endloop
  endfacet
  facet normal 0 1 -0
    outer loop
      vertex 70.5983 5 10.2364
      vertex 70.073 5 11.8532
      vertex 70.7966 5 10.284
    endloop
  endfacet
  facet normal 0 1 0
    outer loop
      vertex 71.9192 5 9.91924
      vertex 73.1213 5 11.1213
      vertex 73.427 5 10.7634
    endloop
  endfacet
  facet normal 0 1 0
    outer loop
      vertex 70.073 5 11.8532
      vertex 70.5983 5 10.2364
      vertex 69.638 5 11.673
    endloop
  endfacet
  facet normal 0 1 -0
    outer loop
      vertex 70.4098 5 10.1583
      vertex 69.638 5 11.673
      vertex 70.5983 5 10.2364
    endloop
  endfacet
  facet normal 0 1 0
    outer loop
      vertex 72.0517 5 9.76412
      vertex 73.427 5 10.7634
      vertex 73.673 5 10.362
    endloop
  endfacet
  facet normal 0 1 0
    outer loop
      vertex 69.638 5 11.673
      vertex 70.4098 5 10.1583
      vertex 69.2366 5 11.4271
    endloop
  endfacet
  facet normal 0 1 -0
    outer loop
      vertex 70.2359 5 10.0517
      vertex 69.2366 5 11.4271
      vertex 70.4098 5 10.1583
    endloop
  endfacet
  facet normal 0 1 0
    outer loop
      vertex 71.4693 5 11.9631
      vertex 71.2034 5 10.284
      vertex 71 5 10.3
    endloop
  endfacet
  facet normal 0 1 0
    outer loop
      vertex 71.927 5 11.8532
      vertex 71.4017 5 10.2364
      vertex 71.2034 5 10.284
    endloop
  endfacet
  facet normal 0 1 0
    outer loop
      vertex 72.362 5 11.673
      vertex 71.5902 5 10.1583
      vertex 71.4017 5 10.2364
    endloop
  endfacet
  facet normal 0 1 0
    outer loop
      vertex 72.7634 5 11.4271
      vertex 71.7641 5 10.0517
      vertex 71.5902 5 10.1583
    endloop
  endfacet
  facet normal 0 1 0
    outer loop
      vertex 72.1583 5 9.59019
      vertex 73.673 5 10.362
      vertex 73.8532 5 9.92705
    endloop
  endfacet
  facet normal 0 1 0
    outer loop
      vertex 73.1213 5 11.1213
      vertex 71.9192 5 9.91924
      vertex 71.7641 5 10.0517
    endloop
  endfacet
  facet normal 0 1 0
    outer loop
      vertex 73.427 5 10.7634
      vertex 72.0517 5 9.76412
      vertex 71.9192 5 9.91924
    endloop
  endfacet
  facet normal 0 1 0
    outer loop
      vertex 73.673 5 10.362
      vertex 72.1583 5 9.59019
      vertex 72.0517 5 9.76412
    endloop
  endfacet
  facet normal 0 1 0
    outer loop
      vertex 72.2364 5 9.40172
      vertex 73.8532 5 9.92705
      vertex 73.9631 5 9.4693
    endloop
  endfacet
  facet normal 0 1 0
    outer loop
      vertex 73.8532 5 9.92705
      vertex 72.2364 5 9.40172
      vertex 72.1583 5 9.59019
    endloop
  endfacet
  facet normal 0 1 0
    outer loop
      vertex 73.9631 5 9.4693
      vertex 72.284 5 9.20336
      vertex 72.2364 5 9.40172
    endloop
  endfacet
  facet normal 0 1 0
    outer loop
      vertex 74 5 9
      vertex 72.284 5 9.20336
      vertex 73.9631 5 9.4693
    endloop
  endfacet
  facet normal 0 1 0
    outer loop
      vertex 74 5 9
      vertex 72.3 5 9
      vertex 72.284 5 9.20336
    endloop
  endfacet
  facet normal 0 1 0
    outer loop
      vertex 74 5 9
      vertex 72.284 5 8.79664
      vertex 72.3 5 9
    endloop
  endfacet
  facet normal 0 1 -0
    outer loop
      vertex 73.9631 5 8.5307
      vertex 72.284 5 8.79664
      vertex 74 5 9
    endloop
  endfacet
  facet normal 0 1 0
    outer loop
      vertex 72.284 5 8.79664
      vertex 73.9631 5 8.5307
      vertex 72.2364 5 8.59828
    endloop
  endfacet
  facet normal 0 1 -0
    outer loop
      vertex 73.8532 5 8.07295
      vertex 72.2364 5 8.59828
      vertex 73.9631 5 8.5307
    endloop
  endfacet
  facet normal 0 1 0
    outer loop
      vertex 72.2364 5 8.59828
      vertex 73.8532 5 8.07295
      vertex 72.1583 5 8.40981
    endloop
  endfacet
  facet normal 0 1 -0
    outer loop
      vertex 73.673 5 7.63803
      vertex 72.1583 5 8.40981
      vertex 73.8532 5 8.07295
    endloop
  endfacet
  facet normal 0 1 0
    outer loop
      vertex 72.1583 5 8.40981
      vertex 73.673 5 7.63803
      vertex 72.0517 5 8.23588
    endloop
  endfacet
  facet normal 0 1 -0
    outer loop
      vertex 73.427 5 7.23664
      vertex 72.0517 5 8.23588
      vertex 73.673 5 7.63803
    endloop
  endfacet
  facet normal 0 1 0
    outer loop
      vertex 72.0517 5 8.23588
      vertex 73.427 5 7.23664
      vertex 71.9192 5 8.08076
    endloop
  endfacet
  facet normal 0 1 -0
    outer loop
      vertex 73.1213 5 6.87868
      vertex 71.9192 5 8.08076
      vertex 73.427 5 7.23664
    endloop
  endfacet
  facet normal 0 1 0
    outer loop
      vertex 71.9192 5 8.08076
      vertex 73.1213 5 6.87868
      vertex 71.7641 5 7.94828
    endloop
  endfacet
  facet normal 0 1 0
    outer loop
      vertex 71.7641 5 7.94828
      vertex 72.7634 5 6.57295
      vertex 71.5902 5 7.84169
    endloop
  endfacet
  facet normal 0 1 -0
    outer loop
      vertex 72.7634 5 6.57295
      vertex 71.7641 5 7.94828
      vertex 73.1213 5 6.87868
    endloop
  endfacet
  facet normal 0 1 0
    outer loop
      vertex 69.2366 5 11.4271
      vertex 70.2359 5 10.0517
      vertex 68.8787 5 11.1213
    endloop
  endfacet
  facet normal 0 1 -0
    outer loop
      vertex 70.0808 5 9.91924
      vertex 68.8787 5 11.1213
      vertex 70.2359 5 10.0517
    endloop
  endfacet
  facet normal -0 1 0
    outer loop
      vertex 68.6154 5 10.3498
      vertex 68.8787 5 11.1213
      vertex 70.0808 5 9.91924
    endloop
  endfacet
  facet normal 0 1 0
    outer loop
      vertex 68.573 5 10.7634
      vertex 68.6154 5 10.3498
      vertex 68.4961 5 10.6379
    endloop
  endfacet
  facet normal 0 1 0
    outer loop
      vertex 68.8787 5 11.1213
      vertex 68.6154 5 10.3498
      vertex 68.573 5 10.7634
    endloop
  endfacet
  facet normal 0 1 -0
    outer loop
      vertex 69.9483 5 9.76412
      vertex 68.6154 5 10.3498
      vertex 70.0808 5 9.91924
    endloop
  endfacet
  facet normal 0 1 0
    outer loop
      vertex 68.6154 5 10.3498
      vertex 69.9483 5 9.76412
      vertex 68.7161 5 9.93019
    endloop
  endfacet
  facet normal 0 1 -0
    outer loop
      vertex 69.8417 5 9.59019
      vertex 68.7161 5 9.93019
      vertex 69.9483 5 9.76412
    endloop
  endfacet
  facet normal 0 1 0
    outer loop
      vertex 69.8417 5 9.59019
      vertex 68.75 5 9.5
      vertex 68.7161 5 9.93019
    endloop
  endfacet
  facet normal 0 1 -0
    outer loop
      vertex 69.7636 5 9.40172
      vertex 68.75 5 9.5
      vertex 69.8417 5 9.59019
    endloop
  endfacet
  facet normal 0 1 -0
    outer loop
      vertex 69.716 5 9.20336
      vertex 68.75 5 9.5
      vertex 69.7636 5 9.40172
    endloop
  endfacet
  facet normal 0 1 0
    outer loop
      vertex 69.716 5 9.20336
      vertex 68.7161 5 9.06981
      vertex 68.75 5 9.5
    endloop
  endfacet
  facet normal 0 1 -0
    outer loop
      vertex 69.7 5 9
      vertex 68.7161 5 9.06981
      vertex 69.716 5 9.20336
    endloop
  endfacet
  facet normal 0 1 0
    outer loop
      vertex 69.716 5 8.79664
      vertex 68.7161 5 9.06981
      vertex 69.7 5 9
    endloop
  endfacet
  facet normal 0 1 0
    outer loop
      vertex 69.716 5 8.79664
      vertex 68.6154 5 8.6502
      vertex 68.7161 5 9.06981
    endloop
  endfacet
  facet normal 0 1 0
    outer loop
      vertex 69.7636 5 8.59828
      vertex 68.6154 5 8.6502
      vertex 69.716 5 8.79664
    endloop
  endfacet
  facet normal 0 1 0
    outer loop
      vertex 69.8417 5 8.40981
      vertex 68.6154 5 8.6502
      vertex 69.7636 5 8.59828
    endloop
  endfacet
  facet normal 0 1 0
    outer loop
      vertex 69.8417 5 8.40981
      vertex 68.4503 5 8.25153
      vertex 68.6154 5 8.6502
    endloop
  endfacet
  facet normal 0 1 0
    outer loop
      vertex 69.9483 5 8.23588
      vertex 68.4503 5 8.25153
      vertex 69.8417 5 8.40981
    endloop
  endfacet
  facet normal 0 1 0
    outer loop
      vertex 68.573 5 7.23664
      vertex 69.9483 5 8.23588
      vertex 70.0808 5 8.08076
    endloop
  endfacet
  facet normal 0 1 0
    outer loop
      vertex 68.8787 5 6.87868
      vertex 70.0808 5 8.08076
      vertex 70.2359 5 7.94828
    endloop
  endfacet
  facet normal 0 1 0
    outer loop
      vertex 69.9483 5 8.23588
      vertex 68.573 5 7.23664
      vertex 68.4503 5 8.25153
    endloop
  endfacet
  facet normal 0 1 0
    outer loop
      vertex 69.2366 5 6.57295
      vertex 70.2359 5 7.94828
      vertex 70.4098 5 7.84169
    endloop
  endfacet
  facet normal 0 1 0
    outer loop
      vertex 69.638 5 6.32698
      vertex 70.4098 5 7.84169
      vertex 70.5983 5 7.76363
    endloop
  endfacet
  facet normal 0 1 0
    outer loop
      vertex 70.073 5 6.14683
      vertex 70.5983 5 7.76363
      vertex 70.7966 5 7.71601
    endloop
  endfacet
  facet normal 0 1 0
    outer loop
      vertex 70.5307 5 6.03693
      vertex 70.7966 5 7.71601
      vertex 71 5 7.7
    endloop
  endfacet
  facet normal 0 1 0
    outer loop
      vertex 68.4503 5 8.25153
      vertex 68.327 5 7.63803
      vertex 68.2251 5 7.88405
    endloop
  endfacet
  facet normal 0 1 -0
    outer loop
      vertex 72.362 5 6.32698
      vertex 71.5902 5 7.84169
      vertex 72.7634 5 6.57295
    endloop
  endfacet
  facet normal 0 1 0
    outer loop
      vertex 71.5902 5 7.84169
      vertex 72.362 5 6.32698
      vertex 71.4017 5 7.76363
    endloop
  endfacet
  facet normal 0 1 0
    outer loop
      vertex 68.4503 5 8.25153
      vertex 68.573 5 7.23664
      vertex 68.327 5 7.63803
    endloop
  endfacet
  facet normal 0 1 -0
    outer loop
      vertex 71.927 5 6.14683
      vertex 71.4017 5 7.76363
      vertex 72.362 5 6.32698
    endloop
  endfacet
  facet normal 0 1 0
    outer loop
      vertex 70.0808 5 8.08076
      vertex 68.8787 5 6.87868
      vertex 68.573 5 7.23664
    endloop
  endfacet
  facet normal 0 1 0
    outer loop
      vertex 71.4017 5 7.76363
      vertex 71.927 5 6.14683
      vertex 71.2034 5 7.71601
    endloop
  endfacet
  facet normal 0 1 0
    outer loop
      vertex 70.2359 5 7.94828
      vertex 69.2366 5 6.57295
      vertex 68.8787 5 6.87868
    endloop
  endfacet
  facet normal 0 1 -0
    outer loop
      vertex 71.4693 5 6.03693
      vertex 71.2034 5 7.71601
      vertex 71.927 5 6.14683
    endloop
  endfacet
  facet normal 0 1 0
    outer loop
      vertex 70.4098 5 7.84169
      vertex 69.638 5 6.32698
      vertex 69.2366 5 6.57295
    endloop
  endfacet
  facet normal 0 1 0
    outer loop
      vertex 71.2034 5 7.71601
      vertex 71.4693 5 6.03693
      vertex 71 5 7.7
    endloop
  endfacet
  facet normal 0 1 0
    outer loop
      vertex 70.5983 5 7.76363
      vertex 70.073 5 6.14683
      vertex 69.638 5 6.32698
    endloop
  endfacet
  facet normal 0 1 0
    outer loop
      vertex 71 5 6
      vertex 71 5 7.7
      vertex 71.4693 5 6.03693
    endloop
  endfacet
  facet normal 0 1 0
    outer loop
      vertex 70.7966 5 7.71601
      vertex 70.5307 5 6.03693
      vertex 70.073 5 6.14683
    endloop
  endfacet
  facet normal 0 1 0
    outer loop
      vertex 71 5 7.7
      vertex 71 5 6
      vertex 70.5307 5 6.03693
    endloop
  endfacet
  facet normal 0.76038 -0 0.649478
    outer loop
      vertex 73.1213 2 11.1213
      vertex 73.427 5 10.7634
      vertex 73.1213 5 11.1213
    endloop
  endfacet
  facet normal 0.76038 0 0.649478
    outer loop
      vertex 73.427 5 10.7634
      vertex 73.1213 2 11.1213
      vertex 73.427 2 10.7634
    endloop
  endfacet
  facet normal 0.852614 0 -0.522542
    outer loop
      vertex 73.673 2 7.63803
      vertex 73.427 5 7.23664
      vertex 73.673 5 7.63803
    endloop
  endfacet
  facet normal 0.852614 0 -0.522542
    outer loop
      vertex 73.427 5 7.23664
      vertex 73.673 2 7.63803
      vertex 73.427 2 7.23664
    endloop
  endfacet
  facet normal 0.233453 0 0.972368
    outer loop
      vertex 8.4693 5 11.9631
      vertex 8.92705 2 11.8532
      vertex 8.92705 5 11.8532
    endloop
  endfacet
  facet normal 0.233453 0 0.972368
    outer loop
      vertex 8.92705 2 11.8532
      vertex 8.4693 5 11.9631
      vertex 8.4693 2 11.9631
    endloop
  endfacet
  facet normal -0.972373 0 -0.233433
    outer loop
      vertex 5.14683 2 8.07295
      vertex 5.03694 5 8.5307
      vertex 5.14683 5 8.07295
    endloop
  endfacet
  facet normal -0.972373 -0 -0.233433
    outer loop
      vertex 5.03694 5 8.5307
      vertex 5.14683 2 8.07295
      vertex 5.03694 2 8.5307
    endloop
  endfacet
  facet normal -0.996916 0 -0.0784703
    outer loop
      vertex 5.03694 2 8.5307
      vertex 5 5 9
      vertex 5.03694 5 8.5307
    endloop
  endfacet
  facet normal -0.996916 -0 -0.0784703
    outer loop
      vertex 5 5 9
      vertex 5.03694 2 8.5307
      vertex 5 2 9
    endloop
  endfacet
  facet normal -0.923879 0 -0.382684
    outer loop
      vertex 5.32698 2 7.63803
      vertex 5.14683 5 8.07295
      vertex 5.32698 5 7.63803
    endloop
  endfacet
  facet normal -0.923879 -0 -0.382684
    outer loop
      vertex 5.14683 5 8.07295
      vertex 5.32698 2 7.63803
      vertex 5.14683 2 8.07295
    endloop
  endfacet
  facet normal 0.233453 0 -0.972368
    outer loop
      vertex 8.4693 2 6.03693
      vertex 8.92705 5 6.14683
      vertex 8.92705 2 6.14683
    endloop
  endfacet
  facet normal 0.233453 0 -0.972368
    outer loop
      vertex 8.92705 5 6.14683
      vertex 8.4693 2 6.03693
      vertex 8.4693 5 6.03693
    endloop
  endfacet
  facet normal -0.233453 0 0.972368
    outer loop
      vertex 7.07295 5 11.8532
      vertex 7.5307 2 11.9631
      vertex 7.5307 5 11.9631
    endloop
  endfacet
  facet normal -0.233453 0 0.972368
    outer loop
      vertex 7.5307 2 11.9631
      vertex 7.07295 5 11.8532
      vertex 7.07295 2 11.8532
    endloop
  endfacet
  facet normal 0.852714 -0 0.522378
    outer loop
      vertex 10.4271 2 10.7634
      vertex 10.673 5 10.362
      vertex 10.4271 5 10.7634
    endloop
  endfacet
  facet normal 0.852714 0 0.522378
    outer loop
      vertex 10.673 5 10.362
      vertex 10.4271 2 10.7634
      vertex 10.673 2 10.362
    endloop
  endfacet
  facet normal 0.382684 0 -0.923879
    outer loop
      vertex 8.92705 2 6.14683
      vertex 9.36197 5 6.32698
      vertex 9.36197 2 6.32698
    endloop
  endfacet
  facet normal 0.382684 0 -0.923879
    outer loop
      vertex 9.36197 5 6.32698
      vertex 8.92705 2 6.14683
      vertex 8.92705 5 6.14683
    endloop
  endfacet
  facet normal -0.649538 0 0.760329
    outer loop
      vertex 5.87868 5 11.1213
      vertex 6.23664 2 11.4271
      vertex 6.23664 5 11.4271
    endloop
  endfacet
  facet normal -0.649538 0 0.760329
    outer loop
      vertex 6.23664 2 11.4271
      vertex 5.87868 5 11.1213
      vertex 5.87868 2 11.1213
    endloop
  endfacet
  facet normal 0.0783858 0 0.996923
    outer loop
      vertex 8 5 12
      vertex 8.4693 2 11.9631
      vertex 8.4693 5 11.9631
    endloop
  endfacet
  facet normal 0.0783858 0 0.996923
    outer loop
      vertex 8.4693 2 11.9631
      vertex 8 5 12
      vertex 8 2 12
    endloop
  endfacet
  facet normal -0.996916 0 0.0784703
    outer loop
      vertex 5 2 9
      vertex 5.03694 5 9.4693
      vertex 5 5 9
    endloop
  endfacet
  facet normal -0.996916 0 0.0784703
    outer loop
      vertex 5.03694 5 9.4693
      vertex 5 2 9
      vertex 5.03694 2 9.4693
    endloop
  endfacet
  facet normal -0.852648 0 0.522486
    outer loop
      vertex 5.32698 2 10.362
      vertex 5.57295 5 10.7634
      vertex 5.32698 5 10.362
    endloop
  endfacet
  facet normal -0.852648 0 0.522486
    outer loop
      vertex 5.57295 5 10.7634
      vertex 5.32698 2 10.362
      vertex 5.57295 2 10.7634
    endloop
  endfacet
  facet normal 0.649473 0 -0.760385
    outer loop
      vertex 9.76336 2 6.57295
      vertex 10.1213 5 6.87868
      vertex 10.1213 2 6.87868
    endloop
  endfacet
  facet normal 0.649473 0 -0.760385
    outer loop
      vertex 10.1213 5 6.87868
      vertex 9.76336 2 6.57295
      vertex 9.76336 5 6.57295
    endloop
  endfacet
  facet normal -0.382684 0 -0.923879
    outer loop
      vertex 6.63803 2 6.32698
      vertex 7.07295 5 6.14683
      vertex 7.07295 2 6.14683
    endloop
  endfacet
  facet normal -0.382684 0 -0.923879
    outer loop
      vertex 7.07295 5 6.14683
      vertex 6.63803 2 6.32698
      vertex 6.63803 5 6.32698
    endloop
  endfacet
  facet normal 0.649559 0 0.760311
    outer loop
      vertex 9.76336 5 11.4271
      vertex 10.1213 2 11.1213
      vertex 10.1213 5 11.1213
    endloop
  endfacet
  facet normal 0.649559 0 0.760311
    outer loop
      vertex 10.1213 2 11.1213
      vertex 9.76336 5 11.4271
      vertex 9.76336 2 11.4271
    endloop
  endfacet
  facet normal -0.972373 0 0.233433
    outer loop
      vertex 5.03694 2 9.4693
      vertex 5.14683 5 9.92705
      vertex 5.03694 5 9.4693
    endloop
  endfacet
  facet normal -0.972373 0 0.233433
    outer loop
      vertex 5.14683 5 9.92705
      vertex 5.03694 2 9.4693
      vertex 5.14683 2 9.92705
    endloop
  endfacet
  facet normal -0.760349 0 0.649515
    outer loop
      vertex 5.57295 2 10.7634
      vertex 5.87868 5 11.1213
      vertex 5.57295 5 10.7634
    endloop
  endfacet
  facet normal -0.760349 0 0.649515
    outer loop
      vertex 5.87868 5 11.1213
      vertex 5.57295 2 10.7634
      vertex 5.87868 2 11.1213
    endloop
  endfacet
  facet normal 0.923851 -0 0.382752
    outer loop
      vertex 10.673 2 10.362
      vertex 10.8532 5 9.92705
      vertex 10.673 5 10.362
    endloop
  endfacet
  facet normal 0.923851 0 0.382752
    outer loop
      vertex 10.8532 5 9.92705
      vertex 10.673 2 10.362
      vertex 10.8532 2 9.92705
    endloop
  endfacet
  facet normal 0.996923 0 -0.0783858
    outer loop
      vertex 11 2 9
      vertex 10.9631 5 8.5307
      vertex 11 5 9
    endloop
  endfacet
  facet normal 0.996923 0 -0.0783858
    outer loop
      vertex 10.9631 5 8.5307
      vertex 11 2 9
      vertex 10.9631 2 8.5307
    endloop
  endfacet
  facet normal -0.382775 0 0.923842
    outer loop
      vertex 6.63803 5 11.673
      vertex 7.07295 2 11.8532
      vertex 7.07295 5 11.8532
    endloop
  endfacet
  facet normal -0.382775 0 0.923842
    outer loop
      vertex 7.07295 2 11.8532
      vertex 6.63803 5 11.673
      vertex 6.63803 2 11.673
    endloop
  endfacet
  facet normal -0.0783858 0 0.996923
    outer loop
      vertex 7.5307 5 11.9631
      vertex 8 2 12
      vertex 8 5 12
    endloop
  endfacet
  facet normal -0.0783858 0 0.996923
    outer loop
      vertex 8 2 12
      vertex 7.5307 5 11.9631
      vertex 7.5307 2 11.9631
    endloop
  endfacet
  facet normal 0.760329 0 -0.649538
    outer loop
      vertex 10.4271 2 7.23664
      vertex 10.1213 5 6.87868
      vertex 10.4271 5 7.23664
    endloop
  endfacet
  facet normal 0.760329 0 -0.649538
    outer loop
      vertex 10.1213 5 6.87868
      vertex 10.4271 2 7.23664
      vertex 10.1213 2 6.87868
    endloop
  endfacet
  facet normal -0.923889 0 0.382661
    outer loop
      vertex 5.14683 2 9.92705
      vertex 5.32698 5 10.362
      vertex 5.14683 5 9.92705
    endloop
  endfacet
  facet normal -0.923889 0 0.382661
    outer loop
      vertex 5.32698 5 10.362
      vertex 5.14683 2 9.92705
      vertex 5.32698 2 10.362
    endloop
  endfacet
  facet normal 0.522495 0 -0.852642
    outer loop
      vertex 9.36197 2 6.32698
      vertex 9.76336 5 6.57295
      vertex 9.76336 2 6.57295
    endloop
  endfacet
  facet normal 0.522495 0 -0.852642
    outer loop
      vertex 9.76336 5 6.57295
      vertex 9.36197 2 6.32698
      vertex 9.36197 5 6.32698
    endloop
  endfacet
  facet normal -0.852642 0 -0.522495
    outer loop
      vertex 5.57295 2 7.23664
      vertex 5.32698 5 7.63803
      vertex 5.57295 5 7.23664
    endloop
  endfacet
  facet normal -0.852642 -0 -0.522495
    outer loop
      vertex 5.32698 5 7.63803
      vertex 5.57295 2 7.23664
      vertex 5.32698 2 7.63803
    endloop
  endfacet
  facet normal 0.382775 0 0.923842
    outer loop
      vertex 8.92705 5 11.8532
      vertex 9.36197 2 11.673
      vertex 9.36197 5 11.673
    endloop
  endfacet
  facet normal 0.382775 0 0.923842
    outer loop
      vertex 9.36197 2 11.673
      vertex 8.92705 5 11.8532
      vertex 8.92705 2 11.8532
    endloop
  endfacet
  facet normal -0.760403 0 -0.649452
    outer loop
      vertex 5.87868 2 6.87868
      vertex 5.57295 5 7.23664
      vertex 5.87868 5 6.87868
    endloop
  endfacet
  facet normal -0.760403 -0 -0.649452
    outer loop
      vertex 5.57295 5 7.23664
      vertex 5.87868 2 6.87868
      vertex 5.57295 2 7.23664
    endloop
  endfacet
  facet normal -0.0784491 0 -0.996918
    outer loop
      vertex 7.5307 2 6.03693
      vertex 8 5 6
      vertex 8 2 6
    endloop
  endfacet
  facet normal -0.0784491 0 -0.996918
    outer loop
      vertex 8 5 6
      vertex 7.5307 2 6.03693
      vertex 7.5307 5 6.03693
    endloop
  endfacet
  facet normal 0.996923 -0 0.0783858
    outer loop
      vertex 10.9631 2 9.4693
      vertex 11 5 9
      vertex 10.9631 5 9.4693
    endloop
  endfacet
  facet normal 0.996923 0 0.0783858
    outer loop
      vertex 11 5 9
      vertex 10.9631 2 9.4693
      vertex 11 2 9
    endloop
  endfacet
  facet normal 0.522387 0 0.852708
    outer loop
      vertex 9.36197 5 11.673
      vertex 9.76336 2 11.4271
      vertex 9.76336 5 11.4271
    endloop
  endfacet
  facet normal 0.522387 0 0.852708
    outer loop
      vertex 9.76336 2 11.4271
      vertex 9.36197 5 11.673
      vertex 9.36197 2 11.673
    endloop
  endfacet
  facet normal -0.522495 0 -0.852642
    outer loop
      vertex 6.23664 2 6.57295
      vertex 6.63803 5 6.32698
      vertex 6.63803 2 6.32698
    endloop
  endfacet
  facet normal -0.522495 0 -0.852642
    outer loop
      vertex 6.63803 5 6.32698
      vertex 6.23664 2 6.57295
      vertex 6.23664 5 6.57295
    endloop
  endfacet
  facet normal -0.233453 0 -0.972368
    outer loop
      vertex 7.07295 2 6.14683
      vertex 7.5307 5 6.03693
      vertex 7.5307 2 6.03693
    endloop
  endfacet
  facet normal -0.233453 0 -0.972368
    outer loop
      vertex 7.5307 5 6.03693
      vertex 7.07295 2 6.14683
      vertex 7.07295 5 6.14683
    endloop
  endfacet
  facet normal 0.972368 -0 0.233453
    outer loop
      vertex 10.8532 2 9.92705
      vertex 10.9631 5 9.4693
      vertex 10.8532 5 9.92705
    endloop
  endfacet
  facet normal 0.972368 0 0.233453
    outer loop
      vertex 10.9631 5 9.4693
      vertex 10.8532 2 9.92705
      vertex 10.9631 2 9.4693
    endloop
  endfacet
  facet normal 0.923842 0 -0.382775
    outer loop
      vertex 10.8532 2 8.07295
      vertex 10.673 5 7.63803
      vertex 10.8532 5 8.07295
    endloop
  endfacet
  facet normal 0.923842 0 -0.382775
    outer loop
      vertex 10.673 5 7.63803
      vertex 10.8532 2 8.07295
      vertex 10.673 2 7.63803
    endloop
  endfacet
  facet normal 0.0784491 0 -0.996918
    outer loop
      vertex 8 2 6
      vertex 8.4693 5 6.03693
      vertex 8.4693 2 6.03693
    endloop
  endfacet
  facet normal 0.0784491 0 -0.996918
    outer loop
      vertex 8.4693 5 6.03693
      vertex 8 2 6
      vertex 8 5 6
    endloop
  endfacet
  facet normal -0.522387 0 0.852708
    outer loop
      vertex 6.23664 5 11.4271
      vertex 6.63803 2 11.673
      vertex 6.63803 5 11.673
    endloop
  endfacet
  facet normal -0.522387 0 0.852708
    outer loop
      vertex 6.63803 2 11.673
      vertex 6.23664 5 11.4271
      vertex 6.23664 2 11.4271
    endloop
  endfacet
  facet normal -0.649452 0 -0.760403
    outer loop
      vertex 5.87868 2 6.87868
      vertex 6.23664 5 6.57295
      vertex 6.23664 2 6.57295
    endloop
  endfacet
  facet normal -0.649452 0 -0.760403
    outer loop
      vertex 6.23664 5 6.57295
      vertex 5.87868 2 6.87868
      vertex 5.87868 5 6.87868
    endloop
  endfacet
  facet normal 0.972368 0 -0.233453
    outer loop
      vertex 10.9631 2 8.5307
      vertex 10.8532 5 8.07295
      vertex 10.9631 5 8.5307
    endloop
  endfacet
  facet normal 0.972368 0 -0.233453
    outer loop
      vertex 10.8532 5 8.07295
      vertex 10.9631 2 8.5307
      vertex 10.8532 2 8.07295
    endloop
  endfacet
  facet normal 0 1 0
    outer loop
      vertex 8 5 10.3
      vertex 8 5 12
      vertex 8.4693 5 11.9631
    endloop
  endfacet
  facet normal 0 1 0
    outer loop
      vertex 8.20336 5 10.284
      vertex 8.4693 5 11.9631
      vertex 8.92705 5 11.8532
    endloop
  endfacet
  facet normal 0 1 0
    outer loop
      vertex 8 5 12
      vertex 8 5 10.3
      vertex 7.5307 5 11.9631
    endloop
  endfacet
  facet normal 0 1 0
    outer loop
      vertex 8.40172 5 10.2364
      vertex 8.92705 5 11.8532
      vertex 9.36197 5 11.673
    endloop
  endfacet
  facet normal 0 1 -0
    outer loop
      vertex 7.79664 5 10.284
      vertex 7.5307 5 11.9631
      vertex 8 5 10.3
    endloop
  endfacet
  facet normal 0 1 0
    outer loop
      vertex 8.59019 5 10.1583
      vertex 9.36197 5 11.673
      vertex 9.76336 5 11.4271
    endloop
  endfacet
  facet normal 0 1 0
    outer loop
      vertex 7.5307 5 11.9631
      vertex 7.79664 5 10.284
      vertex 7.07295 5 11.8532
    endloop
  endfacet
  facet normal 0 1 0
    outer loop
      vertex 8.76412 5 10.0517
      vertex 9.76336 5 11.4271
      vertex 10.1213 5 11.1213
    endloop
  endfacet
  facet normal 0 1 -0
    outer loop
      vertex 7.59828 5 10.2364
      vertex 7.07295 5 11.8532
      vertex 7.79664 5 10.284
    endloop
  endfacet
  facet normal 0 1 0
    outer loop
      vertex 8.91924 5 9.91924
      vertex 10.1213 5 11.1213
      vertex 10.4271 5 10.7634
    endloop
  endfacet
  facet normal 0 1 0
    outer loop
      vertex 7.07295 5 11.8532
      vertex 7.59828 5 10.2364
      vertex 6.63803 5 11.673
    endloop
  endfacet
  facet normal 0 1 0
    outer loop
      vertex 9.05172 5 9.76412
      vertex 10.4271 5 10.7634
      vertex 10.673 5 10.362
    endloop
  endfacet
  facet normal 0 1 -0
    outer loop
      vertex 7.40981 5 10.1583
      vertex 6.63803 5 11.673
      vertex 7.59828 5 10.2364
    endloop
  endfacet
  facet normal 0 1 0
    outer loop
      vertex 6.63803 5 11.673
      vertex 7.40981 5 10.1583
      vertex 6.23664 5 11.4271
    endloop
  endfacet
  facet normal 0 1 0
    outer loop
      vertex 8.4693 5 11.9631
      vertex 8.20336 5 10.284
      vertex 8 5 10.3
    endloop
  endfacet
  facet normal 0 1 0
    outer loop
      vertex 8.92705 5 11.8532
      vertex 8.40172 5 10.2364
      vertex 8.20336 5 10.284
    endloop
  endfacet
  facet normal 0 1 0
    outer loop
      vertex 9.36197 5 11.673
      vertex 8.59019 5 10.1583
      vertex 8.40172 5 10.2364
    endloop
  endfacet
  facet normal 0 1 0
    outer loop
      vertex 9.76336 5 11.4271
      vertex 8.76412 5 10.0517
      vertex 8.59019 5 10.1583
    endloop
  endfacet
  facet normal 0 1 0
    outer loop
      vertex 9.15831 5 9.59019
      vertex 10.673 5 10.362
      vertex 10.8532 5 9.92705
    endloop
  endfacet
  facet normal 0 1 0
    outer loop
      vertex 10.1213 5 11.1213
      vertex 8.91924 5 9.91924
      vertex 8.76412 5 10.0517
    endloop
  endfacet
  facet normal 0 1 0
    outer loop
      vertex 10.4271 5 10.7634
      vertex 9.05172 5 9.76412
      vertex 8.91924 5 9.91924
    endloop
  endfacet
  facet normal 0 1 0
    outer loop
      vertex 10.673 5 10.362
      vertex 9.15831 5 9.59019
      vertex 9.05172 5 9.76412
    endloop
  endfacet
  facet normal 0 1 0
    outer loop
      vertex 9.23637 5 9.40172
      vertex 10.8532 5 9.92705
      vertex 10.9631 5 9.4693
    endloop
  endfacet
  facet normal 0 1 0
    outer loop
      vertex 10.8532 5 9.92705
      vertex 9.23637 5 9.40172
      vertex 9.15831 5 9.59019
    endloop
  endfacet
  facet normal 0 1 0
    outer loop
      vertex 10.9631 5 9.4693
      vertex 9.28399 5 9.20336
      vertex 9.23637 5 9.40172
    endloop
  endfacet
  facet normal 0 1 0
    outer loop
      vertex 11 5 9
      vertex 9.28399 5 9.20336
      vertex 10.9631 5 9.4693
    endloop
  endfacet
  facet normal 0 1 0
    outer loop
      vertex 11 5 9
      vertex 9.3 5 9
      vertex 9.28399 5 9.20336
    endloop
  endfacet
  facet normal 0 1 0
    outer loop
      vertex 11 5 9
      vertex 9.28399 5 8.79664
      vertex 9.3 5 9
    endloop
  endfacet
  facet normal 0 1 -0
    outer loop
      vertex 10.9631 5 8.5307
      vertex 9.28399 5 8.79664
      vertex 11 5 9
    endloop
  endfacet
  facet normal 0 1 0
    outer loop
      vertex 9.28399 5 8.79664
      vertex 10.9631 5 8.5307
      vertex 9.23637 5 8.59828
    endloop
  endfacet
  facet normal 0 1 -0
    outer loop
      vertex 10.8532 5 8.07295
      vertex 9.23637 5 8.59828
      vertex 10.9631 5 8.5307
    endloop
  endfacet
  facet normal 0 1 0
    outer loop
      vertex 9.23637 5 8.59828
      vertex 10.8532 5 8.07295
      vertex 9.15831 5 8.40981
    endloop
  endfacet
  facet normal 0 1 -0
    outer loop
      vertex 10.673 5 7.63803
      vertex 9.15831 5 8.40981
      vertex 10.8532 5 8.07295
    endloop
  endfacet
  facet normal 0 1 0
    outer loop
      vertex 9.15831 5 8.40981
      vertex 10.673 5 7.63803
      vertex 9.05172 5 8.23588
    endloop
  endfacet
  facet normal 0 1 -0
    outer loop
      vertex 10.4271 5 7.23664
      vertex 9.05172 5 8.23588
      vertex 10.673 5 7.63803
    endloop
  endfacet
  facet normal 0 1 0
    outer loop
      vertex 9.05172 5 8.23588
      vertex 10.4271 5 7.23664
      vertex 8.91924 5 8.08076
    endloop
  endfacet
  facet normal 0 1 -0
    outer loop
      vertex 10.1213 5 6.87868
      vertex 8.91924 5 8.08076
      vertex 10.4271 5 7.23664
    endloop
  endfacet
  facet normal 0 1 0
    outer loop
      vertex 8.91924 5 8.08076
      vertex 10.1213 5 6.87868
      vertex 8.76412 5 7.94828
    endloop
  endfacet
  facet normal 0 1 0
    outer loop
      vertex 8.76412 5 7.94828
      vertex 9.76336 5 6.57295
      vertex 8.59019 5 7.84169
    endloop
  endfacet
  facet normal 0 1 -0
    outer loop
      vertex 9.76336 5 6.57295
      vertex 8.76412 5 7.94828
      vertex 10.1213 5 6.87868
    endloop
  endfacet
  facet normal 0 1 -0
    outer loop
      vertex 7.23588 5 10.0517
      vertex 6.23664 5 11.4271
      vertex 7.40981 5 10.1583
    endloop
  endfacet
  facet normal 0 1 0
    outer loop
      vertex 6.23664 5 11.4271
      vertex 7.23588 5 10.0517
      vertex 5.87868 5 11.1213
    endloop
  endfacet
  facet normal 0 1 -0
    outer loop
      vertex 7.08076 5 9.91924
      vertex 5.87868 5 11.1213
      vertex 7.23588 5 10.0517
    endloop
  endfacet
  facet normal 0 1 0
    outer loop
      vertex 5.87868 5 11.1213
      vertex 7.08076 5 9.91924
      vertex 5.57295 5 10.7634
    endloop
  endfacet
  facet normal 0 1 -0
    outer loop
      vertex 6.94828 5 9.76412
      vertex 5.57295 5 10.7634
      vertex 7.08076 5 9.91924
    endloop
  endfacet
  facet normal 0 1 0
    outer loop
      vertex 5.57295 5 10.7634
      vertex 6.94828 5 9.76412
      vertex 5.32698 5 10.362
    endloop
  endfacet
  facet normal 0 1 -0
    outer loop
      vertex 6.84169 5 9.59019
      vertex 5.32698 5 10.362
      vertex 6.94828 5 9.76412
    endloop
  endfacet
  facet normal 0 1 0
    outer loop
      vertex 5.32698 5 10.362
      vertex 6.84169 5 9.59019
      vertex 5.14683 5 9.92705
    endloop
  endfacet
  facet normal 0 1 -0
    outer loop
      vertex 6.76363 5 9.40172
      vertex 5.14683 5 9.92705
      vertex 6.84169 5 9.59019
    endloop
  endfacet
  facet normal 0 1 0
    outer loop
      vertex 5.14683 5 9.92705
      vertex 6.76363 5 9.40172
      vertex 5.03694 5 9.4693
    endloop
  endfacet
  facet normal 0 1 -0
    outer loop
      vertex 6.71601 5 9.20336
      vertex 5.03694 5 9.4693
      vertex 6.76363 5 9.40172
    endloop
  endfacet
  facet normal 0 1 -0
    outer loop
      vertex 6.7 5 9
      vertex 5.03694 5 9.4693
      vertex 6.71601 5 9.20336
    endloop
  endfacet
  facet normal 0 1 0
    outer loop
      vertex 6.7 5 9
      vertex 5 5 9
      vertex 5.03694 5 9.4693
    endloop
  endfacet
  facet normal 0 1 0
    outer loop
      vertex 6.71601 5 8.79664
      vertex 5 5 9
      vertex 6.7 5 9
    endloop
  endfacet
  facet normal 0 1 0
    outer loop
      vertex 5.03694 5 8.5307
      vertex 6.71601 5 8.79664
      vertex 6.76363 5 8.59828
    endloop
  endfacet
  facet normal 0 1 0
    outer loop
      vertex 6.71601 5 8.79664
      vertex 5.03694 5 8.5307
      vertex 5 5 9
    endloop
  endfacet
  facet normal 0 1 0
    outer loop
      vertex 5.14683 5 8.07295
      vertex 6.76363 5 8.59828
      vertex 6.84169 5 8.40981
    endloop
  endfacet
  facet normal 0 1 0
    outer loop
      vertex 5.32698 5 7.63803
      vertex 6.84169 5 8.40981
      vertex 6.94828 5 8.23588
    endloop
  endfacet
  facet normal 0 1 0
    outer loop
      vertex 5.57295 5 7.23664
      vertex 6.94828 5 8.23588
      vertex 7.08076 5 8.08076
    endloop
  endfacet
  facet normal 0 1 0
    outer loop
      vertex 6.76363 5 8.59828
      vertex 5.14683 5 8.07295
      vertex 5.03694 5 8.5307
    endloop
  endfacet
  facet normal 0 1 0
    outer loop
      vertex 5.87868 5 6.87868
      vertex 7.08076 5 8.08076
      vertex 7.23588 5 7.94828
    endloop
  endfacet
  facet normal 0 1 0
    outer loop
      vertex 6.23664 5 6.57295
      vertex 7.23588 5 7.94828
      vertex 7.40981 5 7.84169
    endloop
  endfacet
  facet normal 0 1 0
    outer loop
      vertex 6.63803 5 6.32698
      vertex 7.40981 5 7.84169
      vertex 7.59828 5 7.76363
    endloop
  endfacet
  facet normal 0 1 0
    outer loop
      vertex 7.07295 5 6.14683
      vertex 7.59828 5 7.76363
      vertex 7.79664 5 7.71601
    endloop
  endfacet
  facet normal 0 1 0
    outer loop
      vertex 6.84169 5 8.40981
      vertex 5.32698 5 7.63803
      vertex 5.14683 5 8.07295
    endloop
  endfacet
  facet normal 0 1 0
    outer loop
      vertex 7.5307 5 6.03693
      vertex 7.79664 5 7.71601
      vertex 8 5 7.7
    endloop
  endfacet
  facet normal 0 1 -0
    outer loop
      vertex 9.36197 5 6.32698
      vertex 8.59019 5 7.84169
      vertex 9.76336 5 6.57295
    endloop
  endfacet
  facet normal 0 1 0
    outer loop
      vertex 8.59019 5 7.84169
      vertex 9.36197 5 6.32698
      vertex 8.40172 5 7.76363
    endloop
  endfacet
  facet normal 0 1 0
    outer loop
      vertex 6.94828 5 8.23588
      vertex 5.57295 5 7.23664
      vertex 5.32698 5 7.63803
    endloop
  endfacet
  facet normal 0 1 -0
    outer loop
      vertex 8.92705 5 6.14683
      vertex 8.40172 5 7.76363
      vertex 9.36197 5 6.32698
    endloop
  endfacet
  facet normal 0 1 0
    outer loop
      vertex 7.08076 5 8.08076
      vertex 5.87868 5 6.87868
      vertex 5.57295 5 7.23664
    endloop
  endfacet
  facet normal 0 1 0
    outer loop
      vertex 8.40172 5 7.76363
      vertex 8.92705 5 6.14683
      vertex 8.20336 5 7.71601
    endloop
  endfacet
  facet normal 0 1 0
    outer loop
      vertex 7.23588 5 7.94828
      vertex 6.23664 5 6.57295
      vertex 5.87868 5 6.87868
    endloop
  endfacet
  facet normal 0 1 -0
    outer loop
      vertex 8.4693 5 6.03693
      vertex 8.20336 5 7.71601
      vertex 8.92705 5 6.14683
    endloop
  endfacet
  facet normal 0 1 0
    outer loop
      vertex 7.40981 5 7.84169
      vertex 6.63803 5 6.32698
      vertex 6.23664 5 6.57295
    endloop
  endfacet
  facet normal 0 1 0
    outer loop
      vertex 8.20336 5 7.71601
      vertex 8.4693 5 6.03693
      vertex 8 5 7.7
    endloop
  endfacet
  facet normal 0 1 0
    outer loop
      vertex 7.59828 5 7.76363
      vertex 7.07295 5 6.14683
      vertex 6.63803 5 6.32698
    endloop
  endfacet
  facet normal 0 1 0
    outer loop
      vertex 8 5 6
      vertex 8 5 7.7
      vertex 8.4693 5 6.03693
    endloop
  endfacet
  facet normal 0 1 0
    outer loop
      vertex 7.79664 5 7.71601
      vertex 7.5307 5 6.03693
      vertex 7.07295 5 6.14683
    endloop
  endfacet
  facet normal 0 1 0
    outer loop
      vertex 8 5 7.7
      vertex 8 5 6
      vertex 7.5307 5 6.03693
    endloop
  endfacet
  facet normal 0.760275 -0 0.649601
    outer loop
      vertex 10.1213 2 11.1213
      vertex 10.4271 5 10.7634
      vertex 10.1213 5 11.1213
    endloop
  endfacet
  facet normal 0.760275 0 0.649601
    outer loop
      vertex 10.4271 5 10.7634
      vertex 10.1213 2 11.1213
      vertex 10.4271 2 10.7634
    endloop
  endfacet
  facet normal 0.852708 0 -0.522387
    outer loop
      vertex 10.673 2 7.63803
      vertex 10.4271 5 7.23664
      vertex 10.673 5 7.63803
    endloop
  endfacet
  facet normal 0.852708 0 -0.522387
    outer loop
      vertex 10.4271 5 7.23664
      vertex 10.673 2 7.63803
      vertex 10.4271 2 7.23664
    endloop
  endfacet
  facet normal -1 0 0
    outer loop
      vertex 67.5 6 14.5
      vertex 67.5 13.3 17
      vertex 67.5 13.3 14.5
    endloop
  endfacet
  facet normal -1 -0 0
    outer loop
      vertex 67.5 13.3 17
      vertex 67.5 6 14.5
      vertex 67.5 6 17
    endloop
  endfacet
  facet normal 0 0 1
    outer loop
      vertex 73.784 9.09663 17
      vertex 75.5 13.3 17
      vertex 73.8 9.3 17
    endloop
  endfacet
  facet normal 0 0 1
    outer loop
      vertex 75.5 13.3 17
      vertex 73.784 9.50336 17
      vertex 73.8 9.3 17
    endloop
  endfacet
  facet normal 0 0 1
    outer loop
      vertex 75.5 13.3 17
      vertex 73.7364 9.70172 17
      vertex 73.784 9.50336 17
    endloop
  endfacet
  facet normal 0 0 1
    outer loop
      vertex 75.5 13.3 17
      vertex 73.6583 9.89019 17
      vertex 73.7364 9.70172 17
    endloop
  endfacet
  facet normal 0 0 1
    outer loop
      vertex 75.5 13.3 17
      vertex 73.5517 10.0641 17
      vertex 73.6583 9.89019 17
    endloop
  endfacet
  facet normal 0 0 1
    outer loop
      vertex 75.5 13.3 17
      vertex 73.4192 10.2192 17
      vertex 73.5517 10.0641 17
    endloop
  endfacet
  facet normal 0 0 1
    outer loop
      vertex 75.5 13.3 17
      vertex 73.2641 10.3517 17
      vertex 73.4192 10.2192 17
    endloop
  endfacet
  facet normal 0 0 1
    outer loop
      vertex 75.5 13.3 17
      vertex 73.0902 10.4583 17
      vertex 73.2641 10.3517 17
    endloop
  endfacet
  facet normal 0 0 1
    outer loop
      vertex 75.5 13.3 17
      vertex 72.9017 10.5364 17
      vertex 73.0902 10.4583 17
    endloop
  endfacet
  facet normal 0 0 1
    outer loop
      vertex 75.5 13.3 17
      vertex 72.7034 10.584 17
      vertex 72.9017 10.5364 17
    endloop
  endfacet
  facet normal 0 0 1
    outer loop
      vertex 75.5 13.3 17
      vertex 72.5 10.6 17
      vertex 72.7034 10.584 17
    endloop
  endfacet
  facet normal 0 0 1
    outer loop
      vertex 75.5 13.3 17
      vertex 70.5 10.6 17
      vertex 72.5 10.6 17
    endloop
  endfacet
  facet normal -0 0 1
    outer loop
      vertex 67.5 13.3 17
      vertex 70.5 10.6 17
      vertex 75.5 13.3 17
    endloop
  endfacet
  facet normal 0 0 1
    outer loop
      vertex 70.5 10.6 17
      vertex 67.5 13.3 17
      vertex 70.2966 10.584 17
    endloop
  endfacet
  facet normal 0 0 1
    outer loop
      vertex 70.2966 10.584 17
      vertex 67.5 13.3 17
      vertex 70.0983 10.5364 17
    endloop
  endfacet
  facet normal 0 0 1
    outer loop
      vertex 69.216 9.50336 17
      vertex 67.5 13.3 17
      vertex 69.2 9.3 17
    endloop
  endfacet
  facet normal 0 0 1
    outer loop
      vertex 69.2636 9.70172 17
      vertex 67.5 13.3 17
      vertex 69.216 9.50336 17
    endloop
  endfacet
  facet normal 0 0 1
    outer loop
      vertex 69.3417 9.89019 17
      vertex 67.5 13.3 17
      vertex 69.2636 9.70172 17
    endloop
  endfacet
  facet normal 0 0 1
    outer loop
      vertex 69.4483 10.0641 17
      vertex 67.5 13.3 17
      vertex 69.3417 9.89019 17
    endloop
  endfacet
  facet normal 0 0 1
    outer loop
      vertex 69.5808 10.2192 17
      vertex 67.5 13.3 17
      vertex 69.4483 10.0641 17
    endloop
  endfacet
  facet normal 0 0 1
    outer loop
      vertex 69.7359 10.3517 17
      vertex 67.5 13.3 17
      vertex 69.5808 10.2192 17
    endloop
  endfacet
  facet normal 0 0 1
    outer loop
      vertex 69.9098 10.4583 17
      vertex 67.5 13.3 17
      vertex 69.7359 10.3517 17
    endloop
  endfacet
  facet normal 0 0 1
    outer loop
      vertex 70.0983 10.5364 17
      vertex 67.5 13.3 17
      vertex 69.9098 10.4583 17
    endloop
  endfacet
  facet normal -0 0 1
    outer loop
      vertex 75.5 2 17
      vertex 80 0 17
      vertex 80 2 17
    endloop
  endfacet
  facet normal 0 0 1
    outer loop
      vertex 75.5 13.3 17
      vertex 73.784 9.09663 17
      vertex 75.5 2 17
    endloop
  endfacet
  facet normal -0 0 1
    outer loop
      vertex 73.7364 8.89828 17
      vertex 75.5 2 17
      vertex 73.784 9.09663 17
    endloop
  endfacet
  facet normal -0 0 1
    outer loop
      vertex 73.6583 8.70981 17
      vertex 75.5 2 17
      vertex 73.7364 8.89828 17
    endloop
  endfacet
  facet normal -0 0 1
    outer loop
      vertex 73.5517 8.53588 17
      vertex 75.5 2 17
      vertex 73.6583 8.70981 17
    endloop
  endfacet
  facet normal -0 0 1
    outer loop
      vertex 73.4192 8.38076 17
      vertex 75.5 2 17
      vertex 73.5517 8.53588 17
    endloop
  endfacet
  facet normal -0 0 1
    outer loop
      vertex 73.2641 8.24828 17
      vertex 75.5 2 17
      vertex 73.4192 8.38076 17
    endloop
  endfacet
  facet normal -0 0 1
    outer loop
      vertex 73.0902 8.14169 17
      vertex 75.5 2 17
      vertex 73.2641 8.24828 17
    endloop
  endfacet
  facet normal -0 0 1
    outer loop
      vertex 72.9017 8.06363 17
      vertex 75.5 2 17
      vertex 73.0902 8.14169 17
    endloop
  endfacet
  facet normal -0 0 1
    outer loop
      vertex 72.7034 8.016 17
      vertex 75.5 2 17
      vertex 72.9017 8.06363 17
    endloop
  endfacet
  facet normal -0 0 1
    outer loop
      vertex 72.5 8 17
      vertex 75.5 2 17
      vertex 72.7034 8.016 17
    endloop
  endfacet
  facet normal -0 0 1
    outer loop
      vertex 70.5 8 17
      vertex 75.5 2 17
      vertex 72.5 8 17
    endloop
  endfacet
  facet normal 0 0 1
    outer loop
      vertex 67.5 6 17
      vertex 70.5 8 17
      vertex 70.2966 8.016 17
    endloop
  endfacet
  facet normal 0 0 1
    outer loop
      vertex 67.5 6 17
      vertex 70.2966 8.016 17
      vertex 70.0983 8.06363 17
    endloop
  endfacet
  facet normal 0 0 1
    outer loop
      vertex 67.5 6 17
      vertex 70.0983 8.06363 17
      vertex 69.9098 8.14169 17
    endloop
  endfacet
  facet normal 0 0 1
    outer loop
      vertex 67.5 6 17
      vertex 69.9098 8.14169 17
      vertex 69.7359 8.24828 17
    endloop
  endfacet
  facet normal 0 0 1
    outer loop
      vertex 67.5 6 17
      vertex 69.7359 8.24828 17
      vertex 69.5808 8.38076 17
    endloop
  endfacet
  facet normal 0 0 1
    outer loop
      vertex 67.5 6 17
      vertex 69.2 9.3 17
      vertex 67.5 13.3 17
    endloop
  endfacet
  facet normal 0 0 1
    outer loop
      vertex 69.2 9.3 17
      vertex 67.5 6 17
      vertex 69.216 9.09663 17
    endloop
  endfacet
  facet normal 0 0 1
    outer loop
      vertex 69.216 9.09663 17
      vertex 67.5 6 17
      vertex 69.2636 8.89828 17
    endloop
  endfacet
  facet normal 0 0 1
    outer loop
      vertex 67.5 6 17
      vertex 69.3417 8.70981 17
      vertex 69.2636 8.89828 17
    endloop
  endfacet
  facet normal 0 0 1
    outer loop
      vertex 67.5 6 17
      vertex 69.4483 8.53588 17
      vertex 69.3417 8.70981 17
    endloop
  endfacet
  facet normal 0 0 1
    outer loop
      vertex 67.5 6 17
      vertex 69.5808 8.38076 17
      vertex 69.4483 8.53588 17
    endloop
  endfacet
  facet normal 0 0 1
    outer loop
      vertex 70.5 8 17
      vertex 67.5 6 17
      vertex 75.5 2 17
    endloop
  endfacet
  facet normal 0 0 1
    outer loop
      vertex 0 0 17
      vertex 67.5 6 17
      vertex 10.5 6 17
    endloop
  endfacet
  facet normal 0 0 1
    outer loop
      vertex 67.5 6 17
      vertex 0 0 17
      vertex 75.5 2 17
    endloop
  endfacet
  facet normal -0 0 1
    outer loop
      vertex 8.78399 9.09663 17
      vertex 10.5 6 17
      vertex 8.8 9.3 17
    endloop
  endfacet
  facet normal -0 0 1
    outer loop
      vertex 8.73637 8.89828 17
      vertex 10.5 6 17
      vertex 8.78399 9.09663 17
    endloop
  endfacet
  facet normal -0 0 1
    outer loop
      vertex 8.65831 8.70981 17
      vertex 10.5 6 17
      vertex 8.73637 8.89828 17
    endloop
  endfacet
  facet normal -0 0 1
    outer loop
      vertex 8.55172 8.53588 17
      vertex 10.5 6 17
      vertex 8.65831 8.70981 17
    endloop
  endfacet
  facet normal -0 0 1
    outer loop
      vertex 8.41924 8.38076 17
      vertex 10.5 6 17
      vertex 8.55172 8.53588 17
    endloop
  endfacet
  facet normal -0 0 1
    outer loop
      vertex 8.26412 8.24828 17
      vertex 10.5 6 17
      vertex 8.41924 8.38076 17
    endloop
  endfacet
  facet normal -0 0 1
    outer loop
      vertex 8.09019 8.14169 17
      vertex 10.5 6 17
      vertex 8.26412 8.24828 17
    endloop
  endfacet
  facet normal -0 0 1
    outer loop
      vertex 7.90172 8.06363 17
      vertex 10.5 6 17
      vertex 8.09019 8.14169 17
    endloop
  endfacet
  facet normal -0 0 1
    outer loop
      vertex 7.70336 8.016 17
      vertex 10.5 6 17
      vertex 7.90172 8.06363 17
    endloop
  endfacet
  facet normal -0 0 1
    outer loop
      vertex 7.5 8 17
      vertex 10.5 6 17
      vertex 7.70336 8.016 17
    endloop
  endfacet
  facet normal 0 0 1
    outer loop
      vertex 2.5 2 17
      vertex 7.5 8 17
      vertex 5.5 8 17
    endloop
  endfacet
  facet normal 0 0 1
    outer loop
      vertex 2.5 2 17
      vertex 5.5 8 17
      vertex 5.29664 8.016 17
    endloop
  endfacet
  facet normal 0 0 1
    outer loop
      vertex 2.5 2 17
      vertex 5.29664 8.016 17
      vertex 5.09828 8.06363 17
    endloop
  endfacet
  facet normal 0 0 1
    outer loop
      vertex 2.5 13.3 17
      vertex 4.21601 9.09663 17
      vertex 4.2 9.3 17
    endloop
  endfacet
  facet normal 0 0 1
    outer loop
      vertex 2.5 2 17
      vertex 4.21601 9.09663 17
      vertex 2.5 13.3 17
    endloop
  endfacet
  facet normal 0 0 1
    outer loop
      vertex 4.21601 9.09663 17
      vertex 2.5 2 17
      vertex 4.26363 8.89828 17
    endloop
  endfacet
  facet normal 0 0 1
    outer loop
      vertex 2.5 2 17
      vertex 4.34169 8.70981 17
      vertex 4.26363 8.89828 17
    endloop
  endfacet
  facet normal 0 0 1
    outer loop
      vertex 2.5 2 17
      vertex 4.44828 8.53588 17
      vertex 4.34169 8.70981 17
    endloop
  endfacet
  facet normal 0 0 1
    outer loop
      vertex 2.5 2 17
      vertex 4.58076 8.38076 17
      vertex 4.44828 8.53588 17
    endloop
  endfacet
  facet normal 0 0 1
    outer loop
      vertex 2.5 2 17
      vertex 4.73588 8.24828 17
      vertex 4.58076 8.38076 17
    endloop
  endfacet
  facet normal 0 0 1
    outer loop
      vertex 2.5 2 17
      vertex 4.90981 8.14169 17
      vertex 4.73588 8.24828 17
    endloop
  endfacet
  facet normal 0 0 1
    outer loop
      vertex 2.5 2 17
      vertex 5.09828 8.06363 17
      vertex 4.90981 8.14169 17
    endloop
  endfacet
  facet normal 0 0 1
    outer loop
      vertex 7.5 8 17
      vertex 2.5 2 17
      vertex 10.5 6 17
    endloop
  endfacet
  facet normal 0 0 1
    outer loop
      vertex 0 0 17
      vertex 10.5 6 17
      vertex 2.5 2 17
    endloop
  endfacet
  facet normal 0 0 1
    outer loop
      vertex 0 0 17
      vertex 2.5 2 17
      vertex 0 2 17
    endloop
  endfacet
  facet normal 0 0 1
    outer loop
      vertex 75.5 2 17
      vertex 0 0 17
      vertex 80 0 17
    endloop
  endfacet
  facet normal 0 0 1
    outer loop
      vertex 10.5 13.3 17
      vertex 8.8 9.3 17
      vertex 10.5 6 17
    endloop
  endfacet
  facet normal 0 0 1
    outer loop
      vertex 10.5 13.3 17
      vertex 8.78399 9.50336 17
      vertex 8.8 9.3 17
    endloop
  endfacet
  facet normal 0 0 1
    outer loop
      vertex 10.5 13.3 17
      vertex 8.73637 9.70172 17
      vertex 8.78399 9.50336 17
    endloop
  endfacet
  facet normal 0 0 1
    outer loop
      vertex 10.5 13.3 17
      vertex 8.65831 9.89019 17
      vertex 8.73637 9.70172 17
    endloop
  endfacet
  facet normal 0 0 1
    outer loop
      vertex 10.5 13.3 17
      vertex 8.55172 10.0641 17
      vertex 8.65831 9.89019 17
    endloop
  endfacet
  facet normal 0 0 1
    outer loop
      vertex 10.5 13.3 17
      vertex 8.41924 10.2192 17
      vertex 8.55172 10.0641 17
    endloop
  endfacet
  facet normal 0 0 1
    outer loop
      vertex 10.5 13.3 17
      vertex 8.26412 10.3517 17
      vertex 8.41924 10.2192 17
    endloop
  endfacet
  facet normal 0 0 1
    outer loop
      vertex 10.5 13.3 17
      vertex 8.09019 10.4583 17
      vertex 8.26412 10.3517 17
    endloop
  endfacet
  facet normal 0 0 1
    outer loop
      vertex 10.5 13.3 17
      vertex 7.90172 10.5364 17
      vertex 8.09019 10.4583 17
    endloop
  endfacet
  facet normal 0 0 1
    outer loop
      vertex 10.5 13.3 17
      vertex 7.70336 10.584 17
      vertex 7.90172 10.5364 17
    endloop
  endfacet
  facet normal 0 0 1
    outer loop
      vertex 10.5 13.3 17
      vertex 7.5 10.6 17
      vertex 7.70336 10.584 17
    endloop
  endfacet
  facet normal 0 0 1
    outer loop
      vertex 10.5 13.3 17
      vertex 5.5 10.6 17
      vertex 7.5 10.6 17
    endloop
  endfacet
  facet normal -0 0 1
    outer loop
      vertex 2.5 13.3 17
      vertex 5.5 10.6 17
      vertex 10.5 13.3 17
    endloop
  endfacet
  facet normal 0 0 1
    outer loop
      vertex 5.5 10.6 17
      vertex 2.5 13.3 17
      vertex 5.29664 10.584 17
    endloop
  endfacet
  facet normal 0 0 1
    outer loop
      vertex 5.29664 10.584 17
      vertex 2.5 13.3 17
      vertex 5.09828 10.5364 17
    endloop
  endfacet
  facet normal 0 0 1
    outer loop
      vertex 4.21601 9.50336 17
      vertex 2.5 13.3 17
      vertex 4.2 9.3 17
    endloop
  endfacet
  facet normal 0 0 1
    outer loop
      vertex 4.26363 9.70172 17
      vertex 2.5 13.3 17
      vertex 4.21601 9.50336 17
    endloop
  endfacet
  facet normal 0 0 1
    outer loop
      vertex 4.34169 9.89019 17
      vertex 2.5 13.3 17
      vertex 4.26363 9.70172 17
    endloop
  endfacet
  facet normal 0 0 1
    outer loop
      vertex 4.44828 10.0641 17
      vertex 2.5 13.3 17
      vertex 4.34169 9.89019 17
    endloop
  endfacet
  facet normal 0 0 1
    outer loop
      vertex 4.58076 10.2192 17
      vertex 2.5 13.3 17
      vertex 4.44828 10.0641 17
    endloop
  endfacet
  facet normal 0 0 1
    outer loop
      vertex 4.73588 10.3517 17
      vertex 2.5 13.3 17
      vertex 4.58076 10.2192 17
    endloop
  endfacet
  facet normal 0 0 1
    outer loop
      vertex 4.90981 10.4583 17
      vertex 2.5 13.3 17
      vertex 4.73588 10.3517 17
    endloop
  endfacet
  facet normal 0 0 1
    outer loop
      vertex 5.09828 10.5364 17
      vertex 2.5 13.3 17
      vertex 4.90981 10.4583 17
    endloop
  endfacet
  facet normal 0 0 -1
    outer loop
      vertex 73.784 9.09663 14.5
      vertex 75.5 13.3 14.5
      vertex 75.5 2 14.5
    endloop
  endfacet
  facet normal 0 0 -1
    outer loop
      vertex 75.5 13.3 14.5
      vertex 73.784 9.09663 14.5
      vertex 73.8 9.3 14.5
    endloop
  endfacet
  facet normal 0 0 -1
    outer loop
      vertex 75.5 2 14.5
      vertex 73.7364 8.89828 14.5
      vertex 73.784 9.09663 14.5
    endloop
  endfacet
  facet normal 0 0 -1
    outer loop
      vertex 75.5 2 14.5
      vertex 73.6583 8.70981 14.5
      vertex 73.7364 8.89828 14.5
    endloop
  endfacet
  facet normal 0 0 -1
    outer loop
      vertex 75.5 2 14.5
      vertex 73.5517 8.53588 14.5
      vertex 73.6583 8.70981 14.5
    endloop
  endfacet
  facet normal 0 0 -1
    outer loop
      vertex 75.5 2 14.5
      vertex 73.4192 8.38076 14.5
      vertex 73.5517 8.53588 14.5
    endloop
  endfacet
  facet normal 0 0 -1
    outer loop
      vertex 75.5 2 14.5
      vertex 73.2641 8.24828 14.5
      vertex 73.4192 8.38076 14.5
    endloop
  endfacet
  facet normal 0 0 -1
    outer loop
      vertex 75.5 2 14.5
      vertex 73.0902 8.14169 14.5
      vertex 73.2641 8.24828 14.5
    endloop
  endfacet
  facet normal 0 0 -1
    outer loop
      vertex 75.5 2 14.5
      vertex 72.9017 8.06363 14.5
      vertex 73.0902 8.14169 14.5
    endloop
  endfacet
  facet normal 0 0 -1
    outer loop
      vertex 75.5 2 14.5
      vertex 72.7034 8.016 14.5
      vertex 72.9017 8.06363 14.5
    endloop
  endfacet
  facet normal 0 0 -1
    outer loop
      vertex 75.5 2 14.5
      vertex 72.5 8 14.5
      vertex 72.7034 8.016 14.5
    endloop
  endfacet
  facet normal 0 0 -1
    outer loop
      vertex 75.5 2 14.5
      vertex 70.5 8 14.5
      vertex 72.5 8 14.5
    endloop
  endfacet
  facet normal 0 0 -1
    outer loop
      vertex 67.5 6 14.5
      vertex 70.5 8 14.5
      vertex 75.5 2 14.5
    endloop
  endfacet
  facet normal -0 0 -1
    outer loop
      vertex 70.5 8 14.5
      vertex 67.5 6 14.5
      vertex 70.2966 8.016 14.5
    endloop
  endfacet
  facet normal -0 0 -1
    outer loop
      vertex 70.2966 8.016 14.5
      vertex 67.5 6 14.5
      vertex 70.0983 8.06363 14.5
    endloop
  endfacet
  facet normal -0 0 -1
    outer loop
      vertex 70.0983 8.06363 14.5
      vertex 67.5 6 14.5
      vertex 69.9098 8.14169 14.5
    endloop
  endfacet
  facet normal -0 0 -1
    outer loop
      vertex 69.9098 8.14169 14.5
      vertex 67.5 6 14.5
      vertex 69.7359 8.24828 14.5
    endloop
  endfacet
  facet normal -0 0 -1
    outer loop
      vertex 69.216 9.09663 14.5
      vertex 67.5 6 14.5
      vertex 69.2 9.3 14.5
    endloop
  endfacet
  facet normal -0 0 -1
    outer loop
      vertex 69.2636 8.89828 14.5
      vertex 67.5 6 14.5
      vertex 69.216 9.09663 14.5
    endloop
  endfacet
  facet normal -0 0 -1
    outer loop
      vertex 69.3417 8.70981 14.5
      vertex 67.5 6 14.5
      vertex 69.2636 8.89828 14.5
    endloop
  endfacet
  facet normal -0 0 -1
    outer loop
      vertex 69.4483 8.53588 14.5
      vertex 67.5 6 14.5
      vertex 69.3417 8.70981 14.5
    endloop
  endfacet
  facet normal -0 0 -1
    outer loop
      vertex 69.5808 8.38076 14.5
      vertex 67.5 6 14.5
      vertex 69.4483 8.53588 14.5
    endloop
  endfacet
  facet normal -0 0 -1
    outer loop
      vertex 69.7359 8.24828 14.5
      vertex 67.5 6 14.5
      vertex 69.5808 8.38076 14.5
    endloop
  endfacet
  facet normal 0 0 -1
    outer loop
      vertex 75.5 2 14.5
      vertex 10.5 6 14.5
      vertex 67.5 6 14.5
    endloop
  endfacet
  facet normal 0 0 -1
    outer loop
      vertex 10.5 6 14.5
      vertex 8.8 9.3 14.5
      vertex 10.5 13.3 14.5
    endloop
  endfacet
  facet normal 0 0 -1
    outer loop
      vertex 10.5 6 14.5
      vertex 8.78399 9.09663 14.5
      vertex 8.8 9.3 14.5
    endloop
  endfacet
  facet normal 0 0 -1
    outer loop
      vertex 10.5 6 14.5
      vertex 8.73637 8.89828 14.5
      vertex 8.78399 9.09663 14.5
    endloop
  endfacet
  facet normal 0 0 -1
    outer loop
      vertex 10.5 6 14.5
      vertex 8.65831 8.70981 14.5
      vertex 8.73637 8.89828 14.5
    endloop
  endfacet
  facet normal 0 0 -1
    outer loop
      vertex 10.5 6 14.5
      vertex 8.55172 8.53588 14.5
      vertex 8.65831 8.70981 14.5
    endloop
  endfacet
  facet normal 0 0 -1
    outer loop
      vertex 10.5 6 14.5
      vertex 8.41924 8.38076 14.5
      vertex 8.55172 8.53588 14.5
    endloop
  endfacet
  facet normal 0 0 -1
    outer loop
      vertex 10.5 6 14.5
      vertex 8.26412 8.24828 14.5
      vertex 8.41924 8.38076 14.5
    endloop
  endfacet
  facet normal 0 0 -1
    outer loop
      vertex 10.5 6 14.5
      vertex 8.09019 8.14169 14.5
      vertex 8.26412 8.24828 14.5
    endloop
  endfacet
  facet normal 0 0 -1
    outer loop
      vertex 10.5 6 14.5
      vertex 7.90172 8.06363 14.5
      vertex 8.09019 8.14169 14.5
    endloop
  endfacet
  facet normal 0 0 -1
    outer loop
      vertex 10.5 6 14.5
      vertex 7.70336 8.016 14.5
      vertex 7.90172 8.06363 14.5
    endloop
  endfacet
  facet normal 0 0 -1
    outer loop
      vertex 10.5 6 14.5
      vertex 7.5 8 14.5
      vertex 7.70336 8.016 14.5
    endloop
  endfacet
  facet normal 0 0 -1
    outer loop
      vertex 2.5 2 14.5
      vertex 7.5 8 14.5
      vertex 10.5 6 14.5
    endloop
  endfacet
  facet normal -0 0 -1
    outer loop
      vertex 7.5 8 14.5
      vertex 2.5 2 14.5
      vertex 5.5 8 14.5
    endloop
  endfacet
  facet normal -0 0 -1
    outer loop
      vertex 5.5 8 14.5
      vertex 2.5 2 14.5
      vertex 5.29664 8.016 14.5
    endloop
  endfacet
  facet normal 0 0 -1
    outer loop
      vertex 2.5 13.3 14.5
      vertex 4.21601 9.09663 14.5
      vertex 2.5 2 14.5
    endloop
  endfacet
  facet normal -0 0 -1
    outer loop
      vertex 4.26363 8.89828 14.5
      vertex 2.5 2 14.5
      vertex 4.21601 9.09663 14.5
    endloop
  endfacet
  facet normal -0 0 -1
    outer loop
      vertex 4.34169 8.70981 14.5
      vertex 2.5 2 14.5
      vertex 4.26363 8.89828 14.5
    endloop
  endfacet
  facet normal -0 0 -1
    outer loop
      vertex 4.44828 8.53588 14.5
      vertex 2.5 2 14.5
      vertex 4.34169 8.70981 14.5
    endloop
  endfacet
  facet normal -0 0 -1
    outer loop
      vertex 4.58076 8.38076 14.5
      vertex 2.5 2 14.5
      vertex 4.44828 8.53588 14.5
    endloop
  endfacet
  facet normal -0 0 -1
    outer loop
      vertex 4.73588 8.24828 14.5
      vertex 2.5 2 14.5
      vertex 4.58076 8.38076 14.5
    endloop
  endfacet
  facet normal -0 0 -1
    outer loop
      vertex 4.90981 8.14169 14.5
      vertex 2.5 2 14.5
      vertex 4.73588 8.24828 14.5
    endloop
  endfacet
  facet normal -0 0 -1
    outer loop
      vertex 5.09828 8.06363 14.5
      vertex 2.5 2 14.5
      vertex 4.90981 8.14169 14.5
    endloop
  endfacet
  facet normal -0 0 -1
    outer loop
      vertex 5.29664 8.016 14.5
      vertex 2.5 2 14.5
      vertex 5.09828 8.06363 14.5
    endloop
  endfacet
  facet normal 0 0 -1
    outer loop
      vertex 2.5 2 14.5
      vertex 10.5 6 14.5
      vertex 75.5 2 14.5
    endloop
  endfacet
  facet normal 0 0 -1
    outer loop
      vertex 73.784 9.50336 14.5
      vertex 75.5 13.3 14.5
      vertex 73.8 9.3 14.5
    endloop
  endfacet
  facet normal 0 0 -1
    outer loop
      vertex 73.7364 9.70172 14.5
      vertex 75.5 13.3 14.5
      vertex 73.784 9.50336 14.5
    endloop
  endfacet
  facet normal 0 0 -1
    outer loop
      vertex 73.6583 9.89019 14.5
      vertex 75.5 13.3 14.5
      vertex 73.7364 9.70172 14.5
    endloop
  endfacet
  facet normal 0 0 -1
    outer loop
      vertex 73.5517 10.0641 14.5
      vertex 75.5 13.3 14.5
      vertex 73.6583 9.89019 14.5
    endloop
  endfacet
  facet normal 0 0 -1
    outer loop
      vertex 73.4192 10.2192 14.5
      vertex 75.5 13.3 14.5
      vertex 73.5517 10.0641 14.5
    endloop
  endfacet
  facet normal 0 0 -1
    outer loop
      vertex 73.2641 10.3517 14.5
      vertex 75.5 13.3 14.5
      vertex 73.4192 10.2192 14.5
    endloop
  endfacet
  facet normal 0 0 -1
    outer loop
      vertex 73.0902 10.4583 14.5
      vertex 75.5 13.3 14.5
      vertex 73.2641 10.3517 14.5
    endloop
  endfacet
  facet normal 0 0 -1
    outer loop
      vertex 72.9017 10.5364 14.5
      vertex 75.5 13.3 14.5
      vertex 73.0902 10.4583 14.5
    endloop
  endfacet
  facet normal 0 0 -1
    outer loop
      vertex 72.7034 10.584 14.5
      vertex 75.5 13.3 14.5
      vertex 72.9017 10.5364 14.5
    endloop
  endfacet
  facet normal 0 0 -1
    outer loop
      vertex 72.5 10.6 14.5
      vertex 75.5 13.3 14.5
      vertex 72.7034 10.584 14.5
    endloop
  endfacet
  facet normal 0 0 -1
    outer loop
      vertex 70.5 10.6 14.5
      vertex 75.5 13.3 14.5
      vertex 72.5 10.6 14.5
    endloop
  endfacet
  facet normal 0 0 -1
    outer loop
      vertex 67.5 13.3 14.5
      vertex 70.5 10.6 14.5
      vertex 70.2966 10.584 14.5
    endloop
  endfacet
  facet normal 0 0 -1
    outer loop
      vertex 67.5 13.3 14.5
      vertex 70.2966 10.584 14.5
      vertex 70.0983 10.5364 14.5
    endloop
  endfacet
  facet normal 0 0 -1
    outer loop
      vertex 67.5 13.3 14.5
      vertex 70.0983 10.5364 14.5
      vertex 69.9098 10.4583 14.5
    endloop
  endfacet
  facet normal 0 0 -1
    outer loop
      vertex 67.5 13.3 14.5
      vertex 69.2 9.3 14.5
      vertex 67.5 6 14.5
    endloop
  endfacet
  facet normal 0 0 -1
    outer loop
      vertex 69.2 9.3 14.5
      vertex 67.5 13.3 14.5
      vertex 69.216 9.50336 14.5
    endloop
  endfacet
  facet normal 0 0 -1
    outer loop
      vertex 69.216 9.50336 14.5
      vertex 67.5 13.3 14.5
      vertex 69.2636 9.70172 14.5
    endloop
  endfacet
  facet normal 0 0 -1
    outer loop
      vertex 70.5 10.6 14.5
      vertex 67.5 13.3 14.5
      vertex 75.5 13.3 14.5
    endloop
  endfacet
  facet normal 0 0 -1
    outer loop
      vertex 69.7359 10.3517 14.5
      vertex 67.5 13.3 14.5
      vertex 69.9098 10.4583 14.5
    endloop
  endfacet
  facet normal 0 0 -1
    outer loop
      vertex 69.5808 10.2192 14.5
      vertex 67.5 13.3 14.5
      vertex 69.7359 10.3517 14.5
    endloop
  endfacet
  facet normal 0 0 -1
    outer loop
      vertex 69.4483 10.0641 14.5
      vertex 67.5 13.3 14.5
      vertex 69.5808 10.2192 14.5
    endloop
  endfacet
  facet normal 0 0 -1
    outer loop
      vertex 69.3417 9.89019 14.5
      vertex 67.5 13.3 14.5
      vertex 69.4483 10.0641 14.5
    endloop
  endfacet
  facet normal 0 0 -1
    outer loop
      vertex 69.2636 9.70172 14.5
      vertex 67.5 13.3 14.5
      vertex 69.3417 9.89019 14.5
    endloop
  endfacet
  facet normal 0 0 -1
    outer loop
      vertex 8.78399 9.50336 14.5
      vertex 10.5 13.3 14.5
      vertex 8.8 9.3 14.5
    endloop
  endfacet
  facet normal 0 0 -1
    outer loop
      vertex 8.73637 9.70172 14.5
      vertex 10.5 13.3 14.5
      vertex 8.78399 9.50336 14.5
    endloop
  endfacet
  facet normal 0 0 -1
    outer loop
      vertex 8.65831 9.89019 14.5
      vertex 10.5 13.3 14.5
      vertex 8.73637 9.70172 14.5
    endloop
  endfacet
  facet normal 0 0 -1
    outer loop
      vertex 8.55172 10.0641 14.5
      vertex 10.5 13.3 14.5
      vertex 8.65831 9.89019 14.5
    endloop
  endfacet
  facet normal 0 0 -1
    outer loop
      vertex 8.41924 10.2192 14.5
      vertex 10.5 13.3 14.5
      vertex 8.55172 10.0641 14.5
    endloop
  endfacet
  facet normal 0 0 -1
    outer loop
      vertex 8.26412 10.3517 14.5
      vertex 10.5 13.3 14.5
      vertex 8.41924 10.2192 14.5
    endloop
  endfacet
  facet normal 0 0 -1
    outer loop
      vertex 8.09019 10.4583 14.5
      vertex 10.5 13.3 14.5
      vertex 8.26412 10.3517 14.5
    endloop
  endfacet
  facet normal 0 0 -1
    outer loop
      vertex 7.90172 10.5364 14.5
      vertex 10.5 13.3 14.5
      vertex 8.09019 10.4583 14.5
    endloop
  endfacet
  facet normal 0 0 -1
    outer loop
      vertex 7.70336 10.584 14.5
      vertex 10.5 13.3 14.5
      vertex 7.90172 10.5364 14.5
    endloop
  endfacet
  facet normal 0 0 -1
    outer loop
      vertex 7.5 10.6 14.5
      vertex 10.5 13.3 14.5
      vertex 7.70336 10.584 14.5
    endloop
  endfacet
  facet normal 0 0 -1
    outer loop
      vertex 5.5 10.6 14.5
      vertex 10.5 13.3 14.5
      vertex 7.5 10.6 14.5
    endloop
  endfacet
  facet normal 0 0 -1
    outer loop
      vertex 2.5 13.3 14.5
      vertex 5.5 10.6 14.5
      vertex 5.29664 10.584 14.5
    endloop
  endfacet
  facet normal 0 0 -1
    outer loop
      vertex 2.5 13.3 14.5
      vertex 5.29664 10.584 14.5
      vertex 5.09828 10.5364 14.5
    endloop
  endfacet
  facet normal 0 0 -1
    outer loop
      vertex 2.5 13.3 14.5
      vertex 5.09828 10.5364 14.5
      vertex 4.90981 10.4583 14.5
    endloop
  endfacet
  facet normal 0 0 -1
    outer loop
      vertex 4.21601 9.09663 14.5
      vertex 2.5 13.3 14.5
      vertex 4.2 9.3 14.5
    endloop
  endfacet
  facet normal 0 0 -1
    outer loop
      vertex 5.5 10.6 14.5
      vertex 2.5 13.3 14.5
      vertex 10.5 13.3 14.5
    endloop
  endfacet
  facet normal 0 0 -1
    outer loop
      vertex 4.73588 10.3517 14.5
      vertex 2.5 13.3 14.5
      vertex 4.90981 10.4583 14.5
    endloop
  endfacet
  facet normal 0 0 -1
    outer loop
      vertex 4.58076 10.2192 14.5
      vertex 2.5 13.3 14.5
      vertex 4.73588 10.3517 14.5
    endloop
  endfacet
  facet normal 0 0 -1
    outer loop
      vertex 4.44828 10.0641 14.5
      vertex 2.5 13.3 14.5
      vertex 4.58076 10.2192 14.5
    endloop
  endfacet
  facet normal 0 0 -1
    outer loop
      vertex 4.34169 9.89019 14.5
      vertex 2.5 13.3 14.5
      vertex 4.44828 10.0641 14.5
    endloop
  endfacet
  facet normal 0 0 -1
    outer loop
      vertex 4.26363 9.70172 14.5
      vertex 2.5 13.3 14.5
      vertex 4.34169 9.89019 14.5
    endloop
  endfacet
  facet normal 0 0 -1
    outer loop
      vertex 4.21601 9.50336 14.5
      vertex 2.5 13.3 14.5
      vertex 4.26363 9.70172 14.5
    endloop
  endfacet
  facet normal 0 0 -1
    outer loop
      vertex 4.2 9.3 14.5
      vertex 2.5 13.3 14.5
      vertex 4.21601 9.50336 14.5
    endloop
  endfacet
  facet normal 1 -0 0
    outer loop
      vertex 75.5 2 17
      vertex 75.5 13.3 14.5
      vertex 75.5 13.3 17
    endloop
  endfacet
  facet normal 1 0 0
    outer loop
      vertex 75.5 13.3 14.5
      vertex 75.5 2 17
      vertex 75.5 2 14.5
    endloop
  endfacet
  facet normal 0 1 -0
    outer loop
      vertex 75.5 13.3 14.5
      vertex 67.5 13.3 17
      vertex 75.5 13.3 17
    endloop
  endfacet
  facet normal 0 1 0
    outer loop
      vertex 67.5 13.3 17
      vertex 75.5 13.3 14.5
      vertex 67.5 13.3 14.5
    endloop
  endfacet
  facet normal -1 0 0
    outer loop
      vertex 2.5 2 14.5
      vertex 2.5 13.3 17
      vertex 2.5 13.3 14.5
    endloop
  endfacet
  facet normal -1 -0 0
    outer loop
      vertex 2.5 13.3 17
      vertex 2.5 2 14.5
      vertex 2.5 2 17
    endloop
  endfacet
  facet normal 1 -0 0
    outer loop
      vertex 10.5 6 17
      vertex 10.5 13.3 14.5
      vertex 10.5 13.3 17
    endloop
  endfacet
  facet normal 1 0 0
    outer loop
      vertex 10.5 13.3 14.5
      vertex 10.5 6 17
      vertex 10.5 6 14.5
    endloop
  endfacet
  facet normal 0 1 -0
    outer loop
      vertex 10.5 13.3 14.5
      vertex 2.5 13.3 17
      vertex 10.5 13.3 17
    endloop
  endfacet
  facet normal 0 1 0
    outer loop
      vertex 2.5 13.3 17
      vertex 10.5 13.3 14.5
      vertex 2.5 13.3 14.5
    endloop
  endfacet
  facet normal -1 0 0
    outer loop
      vertex 0 0 0
      vertex 0 2 17
      vertex 0 2 0
    endloop
  endfacet
  facet normal -1 -0 0
    outer loop
      vertex 0 2 17
      vertex 0 0 0
      vertex 0 0 17
    endloop
  endfacet
  facet normal 0 0 -1
    outer loop
      vertex 0 0 0
      vertex 80 2 0
      vertex 80 0 0
    endloop
  endfacet
  facet normal -0 0 -1
    outer loop
      vertex 80 2 0
      vertex 0 0 0
      vertex 0 2 0
    endloop
  endfacet
  facet normal 1 -0 0
    outer loop
      vertex 80 0 17
      vertex 80 2 0
      vertex 80 2 17
    endloop
  endfacet
  facet normal 1 0 0
    outer loop
      vertex 80 2 0
      vertex 80 0 17
      vertex 80 0 0
    endloop
  endfacet
  facet normal 0 -1 0
    outer loop
      vertex 67.1756 0 11.118
      vertex 70.7966 0 10.284
      vertex 71 0 10.3
    endloop
  endfacet
  facet normal 0 -1 0
    outer loop
      vertex 67.618 0 10.6756
      vertex 70.5983 0 10.2364
      vertex 70.7966 0 10.284
    endloop
  endfacet
  facet normal 0 -1 0
    outer loop
      vertex 67.618 0 10.6756
      vertex 70.4098 0 10.1583
      vertex 70.5983 0 10.2364
    endloop
  endfacet
  facet normal 0 -1 0
    outer loop
      vertex 70.0808 0 9.91924
      vertex 67.782 0 10.408
      vertex 67.9021 0 10.118
    endloop
  endfacet
  facet normal 0 -1 0
    outer loop
      vertex 67.618 0 10.6756
      vertex 70.2359 0 10.0517
      vertex 70.4098 0 10.1583
    endloop
  endfacet
  facet normal 0 -1 0
    outer loop
      vertex 67.782 0 10.408
      vertex 70.0808 0 9.91924
      vertex 70.2359 0 10.0517
    endloop
  endfacet
  facet normal 0 -1 0
    outer loop
      vertex 69.8417 0 9.59019
      vertex 67.9021 0 10.118
      vertex 67.9754 0 9.81287
    endloop
  endfacet
  facet normal 0 -1 0
    outer loop
      vertex 67.9021 0 10.118
      vertex 69.9483 0 9.76412
      vertex 70.0808 0 9.91924
    endloop
  endfacet
  facet normal 0 -1 0
    outer loop
      vertex 67.9021 0 10.118
      vertex 69.8417 0 9.59019
      vertex 69.9483 0 9.76412
    endloop
  endfacet
  facet normal 0 -1 0
    outer loop
      vertex 69.7636 0 9.40172
      vertex 67.9754 0 9.81287
      vertex 68 0 9.5
    endloop
  endfacet
  facet normal 0 -1 0
    outer loop
      vertex 67.9754 0 9.81287
      vertex 69.7636 0 9.40172
      vertex 69.8417 0 9.59019
    endloop
  endfacet
  facet normal 0 -1 0
    outer loop
      vertex 68 0 9.5
      vertex 69.716 0 9.20336
      vertex 69.7636 0 9.40172
    endloop
  endfacet
  facet normal 0 -1 0
    outer loop
      vertex 67.9754 0 9.18713
      vertex 69.716 0 9.20336
      vertex 68 0 9.5
    endloop
  endfacet
  facet normal 0 -1 0
    outer loop
      vertex 67.9754 0 9.18713
      vertex 69.7 0 9
      vertex 69.716 0 9.20336
    endloop
  endfacet
  facet normal 0 -1 0
    outer loop
      vertex 67.9021 0 8.88197
      vertex 69.7 0 9
      vertex 67.9754 0 9.18713
    endloop
  endfacet
  facet normal 0 -1 0
    outer loop
      vertex 67.9021 0 8.88197
      vertex 69.716 0 8.79664
      vertex 69.7 0 9
    endloop
  endfacet
  facet normal 0 -1 0
    outer loop
      vertex 67.9021 0 8.88197
      vertex 69.7636 0 8.59828
      vertex 69.716 0 8.79664
    endloop
  endfacet
  facet normal 0 -1 0
    outer loop
      vertex 67.782 0 8.59202
      vertex 69.7636 0 8.59828
      vertex 67.9021 0 8.88197
    endloop
  endfacet
  facet normal 0 -1 0
    outer loop
      vertex 67.782 0 8.59202
      vertex 69.8417 0 8.40981
      vertex 69.7636 0 8.59828
    endloop
  endfacet
  facet normal 0 -1 0
    outer loop
      vertex 67.618 0 8.32443
      vertex 69.8417 0 8.40981
      vertex 67.782 0 8.59202
    endloop
  endfacet
  facet normal 0 -1 0
    outer loop
      vertex 67.618 0 8.32443
      vertex 69.9483 0 8.23588
      vertex 69.8417 0 8.40981
    endloop
  endfacet
  facet normal 0 -1 0
    outer loop
      vertex 67.4142 0 8.08579
      vertex 69.9483 0 8.23588
      vertex 67.618 0 8.32443
    endloop
  endfacet
  facet normal 0 -1 0
    outer loop
      vertex 67.4142 0 8.08579
      vertex 70.0808 0 8.08076
      vertex 69.9483 0 8.23588
    endloop
  endfacet
  facet normal 0 -1 0
    outer loop
      vertex 67.4142 0 8.08579
      vertex 70.2359 0 7.94828
      vertex 70.0808 0 8.08076
    endloop
  endfacet
  facet normal 0 -1 0
    outer loop
      vertex 67.1756 0 7.88197
      vertex 70.2359 0 7.94828
      vertex 67.4142 0 8.08579
    endloop
  endfacet
  facet normal 0 -1 0
    outer loop
      vertex 67.1756 0 7.88197
      vertex 70.4098 0 7.84169
      vertex 70.2359 0 7.94828
    endloop
  endfacet
  facet normal 0 -1 0
    outer loop
      vertex 66.908 0 7.71799
      vertex 70.4098 0 7.84169
      vertex 67.1756 0 7.88197
    endloop
  endfacet
  facet normal 0 -1 -0
    outer loop
      vertex 70.4098 0 7.84169
      vertex 66.908 0 7.71799
      vertex 70.5983 0 7.76363
    endloop
  endfacet
  facet normal 0 -1 0
    outer loop
      vertex 66.618 0 7.59789
      vertex 70.5983 0 7.76363
      vertex 66.908 0 7.71799
    endloop
  endfacet
  facet normal 0 -1 -0
    outer loop
      vertex 70.5983 0 7.76363
      vertex 66.618 0 7.59789
      vertex 70.7966 0 7.71601
    endloop
  endfacet
  facet normal 0 -1 0
    outer loop
      vertex 66.3129 0 7.52462
      vertex 70.7966 0 7.71601
      vertex 66.618 0 7.59789
    endloop
  endfacet
  facet normal 0 -1 0
    outer loop
      vertex 60.5 0 12.5
      vertex 65.6871 0 11.4754
      vertex 66 0 11.5
    endloop
  endfacet
  facet normal 0 -1 0
    outer loop
      vertex 60.5 0 12.5
      vertex 65.382 0 11.4021
      vertex 65.6871 0 11.4754
    endloop
  endfacet
  facet normal 0 -1 0
    outer loop
      vertex 60.5 0 12.5
      vertex 65.092 0 11.282
      vertex 65.382 0 11.4021
    endloop
  endfacet
  facet normal 0 -1 0
    outer loop
      vertex 60.5 0 12.5
      vertex 64.8244 0 11.118
      vertex 65.092 0 11.282
    endloop
  endfacet
  facet normal 0 -1 0
    outer loop
      vertex 60.5 0 12.5
      vertex 64.5858 0 10.9142
      vertex 64.8244 0 11.118
    endloop
  endfacet
  facet normal 0 -1 0
    outer loop
      vertex 60.5 0 12.5
      vertex 64.382 0 10.6756
      vertex 64.5858 0 10.9142
    endloop
  endfacet
  facet normal 0 -1 0
    outer loop
      vertex 60.5 0 12.5
      vertex 64.218 0 10.408
      vertex 64.382 0 10.6756
    endloop
  endfacet
  facet normal 0 -1 0
    outer loop
      vertex 60.5 0 12.5
      vertex 64.0979 0 10.118
      vertex 64.218 0 10.408
    endloop
  endfacet
  facet normal 0 -1 0
    outer loop
      vertex 60.5 0 12.5
      vertex 64.0246 0 9.81287
      vertex 64.0979 0 10.118
    endloop
  endfacet
  facet normal 0 -1 0
    outer loop
      vertex 60.5 0 12.5
      vertex 64 0 9.5
      vertex 64.0246 0 9.81287
    endloop
  endfacet
  facet normal 0 -1 0
    outer loop
      vertex 60.5 0 6.5
      vertex 64 0 9.5
      vertex 60.5 0 12.5
    endloop
  endfacet
  facet normal 0 -1 -0
    outer loop
      vertex 64 0 9.5
      vertex 60.5 0 6.5
      vertex 64.0246 0 9.18713
    endloop
  endfacet
  facet normal 0 -1 -0
    outer loop
      vertex 64.0246 0 9.18713
      vertex 60.5 0 6.5
      vertex 64.0979 0 8.88197
    endloop
  endfacet
  facet normal 0 -1 -0
    outer loop
      vertex 64.0979 0 8.88197
      vertex 60.5 0 6.5
      vertex 64.218 0 8.59202
    endloop
  endfacet
  facet normal 0 -1 -0
    outer loop
      vertex 64.218 0 8.59202
      vertex 60.5 0 6.5
      vertex 64.382 0 8.32443
    endloop
  endfacet
  facet normal 0 -1 -0
    outer loop
      vertex 65.6871 0 7.52462
      vertex 60.5 0 6.5
      vertex 66 0 7.5
    endloop
  endfacet
  facet normal 0 -1 -0
    outer loop
      vertex 65.382 0 7.59789
      vertex 60.5 0 6.5
      vertex 65.6871 0 7.52462
    endloop
  endfacet
  facet normal 0 -1 -0
    outer loop
      vertex 65.092 0 7.71799
      vertex 60.5 0 6.5
      vertex 65.382 0 7.59789
    endloop
  endfacet
  facet normal 0 -1 -0
    outer loop
      vertex 64.8244 0 7.88197
      vertex 60.5 0 6.5
      vertex 65.092 0 7.71799
    endloop
  endfacet
  facet normal 0 -1 -0
    outer loop
      vertex 64.5858 0 8.08579
      vertex 60.5 0 6.5
      vertex 64.8244 0 7.88197
    endloop
  endfacet
  facet normal 0 -1 -0
    outer loop
      vertex 64.382 0 8.32443
      vertex 60.5 0 6.5
      vertex 64.5858 0 8.08579
    endloop
  endfacet
  facet normal 0 -1 0
    outer loop
      vertex 60.5 0 12.5
      vertex 0 0 17
      vertex 14.5 0 12.5
    endloop
  endfacet
  facet normal 0 -1 0
    outer loop
      vertex 0 0 17
      vertex 8 0 10.3
      vertex 14.5 0 12.5
    endloop
  endfacet
  facet normal 0 -1 0
    outer loop
      vertex 0 0 17
      vertex 7.79664 0 10.284
      vertex 8 0 10.3
    endloop
  endfacet
  facet normal 0 -1 0
    outer loop
      vertex 0 0 17
      vertex 7.59828 0 10.2364
      vertex 7.79664 0 10.284
    endloop
  endfacet
  facet normal 0 -1 0
    outer loop
      vertex 0 0 17
      vertex 7.40981 0 10.1583
      vertex 7.59828 0 10.2364
    endloop
  endfacet
  facet normal 0 -1 0
    outer loop
      vertex 0 0 17
      vertex 7.23588 0 10.0517
      vertex 7.40981 0 10.1583
    endloop
  endfacet
  facet normal 0 -1 0
    outer loop
      vertex 0 0 17
      vertex 7.08076 0 9.91924
      vertex 7.23588 0 10.0517
    endloop
  endfacet
  facet normal 0 -1 0
    outer loop
      vertex 0 0 17
      vertex 6.94828 0 9.76412
      vertex 7.08076 0 9.91924
    endloop
  endfacet
  facet normal 0 -1 0
    outer loop
      vertex 0 0 17
      vertex 6.84169 0 9.59019
      vertex 6.94828 0 9.76412
    endloop
  endfacet
  facet normal 0 -1 0
    outer loop
      vertex 0 0 17
      vertex 6.76363 0 9.40172
      vertex 6.84169 0 9.59019
    endloop
  endfacet
  facet normal 0 -1 0
    outer loop
      vertex 0 0 17
      vertex 6.71601 0 9.20336
      vertex 6.76363 0 9.40172
    endloop
  endfacet
  facet normal 0 -1 0
    outer loop
      vertex 0 0 17
      vertex 6.7 0 9
      vertex 6.71601 0 9.20336
    endloop
  endfacet
  facet normal 0 -1 0
    outer loop
      vertex 0 0 0
      vertex 6.7 0 9
      vertex 0 0 17
    endloop
  endfacet
  facet normal 0 -1 -0
    outer loop
      vertex 6.7 0 9
      vertex 0 0 0
      vertex 6.71601 0 8.79664
    endloop
  endfacet
  facet normal 0 -1 -0
    outer loop
      vertex 6.71601 0 8.79664
      vertex 0 0 0
      vertex 6.76363 0 8.59828
    endloop
  endfacet
  facet normal 0 -1 -0
    outer loop
      vertex 6.76363 0 8.59828
      vertex 0 0 0
      vertex 6.84169 0 8.40981
    endloop
  endfacet
  facet normal 0 -1 0
    outer loop
      vertex 0 0 0
      vertex 8 0 7.7
      vertex 7.79664 0 7.71601
    endloop
  endfacet
  facet normal 0 -1 -0
    outer loop
      vertex 14.5 0 6.5
      vertex 0 0 0
      vertex 60.5 0 6.5
    endloop
  endfacet
  facet normal 0 -1 -0
    outer loop
      vertex 8 0 7.7
      vertex 0 0 0
      vertex 14.5 0 6.5
    endloop
  endfacet
  facet normal 0 -1 -0
    outer loop
      vertex 7.59828 0 7.76363
      vertex 0 0 0
      vertex 7.79664 0 7.71601
    endloop
  endfacet
  facet normal 0 -1 -0
    outer loop
      vertex 7.40981 0 7.84169
      vertex 0 0 0
      vertex 7.59828 0 7.76363
    endloop
  endfacet
  facet normal 0 -1 -0
    outer loop
      vertex 7.23588 0 7.94828
      vertex 0 0 0
      vertex 7.40981 0 7.84169
    endloop
  endfacet
  facet normal 0 -1 -0
    outer loop
      vertex 7.08076 0 8.08076
      vertex 0 0 0
      vertex 7.23588 0 7.94828
    endloop
  endfacet
  facet normal 0 -1 -0
    outer loop
      vertex 6.94828 0 8.23588
      vertex 0 0 0
      vertex 7.08076 0 8.08076
    endloop
  endfacet
  facet normal 0 -1 -0
    outer loop
      vertex 6.84169 0 8.40981
      vertex 0 0 0
      vertex 6.94828 0 8.23588
    endloop
  endfacet
  facet normal 0 -1 0
    outer loop
      vertex 0 0 17
      vertex 60.5 0 12.5
      vertex 80 0 17
    endloop
  endfacet
  facet normal 0 -1 0
    outer loop
      vertex 66 0 11.5
      vertex 80 0 17
      vertex 60.5 0 12.5
    endloop
  endfacet
  facet normal 0 -1 0
    outer loop
      vertex 66.3129 0 11.4754
      vertex 80 0 17
      vertex 66 0 11.5
    endloop
  endfacet
  facet normal 0 -1 0
    outer loop
      vertex 66.618 0 11.4021
      vertex 80 0 17
      vertex 66.3129 0 11.4754
    endloop
  endfacet
  facet normal 0 -1 0
    outer loop
      vertex 66.908 0 11.282
      vertex 80 0 17
      vertex 66.618 0 11.4021
    endloop
  endfacet
  facet normal 0 -1 0
    outer loop
      vertex 71 0 10.3
      vertex 66.908 0 11.282
      vertex 67.1756 0 11.118
    endloop
  endfacet
  facet normal 0 -1 0
    outer loop
      vertex 70.7966 0 10.284
      vertex 67.1756 0 11.118
      vertex 67.4142 0 10.9142
    endloop
  endfacet
  facet normal 0 -1 0
    outer loop
      vertex 70.7966 0 10.284
      vertex 67.4142 0 10.9142
      vertex 67.618 0 10.6756
    endloop
  endfacet
  facet normal 0 -1 0
    outer loop
      vertex 70.2359 0 10.0517
      vertex 67.618 0 10.6756
      vertex 67.782 0 10.408
    endloop
  endfacet
  facet normal 0 -1 0
    outer loop
      vertex 66.908 0 11.282
      vertex 71 0 10.3
      vertex 80 0 17
    endloop
  endfacet
  facet normal 0 -1 0
    outer loop
      vertex 71.2034 0 10.284
      vertex 80 0 17
      vertex 71 0 10.3
    endloop
  endfacet
  facet normal 0 -1 0
    outer loop
      vertex 71.4017 0 10.2364
      vertex 80 0 17
      vertex 71.2034 0 10.284
    endloop
  endfacet
  facet normal 0 -1 0
    outer loop
      vertex 71.5902 0 10.1583
      vertex 80 0 17
      vertex 71.4017 0 10.2364
    endloop
  endfacet
  facet normal 0 -1 0
    outer loop
      vertex 71.7641 0 10.0517
      vertex 80 0 17
      vertex 71.5902 0 10.1583
    endloop
  endfacet
  facet normal 0 -1 0
    outer loop
      vertex 71.9192 0 9.91924
      vertex 80 0 17
      vertex 71.7641 0 10.0517
    endloop
  endfacet
  facet normal 0 -1 0
    outer loop
      vertex 72.0517 0 9.76412
      vertex 80 0 17
      vertex 71.9192 0 9.91924
    endloop
  endfacet
  facet normal 0 -1 0
    outer loop
      vertex 72.1583 0 9.59019
      vertex 80 0 17
      vertex 72.0517 0 9.76412
    endloop
  endfacet
  facet normal 0 -1 0
    outer loop
      vertex 72.2364 0 9.40172
      vertex 80 0 17
      vertex 72.1583 0 9.59019
    endloop
  endfacet
  facet normal 0 -1 0
    outer loop
      vertex 72.284 0 9.20336
      vertex 80 0 17
      vertex 72.2364 0 9.40172
    endloop
  endfacet
  facet normal 0 -1 0
    outer loop
      vertex 72.3 0 9
      vertex 80 0 17
      vertex 72.284 0 9.20336
    endloop
  endfacet
  facet normal 0 -1 0
    outer loop
      vertex 80 0 0
      vertex 72.3 0 9
      vertex 72.284 0 8.79664
    endloop
  endfacet
  facet normal 0 -1 0
    outer loop
      vertex 80 0 0
      vertex 72.284 0 8.79664
      vertex 72.2364 0 8.59828
    endloop
  endfacet
  facet normal 0 -1 0
    outer loop
      vertex 80 0 0
      vertex 72.2364 0 8.59828
      vertex 72.1583 0 8.40981
    endloop
  endfacet
  facet normal 0 -1 0
    outer loop
      vertex 80 0 0
      vertex 72.1583 0 8.40981
      vertex 72.0517 0 8.23588
    endloop
  endfacet
  facet normal 0 -1 0
    outer loop
      vertex 80 0 0
      vertex 72.0517 0 8.23588
      vertex 71.9192 0 8.08076
    endloop
  endfacet
  facet normal 0 -1 0
    outer loop
      vertex 80 0 0
      vertex 70.7966 0 7.71601
      vertex 66.3129 0 7.52462
    endloop
  endfacet
  facet normal 0 -1 0
    outer loop
      vertex 80 0 0
      vertex 66.3129 0 7.52462
      vertex 66 0 7.5
    endloop
  endfacet
  facet normal 0 -1 0
    outer loop
      vertex 80 0 0
      vertex 66 0 7.5
      vertex 60.5 0 6.5
    endloop
  endfacet
  facet normal 0 -1 0
    outer loop
      vertex 70.7966 0 7.71601
      vertex 80 0 0
      vertex 71 0 7.7
    endloop
  endfacet
  facet normal 0 -1 0
    outer loop
      vertex 72.3 0 9
      vertex 80 0 0
      vertex 80 0 17
    endloop
  endfacet
  facet normal 0 -1 0
    outer loop
      vertex 71.7641 0 7.94828
      vertex 80 0 0
      vertex 71.9192 0 8.08076
    endloop
  endfacet
  facet normal 0 -1 0
    outer loop
      vertex 71.5902 0 7.84169
      vertex 80 0 0
      vertex 71.7641 0 7.94828
    endloop
  endfacet
  facet normal 0 -1 0
    outer loop
      vertex 71.4017 0 7.76363
      vertex 80 0 0
      vertex 71.5902 0 7.84169
    endloop
  endfacet
  facet normal 0 -1 0
    outer loop
      vertex 71.2034 0 7.71601
      vertex 80 0 0
      vertex 71.4017 0 7.76363
    endloop
  endfacet
  facet normal 0 -1 0
    outer loop
      vertex 71 0 7.7
      vertex 80 0 0
      vertex 71.2034 0 7.71601
    endloop
  endfacet
  facet normal 0 -1 0
    outer loop
      vertex 80 0 0
      vertex 60.5 0 6.5
      vertex 0 0 0
    endloop
  endfacet
  facet normal 0 -1 0
    outer loop
      vertex 8.20336 0 10.284
      vertex 14.5 0 12.5
      vertex 8 0 10.3
    endloop
  endfacet
  facet normal 0 -1 0
    outer loop
      vertex 8.40172 0 10.2364
      vertex 14.5 0 12.5
      vertex 8.20336 0 10.284
    endloop
  endfacet
  facet normal 0 -1 0
    outer loop
      vertex 8.59019 0 10.1583
      vertex 14.5 0 12.5
      vertex 8.40172 0 10.2364
    endloop
  endfacet
  facet normal 0 -1 0
    outer loop
      vertex 8.76412 0 10.0517
      vertex 14.5 0 12.5
      vertex 8.59019 0 10.1583
    endloop
  endfacet
  facet normal 0 -1 0
    outer loop
      vertex 8.91924 0 9.91924
      vertex 14.5 0 12.5
      vertex 8.76412 0 10.0517
    endloop
  endfacet
  facet normal 0 -1 0
    outer loop
      vertex 9.05172 0 9.76412
      vertex 14.5 0 12.5
      vertex 8.91924 0 9.91924
    endloop
  endfacet
  facet normal 0 -1 0
    outer loop
      vertex 9.15831 0 9.59019
      vertex 14.5 0 12.5
      vertex 9.05172 0 9.76412
    endloop
  endfacet
  facet normal 0 -1 0
    outer loop
      vertex 9.23637 0 9.40172
      vertex 14.5 0 12.5
      vertex 9.15831 0 9.59019
    endloop
  endfacet
  facet normal 0 -1 0
    outer loop
      vertex 9.28399 0 9.20336
      vertex 14.5 0 12.5
      vertex 9.23637 0 9.40172
    endloop
  endfacet
  facet normal 0 -1 0
    outer loop
      vertex 14.5 0 6.5
      vertex 9.28399 0 9.20336
      vertex 9.3 0 9
    endloop
  endfacet
  facet normal 0 -1 0
    outer loop
      vertex 14.5 0 6.5
      vertex 9.3 0 9
      vertex 9.28399 0 8.79664
    endloop
  endfacet
  facet normal 0 -1 0
    outer loop
      vertex 14.5 0 6.5
      vertex 9.28399 0 8.79664
      vertex 9.23637 0 8.59828
    endloop
  endfacet
  facet normal 0 -1 0
    outer loop
      vertex 14.5 0 6.5
      vertex 9.23637 0 8.59828
      vertex 9.15831 0 8.40981
    endloop
  endfacet
  facet normal 0 -1 0
    outer loop
      vertex 14.5 0 6.5
      vertex 9.15831 0 8.40981
      vertex 9.05172 0 8.23588
    endloop
  endfacet
  facet normal 0 -1 0
    outer loop
      vertex 14.5 0 6.5
      vertex 9.05172 0 8.23588
      vertex 8.91924 0 8.08076
    endloop
  endfacet
  facet normal 0 -1 0
    outer loop
      vertex 14.5 0 6.5
      vertex 8.91924 0 8.08076
      vertex 8.76412 0 7.94828
    endloop
  endfacet
  facet normal 0 -1 0
    outer loop
      vertex 9.28399 0 9.20336
      vertex 14.5 0 6.5
      vertex 14.5 0 12.5
    endloop
  endfacet
  facet normal 0 -1 0
    outer loop
      vertex 8.59019 0 7.84169
      vertex 14.5 0 6.5
      vertex 8.76412 0 7.94828
    endloop
  endfacet
  facet normal 0 -1 0
    outer loop
      vertex 8.40172 0 7.76363
      vertex 14.5 0 6.5
      vertex 8.59019 0 7.84169
    endloop
  endfacet
  facet normal 0 -1 0
    outer loop
      vertex 8.20336 0 7.71601
      vertex 14.5 0 6.5
      vertex 8.40172 0 7.76363
    endloop
  endfacet
  facet normal 0 -1 0
    outer loop
      vertex 14.5 0 6.5
      vertex 8.20336 0 7.71601
      vertex 8 0 7.7
    endloop
  endfacet
  facet normal 0 1 -0
    outer loop
      vertex 67.5 6 14.5
      vertex 10.5 6 17
      vertex 67.5 6 17
    endloop
  endfacet
  facet normal 0 1 0
    outer loop
      vertex 10.5 6 17
      vertex 67.5 6 14.5
      vertex 10.5 6 14.5
    endloop
  endfacet
  facet normal 0.522584 0 0.852588
    outer loop
      vertex 70.2359 5 7.94828
      vertex 70.4098 0 7.84169
      vertex 70.4098 5 7.84169
    endloop
  endfacet
  facet normal 0.522584 0 0.852588
    outer loop
      vertex 70.4098 0 7.84169
      vertex 70.2359 5 7.94828
      vertex 70.2359 0 7.94828
    endloop
  endfacet
  facet normal -0.23341 0 -0.972378
    outer loop
      vertex 71.2034 0 10.284
      vertex 71.4017 5 10.2364
      vertex 71.4017 0 10.2364
    endloop
  endfacet
  facet normal -0.23341 0 -0.972378
    outer loop
      vertex 71.4017 5 10.2364
      vertex 71.2034 0 10.284
      vertex 71.2034 5 10.284
    endloop
  endfacet
  facet normal 0.233503 0 0.972356
    outer loop
      vertex 70.5983 5 7.76363
      vertex 70.7966 0 7.71601
      vertex 70.7966 5 7.71601
    endloop
  endfacet
  facet normal 0.233503 0 0.972356
    outer loop
      vertex 70.7966 0 7.71601
      vertex 70.5983 5 7.76363
      vertex 70.5983 0 7.76363
    endloop
  endfacet
  facet normal 0.23341 0 -0.972378
    outer loop
      vertex 70.5983 0 10.2364
      vertex 70.7966 5 10.284
      vertex 70.7966 0 10.284
    endloop
  endfacet
  facet normal 0.23341 0 -0.972378
    outer loop
      vertex 70.7966 5 10.284
      vertex 70.5983 0 10.2364
      vertex 70.5983 5 10.2364
    endloop
  endfacet
  facet normal 0.972394 0 -0.233343
    outer loop
      vertex 69.7636 0 9.40172
      vertex 69.716 5 9.20336
      vertex 69.7636 5 9.40172
    endloop
  endfacet
  facet normal 0.972394 0 -0.233343
    outer loop
      vertex 69.716 5 9.20336
      vertex 69.7636 0 9.40172
      vertex 69.716 0 9.20336
    endloop
  endfacet
  facet normal 0.38277 0 -0.923844
    outer loop
      vertex 70.4098 0 10.1583
      vertex 70.5983 5 10.2364
      vertex 70.5983 0 10.2364
    endloop
  endfacet
  facet normal 0.38277 0 -0.923844
    outer loop
      vertex 70.5983 5 10.2364
      vertex 70.4098 0 10.1583
      vertex 70.4098 5 10.1583
    endloop
  endfacet
  facet normal -0.0784692 0 0.996917
    outer loop
      vertex 71 5 7.7
      vertex 71.2034 0 7.71601
      vertex 71.2034 5 7.71601
    endloop
  endfacet
  facet normal -0.0784692 0 0.996917
    outer loop
      vertex 71.2034 0 7.71601
      vertex 71 5 7.7
      vertex 71 0 7.7
    endloop
  endfacet
  facet normal 0.0784692 0 0.996917
    outer loop
      vertex 70.7966 5 7.71601
      vertex 71 0 7.7
      vertex 71 5 7.7
    endloop
  endfacet
  facet normal 0.0784692 0 0.996917
    outer loop
      vertex 71 0 7.7
      vertex 70.7966 5 7.71601
      vertex 70.7966 0 7.71601
    endloop
  endfacet
  facet normal -0.996919 0 0.0784358
    outer loop
      vertex 72.284 0 8.79664
      vertex 72.3 5 9
      vertex 72.284 5 8.79664
    endloop
  endfacet
  facet normal -0.996919 0 0.0784358
    outer loop
      vertex 72.3 5 9
      vertex 72.284 0 8.79664
      vertex 72.3 0 9
    endloop
  endfacet
  facet normal 0.996919 0 -0.0784358
    outer loop
      vertex 69.716 0 9.20336
      vertex 69.7 5 9
      vertex 69.716 5 9.20336
    endloop
  endfacet
  facet normal 0.996919 0 -0.0784358
    outer loop
      vertex 69.7 5 9
      vertex 69.716 0 9.20336
      vertex 69.7 0 9
    endloop
  endfacet
  facet normal -0.522584 0 0.852588
    outer loop
      vertex 71.5902 5 7.84169
      vertex 71.7641 0 7.94828
      vertex 71.7641 5 7.94828
    endloop
  endfacet
  facet normal -0.522584 0 0.852588
    outer loop
      vertex 71.7641 0 7.94828
      vertex 71.5902 5 7.84169
      vertex 71.5902 0 7.84169
    endloop
  endfacet
  facet normal 0.649426 0 -0.760425
    outer loop
      vertex 70.0808 0 9.91924
      vertex 70.2359 5 10.0517
      vertex 70.2359 0 10.0517
    endloop
  endfacet
  facet normal 0.649426 0 -0.760425
    outer loop
      vertex 70.2359 5 10.0517
      vertex 70.0808 0 9.91924
      vertex 70.0808 5 9.91924
    endloop
  endfacet
  facet normal 0.972394 -0 0.233343
    outer loop
      vertex 69.716 0 8.79664
      vertex 69.7636 5 8.59828
      vertex 69.716 5 8.79664
    endloop
  endfacet
  facet normal 0.972394 0 0.233343
    outer loop
      vertex 69.7636 5 8.59828
      vertex 69.716 0 8.79664
      vertex 69.7636 0 8.59828
    endloop
  endfacet
  facet normal -0.76037 0 -0.649491
    outer loop
      vertex 72.0517 0 9.76412
      vertex 71.9192 5 9.91924
      vertex 72.0517 5 9.76412
    endloop
  endfacet
  facet normal -0.76037 -0 -0.649491
    outer loop
      vertex 71.9192 5 9.91924
      vertex 72.0517 0 9.76412
      vertex 71.9192 0 9.91924
    endloop
  endfacet
  facet normal -0.233503 0 0.972356
    outer loop
      vertex 71.2034 5 7.71601
      vertex 71.4017 0 7.76363
      vertex 71.4017 5 7.76363
    endloop
  endfacet
  facet normal -0.233503 0 0.972356
    outer loop
      vertex 71.4017 0 7.76363
      vertex 71.2034 5 7.71601
      vertex 71.2034 0 7.71601
    endloop
  endfacet
  facet normal -0.38277 0 -0.923844
    outer loop
      vertex 71.4017 0 10.2364
      vertex 71.5902 5 10.1583
      vertex 71.5902 0 10.1583
    endloop
  endfacet
  facet normal -0.38277 0 -0.923844
    outer loop
      vertex 71.5902 5 10.1583
      vertex 71.4017 0 10.2364
      vertex 71.4017 5 10.2364
    endloop
  endfacet
  facet normal 0.0784205 0 -0.99692
    outer loop
      vertex 70.7966 0 10.284
      vertex 71 5 10.3
      vertex 71 0 10.3
    endloop
  endfacet
  facet normal 0.0784205 0 -0.99692
    outer loop
      vertex 71 5 10.3
      vertex 70.7966 0 10.284
      vertex 70.7966 5 10.284
    endloop
  endfacet
  facet normal -0.52262 0 -0.852566
    outer loop
      vertex 71.5902 0 10.1583
      vertex 71.7641 5 10.0517
      vertex 71.7641 0 10.0517
    endloop
  endfacet
  facet normal -0.52262 0 -0.852566
    outer loop
      vertex 71.7641 5 10.0517
      vertex 71.5902 0 10.1583
      vertex 71.5902 5 10.1583
    endloop
  endfacet
  facet normal 0.382603 0 0.923913
    outer loop
      vertex 70.4098 5 7.84169
      vertex 70.5983 0 7.76363
      vertex 70.5983 5 7.76363
    endloop
  endfacet
  facet normal 0.382603 0 0.923913
    outer loop
      vertex 70.5983 0 7.76363
      vertex 70.4098 5 7.84169
      vertex 70.4098 0 7.84169
    endloop
  endfacet
  facet normal 0.996919 -0 0.0784358
    outer loop
      vertex 69.7 0 9
      vertex 69.716 5 8.79664
      vertex 69.7 5 9
    endloop
  endfacet
  facet normal 0.996919 0 0.0784358
    outer loop
      vertex 69.716 5 8.79664
      vertex 69.7 0 9
      vertex 69.716 0 8.79664
    endloop
  endfacet
  facet normal 0.852606 -0 0.522554
    outer loop
      vertex 69.8417 0 8.40981
      vertex 69.9483 5 8.23588
      vertex 69.8417 5 8.40981
    endloop
  endfacet
  facet normal 0.852606 0 0.522554
    outer loop
      vertex 69.9483 5 8.23588
      vertex 69.8417 0 8.40981
      vertex 69.9483 0 8.23588
    endloop
  endfacet
  facet normal -0.76037 0 0.649491
    outer loop
      vertex 71.9192 0 8.08076
      vertex 72.0517 5 8.23588
      vertex 71.9192 5 8.08076
    endloop
  endfacet
  facet normal -0.76037 0 0.649491
    outer loop
      vertex 72.0517 5 8.23588
      vertex 71.9192 0 8.08076
      vertex 72.0517 0 8.23588
    endloop
  endfacet
  facet normal -0.996919 0 -0.0784358
    outer loop
      vertex 72.3 0 9
      vertex 72.284 5 9.20336
      vertex 72.3 5 9
    endloop
  endfacet
  facet normal -0.996919 -0 -0.0784358
    outer loop
      vertex 72.284 5 9.20336
      vertex 72.3 0 9
      vertex 72.284 0 9.20336
    endloop
  endfacet
  facet normal 0.923822 -0 0.382822
    outer loop
      vertex 69.7636 0 8.59828
      vertex 69.8417 5 8.40981
      vertex 69.7636 5 8.59828
    endloop
  endfacet
  facet normal 0.923822 0 0.382822
    outer loop
      vertex 69.8417 5 8.40981
      vertex 69.7636 0 8.59828
      vertex 69.8417 0 8.40981
    endloop
  endfacet
  facet normal -0.649482 0 0.760377
    outer loop
      vertex 71.7641 5 7.94828
      vertex 71.9192 0 8.08076
      vertex 71.9192 5 8.08076
    endloop
  endfacet
  facet normal -0.649482 0 0.760377
    outer loop
      vertex 71.9192 0 8.08076
      vertex 71.7641 5 7.94828
      vertex 71.7641 0 7.94828
    endloop
  endfacet
  facet normal -0.852606 0 -0.522554
    outer loop
      vertex 72.1583 0 9.59019
      vertex 72.0517 5 9.76412
      vertex 72.1583 5 9.59019
    endloop
  endfacet
  facet normal -0.852606 -0 -0.522554
    outer loop
      vertex 72.0517 5 9.76412
      vertex 72.1583 0 9.59019
      vertex 72.0517 0 9.76412
    endloop
  endfacet
  facet normal -0.649426 0 -0.760425
    outer loop
      vertex 71.7641 0 10.0517
      vertex 71.9192 5 9.91924
      vertex 71.9192 0 9.91924
    endloop
  endfacet
  facet normal -0.649426 0 -0.760425
    outer loop
      vertex 71.9192 5 9.91924
      vertex 71.7641 0 10.0517
      vertex 71.7641 5 10.0517
    endloop
  endfacet
  facet normal -0.0784205 0 -0.99692
    outer loop
      vertex 71 0 10.3
      vertex 71.2034 5 10.284
      vertex 71.2034 0 10.284
    endloop
  endfacet
  facet normal -0.0784205 0 -0.99692
    outer loop
      vertex 71.2034 5 10.284
      vertex 71 0 10.3
      vertex 71 5 10.3
    endloop
  endfacet
  facet normal 0.76037 -0 0.649491
    outer loop
      vertex 69.9483 0 8.23588
      vertex 70.0808 5 8.08076
      vertex 69.9483 5 8.23588
    endloop
  endfacet
  facet normal 0.76037 0 0.649491
    outer loop
      vertex 70.0808 5 8.08076
      vertex 69.9483 0 8.23588
      vertex 70.0808 0 8.08076
    endloop
  endfacet
  facet normal 0.649482 0 0.760377
    outer loop
      vertex 70.0808 5 8.08076
      vertex 70.2359 0 7.94828
      vertex 70.2359 5 7.94828
    endloop
  endfacet
  facet normal 0.649482 0 0.760377
    outer loop
      vertex 70.2359 0 7.94828
      vertex 70.0808 5 8.08076
      vertex 70.0808 0 8.08076
    endloop
  endfacet
  facet normal 0.52262 0 -0.852566
    outer loop
      vertex 70.2359 0 10.0517
      vertex 70.4098 5 10.1583
      vertex 70.4098 0 10.1583
    endloop
  endfacet
  facet normal 0.52262 0 -0.852566
    outer loop
      vertex 70.4098 5 10.1583
      vertex 70.2359 0 10.0517
      vertex 70.2359 5 10.0517
    endloop
  endfacet
  facet normal -0.852606 0 0.522554
    outer loop
      vertex 72.0517 0 8.23588
      vertex 72.1583 5 8.40981
      vertex 72.0517 5 8.23588
    endloop
  endfacet
  facet normal -0.852606 0 0.522554
    outer loop
      vertex 72.1583 5 8.40981
      vertex 72.0517 0 8.23588
      vertex 72.1583 0 8.40981
    endloop
  endfacet
  facet normal 0.923822 0 -0.382822
    outer loop
      vertex 69.8417 0 9.59019
      vertex 69.7636 5 9.40172
      vertex 69.8417 5 9.59019
    endloop
  endfacet
  facet normal 0.923822 0 -0.382822
    outer loop
      vertex 69.7636 5 9.40172
      vertex 69.8417 0 9.59019
      vertex 69.7636 0 9.40172
    endloop
  endfacet
  facet normal 0.76037 0 -0.649491
    outer loop
      vertex 70.0808 0 9.91924
      vertex 69.9483 5 9.76412
      vertex 70.0808 5 9.91924
    endloop
  endfacet
  facet normal 0.76037 0 -0.649491
    outer loop
      vertex 69.9483 5 9.76412
      vertex 70.0808 0 9.91924
      vertex 69.9483 0 9.76412
    endloop
  endfacet
  facet normal 0.852606 0 -0.522554
    outer loop
      vertex 69.9483 0 9.76412
      vertex 69.8417 5 9.59019
      vertex 69.9483 5 9.76412
    endloop
  endfacet
  facet normal 0.852606 0 -0.522554
    outer loop
      vertex 69.8417 5 9.59019
      vertex 69.9483 0 9.76412
      vertex 69.8417 0 9.59019
    endloop
  endfacet
  facet normal -0.972394 0 0.233343
    outer loop
      vertex 72.2364 0 8.59828
      vertex 72.284 5 8.79664
      vertex 72.2364 5 8.59828
    endloop
  endfacet
  facet normal -0.972394 0 0.233343
    outer loop
      vertex 72.284 5 8.79664
      vertex 72.2364 0 8.59828
      vertex 72.284 0 8.79664
    endloop
  endfacet
  facet normal -0.972394 0 -0.233343
    outer loop
      vertex 72.284 0 9.20336
      vertex 72.2364 5 9.40172
      vertex 72.284 5 9.20336
    endloop
  endfacet
  facet normal -0.972394 -0 -0.233343
    outer loop
      vertex 72.2364 5 9.40172
      vertex 72.284 0 9.20336
      vertex 72.2364 0 9.40172
    endloop
  endfacet
  facet normal -0.923822 0 -0.382822
    outer loop
      vertex 72.2364 0 9.40172
      vertex 72.1583 5 9.59019
      vertex 72.2364 5 9.40172
    endloop
  endfacet
  facet normal -0.923822 -0 -0.382822
    outer loop
      vertex 72.1583 5 9.59019
      vertex 72.2364 0 9.40172
      vertex 72.1583 0 9.59019
    endloop
  endfacet
  facet normal -0.382603 0 0.923913
    outer loop
      vertex 71.4017 5 7.76363
      vertex 71.5902 0 7.84169
      vertex 71.5902 5 7.84169
    endloop
  endfacet
  facet normal -0.382603 0 0.923913
    outer loop
      vertex 71.5902 0 7.84169
      vertex 71.4017 5 7.76363
      vertex 71.4017 0 7.76363
    endloop
  endfacet
  facet normal -0.923822 0 0.382822
    outer loop
      vertex 72.1583 0 8.40981
      vertex 72.2364 5 8.59828
      vertex 72.1583 5 8.40981
    endloop
  endfacet
  facet normal -0.923822 0 0.382822
    outer loop
      vertex 72.2364 5 8.59828
      vertex 72.1583 0 8.40981
      vertex 72.2364 0 8.59828
    endloop
  endfacet
  facet normal 0.522518 0 0.852628
    outer loop
      vertex 7.23588 5 7.94828
      vertex 7.40981 0 7.84169
      vertex 7.40981 5 7.84169
    endloop
  endfacet
  facet normal 0.522518 0 0.852628
    outer loop
      vertex 7.40981 0 7.84169
      vertex 7.23588 5 7.94828
      vertex 7.23588 0 7.94828
    endloop
  endfacet
  facet normal 0.923891 -0 0.382655
    outer loop
      vertex 6.76363 0 8.59828
      vertex 6.84169 5 8.40981
      vertex 6.76363 5 8.59828
    endloop
  endfacet
  facet normal 0.923891 0 0.382655
    outer loop
      vertex 6.84169 5 8.40981
      vertex 6.76363 0 8.59828
      vertex 6.84169 0 8.40981
    endloop
  endfacet
  facet normal -0.233343 0 -0.972394
    outer loop
      vertex 8.20336 0 10.284
      vertex 8.40172 5 10.2364
      vertex 8.40172 0 10.2364
    endloop
  endfacet
  facet normal -0.233343 0 -0.972394
    outer loop
      vertex 8.40172 5 10.2364
      vertex 8.20336 0 10.284
      vertex 8.20336 5 10.284
    endloop
  endfacet
  facet normal 0.233436 0 0.972372
    outer loop
      vertex 7.59828 5 7.76363
      vertex 7.79664 0 7.71601
      vertex 7.79664 5 7.71601
    endloop
  endfacet
  facet normal 0.233436 0 0.972372
    outer loop
      vertex 7.79664 0 7.71601
      vertex 7.59828 5 7.76363
      vertex 7.59828 0 7.76363
    endloop
  endfacet
  facet normal 0.233343 0 -0.972394
    outer loop
      vertex 7.59828 0 10.2364
      vertex 7.79664 5 10.284
      vertex 7.79664 0 10.284
    endloop
  endfacet
  facet normal 0.233343 0 -0.972394
    outer loop
      vertex 7.79664 5 10.284
      vertex 7.59828 0 10.2364
      vertex 7.59828 5 10.2364
    endloop
  endfacet
  facet normal 0.972372 0 -0.233436
    outer loop
      vertex 6.76363 0 9.40172
      vertex 6.71601 5 9.20336
      vertex 6.76363 5 9.40172
    endloop
  endfacet
  facet normal 0.972372 0 -0.233436
    outer loop
      vertex 6.71601 5 9.20336
      vertex 6.76363 0 9.40172
      vertex 6.71601 0 9.20336
    endloop
  endfacet
  facet normal 0.382822 0 -0.923822
    outer loop
      vertex 7.40981 0 10.1583
      vertex 7.59828 5 10.2364
      vertex 7.59828 0 10.2364
    endloop
  endfacet
  facet normal 0.382822 0 -0.923822
    outer loop
      vertex 7.59828 5 10.2364
      vertex 7.40981 0 10.1583
      vertex 7.40981 5 10.1583
    endloop
  endfacet
  facet normal -0.0784845 0 0.996915
    outer loop
      vertex 8 5 7.7
      vertex 8.20336 0 7.71601
      vertex 8.20336 5 7.71601
    endloop
  endfacet
  facet normal -0.0784845 0 0.996915
    outer loop
      vertex 8.20336 0 7.71601
      vertex 8 5 7.7
      vertex 8 0 7.7
    endloop
  endfacet
  facet normal 0.0784845 0 0.996915
    outer loop
      vertex 7.79664 5 7.71601
      vertex 8 0 7.7
      vertex 8 5 7.7
    endloop
  endfacet
  facet normal 0.0784845 0 0.996915
    outer loop
      vertex 8 0 7.7
      vertex 7.79664 5 7.71601
      vertex 7.79664 0 7.71601
    endloop
  endfacet
  facet normal -0.996915 0 0.0784845
    outer loop
      vertex 9.28399 0 8.79664
      vertex 9.3 5 9
      vertex 9.28399 5 8.79664
    endloop
  endfacet
  facet normal -0.996915 0 0.0784845
    outer loop
      vertex 9.3 5 9
      vertex 9.28399 0 8.79664
      vertex 9.3 0 9
    endloop
  endfacet
  facet normal 0.996915 0 -0.0784845
    outer loop
      vertex 6.71601 0 9.20336
      vertex 6.7 5 9
      vertex 6.71601 5 9.20336
    endloop
  endfacet
  facet normal 0.996915 0 -0.0784845
    outer loop
      vertex 6.7 5 9
      vertex 6.71601 0 9.20336
      vertex 6.7 0 9
    endloop
  endfacet
  facet normal -0.522518 0 0.852628
    outer loop
      vertex 8.59019 5 7.84169
      vertex 8.76412 0 7.94828
      vertex 8.76412 5 7.94828
    endloop
  endfacet
  facet normal -0.522518 0 0.852628
    outer loop
      vertex 8.76412 0 7.94828
      vertex 8.59019 5 7.84169
      vertex 8.59019 0 7.84169
    endloop
  endfacet
  facet normal 0.649377 0 -0.760466
    outer loop
      vertex 7.08076 0 9.91924
      vertex 7.23588 5 10.0517
      vertex 7.23588 0 10.0517
    endloop
  endfacet
  facet normal 0.649377 0 -0.760466
    outer loop
      vertex 7.23588 5 10.0517
      vertex 7.08076 0 9.91924
      vertex 7.08076 5 9.91924
    endloop
  endfacet
  facet normal -0.972372 0 -0.233436
    outer loop
      vertex 9.28399 0 9.20336
      vertex 9.23637 5 9.40172
      vertex 9.28399 5 9.20336
    endloop
  endfacet
  facet normal -0.972372 -0 -0.233436
    outer loop
      vertex 9.23637 5 9.40172
      vertex 9.28399 0 9.20336
      vertex 9.23637 0 9.40172
    endloop
  endfacet
  facet normal 0.972372 -0 0.233436
    outer loop
      vertex 6.71601 0 8.79664
      vertex 6.76363 5 8.59828
      vertex 6.71601 5 8.79664
    endloop
  endfacet
  facet normal 0.972372 0 0.233436
    outer loop
      vertex 6.76363 5 8.59828
      vertex 6.71601 0 8.79664
      vertex 6.76363 0 8.59828
    endloop
  endfacet
  facet normal -0.760418 0 -0.649434
    outer loop
      vertex 9.05172 0 9.76412
      vertex 8.91924 5 9.91924
      vertex 9.05172 5 9.76412
    endloop
  endfacet
  facet normal -0.760418 -0 -0.649434
    outer loop
      vertex 8.91924 5 9.91924
      vertex 9.05172 0 9.76412
      vertex 8.91924 0 9.91924
    endloop
  endfacet
  facet normal -0.233436 0 0.972372
    outer loop
      vertex 8.20336 5 7.71601
      vertex 8.40172 0 7.76363
      vertex 8.40172 5 7.76363
    endloop
  endfacet
  facet normal -0.233436 0 0.972372
    outer loop
      vertex 8.40172 0 7.76363
      vertex 8.20336 5 7.71601
      vertex 8.20336 0 7.71601
    endloop
  endfacet
  facet normal -0.382822 0 -0.923822
    outer loop
      vertex 8.40172 0 10.2364
      vertex 8.59019 5 10.1583
      vertex 8.59019 0 10.1583
    endloop
  endfacet
  facet normal -0.382822 0 -0.923822
    outer loop
      vertex 8.59019 5 10.1583
      vertex 8.40172 0 10.2364
      vertex 8.40172 5 10.2364
    endloop
  endfacet
  facet normal 0.0784358 0 -0.996919
    outer loop
      vertex 7.79664 0 10.284
      vertex 8 5 10.3
      vertex 8 0 10.3
    endloop
  endfacet
  facet normal 0.0784358 0 -0.996919
    outer loop
      vertex 8 5 10.3
      vertex 7.79664 0 10.284
      vertex 7.79664 5 10.284
    endloop
  endfacet
  facet normal -0.522554 0 -0.852606
    outer loop
      vertex 8.59019 0 10.1583
      vertex 8.76412 5 10.0517
      vertex 8.76412 0 10.0517
    endloop
  endfacet
  facet normal -0.522554 0 -0.852606
    outer loop
      vertex 8.76412 5 10.0517
      vertex 8.59019 0 10.1583
      vertex 8.59019 5 10.1583
    endloop
  endfacet
  facet normal 0.382655 0 0.923891
    outer loop
      vertex 7.40981 5 7.84169
      vertex 7.59828 0 7.76363
      vertex 7.59828 5 7.76363
    endloop
  endfacet
  facet normal 0.382655 0 0.923891
    outer loop
      vertex 7.59828 0 7.76363
      vertex 7.40981 5 7.84169
      vertex 7.40981 0 7.84169
    endloop
  endfacet
  facet normal 0.996915 -0 0.0784845
    outer loop
      vertex 6.7 0 9
      vertex 6.71601 5 8.79664
      vertex 6.7 5 9
    endloop
  endfacet
  facet normal 0.996915 0 0.0784845
    outer loop
      vertex 6.71601 5 8.79664
      vertex 6.7 0 9
      vertex 6.71601 0 8.79664
    endloop
  endfacet
  facet normal 0.852628 -0 0.522518
    outer loop
      vertex 6.84169 0 8.40981
      vertex 6.94828 5 8.23588
      vertex 6.84169 5 8.40981
    endloop
  endfacet
  facet normal 0.852628 0 0.522518
    outer loop
      vertex 6.94828 5 8.23588
      vertex 6.84169 0 8.40981
      vertex 6.94828 0 8.23588
    endloop
  endfacet
  facet normal -0.760418 0 0.649434
    outer loop
      vertex 8.91924 0 8.08076
      vertex 9.05172 5 8.23588
      vertex 8.91924 5 8.08076
    endloop
  endfacet
  facet normal -0.760418 0 0.649434
    outer loop
      vertex 9.05172 5 8.23588
      vertex 8.91924 0 8.08076
      vertex 9.05172 0 8.23588
    endloop
  endfacet
  facet normal -0.996915 0 -0.0784845
    outer loop
      vertex 9.3 0 9
      vertex 9.28399 5 9.20336
      vertex 9.3 5 9
    endloop
  endfacet
  facet normal -0.996915 -0 -0.0784845
    outer loop
      vertex 9.28399 5 9.20336
      vertex 9.3 0 9
      vertex 9.28399 0 9.20336
    endloop
  endfacet
  facet normal -0.649434 0 0.760418
    outer loop
      vertex 8.76412 5 7.94828
      vertex 8.91924 0 8.08076
      vertex 8.91924 5 8.08076
    endloop
  endfacet
  facet normal -0.649434 0 0.760418
    outer loop
      vertex 8.91924 0 8.08076
      vertex 8.76412 5 7.94828
      vertex 8.76412 0 7.94828
    endloop
  endfacet
  facet normal -0.852628 0 -0.522518
    outer loop
      vertex 9.15831 0 9.59019
      vertex 9.05172 5 9.76412
      vertex 9.15831 5 9.59019
    endloop
  endfacet
  facet normal -0.852628 -0 -0.522518
    outer loop
      vertex 9.05172 5 9.76412
      vertex 9.15831 0 9.59019
      vertex 9.05172 0 9.76412
    endloop
  endfacet
  facet normal -0.649377 0 -0.760466
    outer loop
      vertex 8.76412 0 10.0517
      vertex 8.91924 5 9.91924
      vertex 8.91924 0 9.91924
    endloop
  endfacet
  facet normal -0.649377 0 -0.760466
    outer loop
      vertex 8.91924 5 9.91924
      vertex 8.76412 0 10.0517
      vertex 8.76412 5 10.0517
    endloop
  endfacet
  facet normal -0.0784358 0 -0.996919
    outer loop
      vertex 8 0 10.3
      vertex 8.20336 5 10.284
      vertex 8.20336 0 10.284
    endloop
  endfacet
  facet normal -0.0784358 0 -0.996919
    outer loop
      vertex 8.20336 5 10.284
      vertex 8 0 10.3
      vertex 8 5 10.3
    endloop
  endfacet
  facet normal 0.760418 -0 0.649434
    outer loop
      vertex 6.94828 0 8.23588
      vertex 7.08076 5 8.08076
      vertex 6.94828 5 8.23588
    endloop
  endfacet
  facet normal 0.760418 0 0.649434
    outer loop
      vertex 7.08076 5 8.08076
      vertex 6.94828 0 8.23588
      vertex 7.08076 0 8.08076
    endloop
  endfacet
  facet normal 0.649434 0 0.760418
    outer loop
      vertex 7.08076 5 8.08076
      vertex 7.23588 0 7.94828
      vertex 7.23588 5 7.94828
    endloop
  endfacet
  facet normal 0.649434 0 0.760418
    outer loop
      vertex 7.23588 0 7.94828
      vertex 7.08076 5 8.08076
      vertex 7.08076 0 8.08076
    endloop
  endfacet
  facet normal 0.522554 0 -0.852606
    outer loop
      vertex 7.23588 0 10.0517
      vertex 7.40981 5 10.1583
      vertex 7.40981 0 10.1583
    endloop
  endfacet
  facet normal 0.522554 0 -0.852606
    outer loop
      vertex 7.40981 5 10.1583
      vertex 7.23588 0 10.0517
      vertex 7.23588 5 10.0517
    endloop
  endfacet
  facet normal -0.852628 0 0.522518
    outer loop
      vertex 9.05172 0 8.23588
      vertex 9.15831 5 8.40981
      vertex 9.05172 5 8.23588
    endloop
  endfacet
  facet normal -0.852628 0 0.522518
    outer loop
      vertex 9.15831 5 8.40981
      vertex 9.05172 0 8.23588
      vertex 9.15831 0 8.40981
    endloop
  endfacet
  facet normal 0.923891 0 -0.382655
    outer loop
      vertex 6.84169 0 9.59019
      vertex 6.76363 5 9.40172
      vertex 6.84169 5 9.59019
    endloop
  endfacet
  facet normal 0.923891 0 -0.382655
    outer loop
      vertex 6.76363 5 9.40172
      vertex 6.84169 0 9.59019
      vertex 6.76363 0 9.40172
    endloop
  endfacet
  facet normal 0.852628 0 -0.522518
    outer loop
      vertex 6.94828 0 9.76412
      vertex 6.84169 5 9.59019
      vertex 6.94828 5 9.76412
    endloop
  endfacet
  facet normal 0.852628 0 -0.522518
    outer loop
      vertex 6.84169 5 9.59019
      vertex 6.94828 0 9.76412
      vertex 6.84169 0 9.59019
    endloop
  endfacet
  facet normal -0.972372 0 0.233436
    outer loop
      vertex 9.23637 0 8.59828
      vertex 9.28399 5 8.79664
      vertex 9.23637 5 8.59828
    endloop
  endfacet
  facet normal -0.972372 0 0.233436
    outer loop
      vertex 9.28399 5 8.79664
      vertex 9.23637 0 8.59828
      vertex 9.28399 0 8.79664
    endloop
  endfacet
  facet normal -0.923891 0 -0.382655
    outer loop
      vertex 9.23637 0 9.40172
      vertex 9.15831 5 9.59019
      vertex 9.23637 5 9.40172
    endloop
  endfacet
  facet normal -0.923891 -0 -0.382655
    outer loop
      vertex 9.15831 5 9.59019
      vertex 9.23637 0 9.40172
      vertex 9.15831 0 9.59019
    endloop
  endfacet
  facet normal -0.382655 0 0.923891
    outer loop
      vertex 8.40172 5 7.76363
      vertex 8.59019 0 7.84169
      vertex 8.59019 5 7.84169
    endloop
  endfacet
  facet normal -0.382655 0 0.923891
    outer loop
      vertex 8.59019 0 7.84169
      vertex 8.40172 5 7.76363
      vertex 8.40172 0 7.76363
    endloop
  endfacet
  facet normal 0.760418 0 -0.649434
    outer loop
      vertex 7.08076 0 9.91924
      vertex 6.94828 5 9.76412
      vertex 7.08076 5 9.91924
    endloop
  endfacet
  facet normal 0.760418 0 -0.649434
    outer loop
      vertex 6.94828 5 9.76412
      vertex 7.08076 0 9.91924
      vertex 6.94828 0 9.76412
    endloop
  endfacet
  facet normal -0.923891 0 0.382655
    outer loop
      vertex 9.15831 0 8.40981
      vertex 9.23637 5 8.59828
      vertex 9.15831 5 8.40981
    endloop
  endfacet
  facet normal -0.923891 0 0.382655
    outer loop
      vertex 9.23637 5 8.59828
      vertex 9.15831 0 8.40981
      vertex 9.23637 0 8.59828
    endloop
  endfacet
  facet normal -0.972392 0.233354 0
    outer loop
      vertex 73.7364 8.89828 14.5
      vertex 73.784 9.09663 17
      vertex 73.784 9.09663 14.5
    endloop
  endfacet
  facet normal -0.972392 0.233354 0
    outer loop
      vertex 73.784 9.09663 17
      vertex 73.7364 8.89828 14.5
      vertex 73.7364 8.89828 17
    endloop
  endfacet
  facet normal 0.972392 0.233354 0
    outer loop
      vertex 69.2636 8.89828 17
      vertex 69.216 9.09663 14.5
      vertex 69.216 9.09663 17
    endloop
  endfacet
  facet normal 0.972392 0.233354 0
    outer loop
      vertex 69.216 9.09663 14.5
      vertex 69.2636 8.89828 17
      vertex 69.2636 8.89828 14.5
    endloop
  endfacet
  facet normal 0.649482 0.760377 -0
    outer loop
      vertex 69.7359 8.24828 14.5
      vertex 69.5808 8.38076 17
      vertex 69.7359 8.24828 17
    endloop
  endfacet
  facet normal 0.649482 0.760377 0
    outer loop
      vertex 69.5808 8.38076 17
      vertex 69.7359 8.24828 14.5
      vertex 69.5808 8.38076 14.5
    endloop
  endfacet
  facet normal 0.23341 -0.972378 0
    outer loop
      vertex 70.0983 10.5364 14.5
      vertex 70.2966 10.584 17
      vertex 70.0983 10.5364 17
    endloop
  endfacet
  facet normal 0.23341 -0.972378 0
    outer loop
      vertex 70.2966 10.584 17
      vertex 70.0983 10.5364 14.5
      vertex 70.2966 10.584 14.5
    endloop
  endfacet
  facet normal 0.852579 -0.522598 0
    outer loop
      vertex 69.3417 9.89019 17
      vertex 69.4483 10.0641 14.5
      vertex 69.4483 10.0641 17
    endloop
  endfacet
  facet normal 0.852579 -0.522598 0
    outer loop
      vertex 69.4483 10.0641 14.5
      vertex 69.3417 9.89019 17
      vertex 69.3417 9.89019 14.5
    endloop
  endfacet
  facet normal -0.522584 0.852588 0
    outer loop
      vertex 73.2641 8.24828 14.5
      vertex 73.0902 8.14169 17
      vertex 73.2641 8.24828 17
    endloop
  endfacet
  facet normal -0.522584 0.852588 0
    outer loop
      vertex 73.0902 8.14169 17
      vertex 73.2641 8.24828 14.5
      vertex 73.0902 8.14169 14.5
    endloop
  endfacet
  facet normal -0.382603 0.923913 0
    outer loop
      vertex 73.0902 8.14169 14.5
      vertex 72.9017 8.06363 17
      vertex 73.0902 8.14169 17
    endloop
  endfacet
  facet normal -0.382603 0.923913 0
    outer loop
      vertex 72.9017 8.06363 17
      vertex 73.0902 8.14169 14.5
      vertex 72.9017 8.06363 14.5
    endloop
  endfacet
  facet normal -0.649482 0.760377 0
    outer loop
      vertex 73.4192 8.38076 14.5
      vertex 73.2641 8.24828 17
      vertex 73.4192 8.38076 17
    endloop
  endfacet
  facet normal -0.649482 0.760377 0
    outer loop
      vertex 73.2641 8.24828 17
      vertex 73.4192 8.38076 14.5
      vertex 73.2641 8.24828 14.5
    endloop
  endfacet
  facet normal 0.760328 -0.649539 0
    outer loop
      vertex 69.4483 10.0641 17
      vertex 69.5808 10.2192 14.5
      vertex 69.5808 10.2192 17
    endloop
  endfacet
  facet normal 0.760328 -0.649539 0
    outer loop
      vertex 69.5808 10.2192 14.5
      vertex 69.4483 10.0641 17
      vertex 69.4483 10.0641 14.5
    endloop
  endfacet
  facet normal -0.760328 -0.649539 0
    outer loop
      vertex 73.5517 10.0641 14.5
      vertex 73.4192 10.2192 17
      vertex 73.4192 10.2192 14.5
    endloop
  endfacet
  facet normal -0.760328 -0.649539 0
    outer loop
      vertex 73.4192 10.2192 17
      vertex 73.5517 10.0641 14.5
      vertex 73.5517 10.0641 17
    endloop
  endfacet
  facet normal 0.0784205 0.99692 -0
    outer loop
      vertex 70.5 8 14.5
      vertex 70.2966 8.016 17
      vertex 70.5 8 17
    endloop
  endfacet
  facet normal 0.0784205 0.99692 0
    outer loop
      vertex 70.2966 8.016 17
      vertex 70.5 8 14.5
      vertex 70.2966 8.016 14.5
    endloop
  endfacet
  facet normal 0.0784205 -0.99692 0
    outer loop
      vertex 70.2966 10.584 14.5
      vertex 70.5 10.6 17
      vertex 70.2966 10.584 17
    endloop
  endfacet
  facet normal 0.0784205 -0.99692 0
    outer loop
      vertex 70.5 10.6 17
      vertex 70.2966 10.584 14.5
      vertex 70.5 10.6 14.5
    endloop
  endfacet
  facet normal -0.852606 0.522554 0
    outer loop
      vertex 73.5517 8.53588 14.5
      vertex 73.6583 8.70981 17
      vertex 73.6583 8.70981 14.5
    endloop
  endfacet
  facet normal -0.852606 0.522554 0
    outer loop
      vertex 73.6583 8.70981 17
      vertex 73.5517 8.53588 14.5
      vertex 73.5517 8.53588 17
    endloop
  endfacet
  facet normal 0.996919 -0.0784358 0
    outer loop
      vertex 69.2 9.3 17
      vertex 69.216 9.50336 14.5
      vertex 69.216 9.50336 17
    endloop
  endfacet
  facet normal 0.996919 -0.0784358 0
    outer loop
      vertex 69.216 9.50336 14.5
      vertex 69.2 9.3 17
      vertex 69.2 9.3 14.5
    endloop
  endfacet
  facet normal 0.38277 -0.923844 0
    outer loop
      vertex 69.9098 10.4583 14.5
      vertex 70.0983 10.5364 17
      vertex 69.9098 10.4583 17
    endloop
  endfacet
  facet normal 0.38277 -0.923844 0
    outer loop
      vertex 70.0983 10.5364 17
      vertex 69.9098 10.4583 14.5
      vertex 70.0983 10.5364 14.5
    endloop
  endfacet
  facet normal -0.76037 0.649491 0
    outer loop
      vertex 73.4192 8.38076 14.5
      vertex 73.5517 8.53588 17
      vertex 73.5517 8.53588 14.5
    endloop
  endfacet
  facet normal -0.76037 0.649491 0
    outer loop
      vertex 73.5517 8.53588 17
      vertex 73.4192 8.38076 14.5
      vertex 73.4192 8.38076 17
    endloop
  endfacet
  facet normal -0.923822 -0.382822 0
    outer loop
      vertex 73.7364 9.70172 14.5
      vertex 73.6583 9.89019 17
      vertex 73.6583 9.89019 14.5
    endloop
  endfacet
  facet normal -0.923822 -0.382822 0
    outer loop
      vertex 73.6583 9.89019 17
      vertex 73.7364 9.70172 14.5
      vertex 73.7364 9.70172 17
    endloop
  endfacet
  facet normal 0 1 -0
    outer loop
      vertex 72.5 8 14.5
      vertex 70.5 8 17
      vertex 72.5 8 17
    endloop
  endfacet
  facet normal 0 1 0
    outer loop
      vertex 70.5 8 17
      vertex 72.5 8 14.5
      vertex 70.5 8 14.5
    endloop
  endfacet
  facet normal 0.76037 0.649491 0
    outer loop
      vertex 69.5808 8.38076 17
      vertex 69.4483 8.53588 14.5
      vertex 69.4483 8.53588 17
    endloop
  endfacet
  facet normal 0.76037 0.649491 0
    outer loop
      vertex 69.4483 8.53588 14.5
      vertex 69.5808 8.38076 17
      vertex 69.5808 8.38076 14.5
    endloop
  endfacet
  facet normal -0.923822 0.382822 0
    outer loop
      vertex 73.6583 8.70981 14.5
      vertex 73.7364 8.89828 17
      vertex 73.7364 8.89828 14.5
    endloop
  endfacet
  facet normal -0.923822 0.382822 0
    outer loop
      vertex 73.7364 8.89828 17
      vertex 73.6583 8.70981 14.5
      vertex 73.6583 8.70981 17
    endloop
  endfacet
  facet normal 0.649539 -0.760328 0
    outer loop
      vertex 69.5808 10.2192 14.5
      vertex 69.7359 10.3517 17
      vertex 69.5808 10.2192 17
    endloop
  endfacet
  facet normal 0.649539 -0.760328 0
    outer loop
      vertex 69.7359 10.3517 17
      vertex 69.5808 10.2192 14.5
      vertex 69.7359 10.3517 14.5
    endloop
  endfacet
  facet normal -0.649539 -0.760328 0
    outer loop
      vertex 73.2641 10.3517 14.5
      vertex 73.4192 10.2192 17
      vertex 73.2641 10.3517 17
    endloop
  endfacet
  facet normal -0.649539 -0.760328 -0
    outer loop
      vertex 73.4192 10.2192 17
      vertex 73.2641 10.3517 14.5
      vertex 73.4192 10.2192 14.5
    endloop
  endfacet
  facet normal 0 -1 0
    outer loop
      vertex 70.5 10.6 14.5
      vertex 72.5 10.6 17
      vertex 70.5 10.6 17
    endloop
  endfacet
  facet normal 0 -1 -0
    outer loop
      vertex 72.5 10.6 17
      vertex 70.5 10.6 14.5
      vertex 72.5 10.6 14.5
    endloop
  endfacet
  facet normal -0.52262 -0.852566 0
    outer loop
      vertex 73.0902 10.4583 14.5
      vertex 73.2641 10.3517 17
      vertex 73.0902 10.4583 17
    endloop
  endfacet
  facet normal -0.52262 -0.852566 -0
    outer loop
      vertex 73.2641 10.3517 17
      vertex 73.0902 10.4583 14.5
      vertex 73.2641 10.3517 14.5
    endloop
  endfacet
  facet normal 0.972394 -0.233343 0
    outer loop
      vertex 69.216 9.50336 17
      vertex 69.2636 9.70172 14.5
      vertex 69.2636 9.70172 17
    endloop
  endfacet
  facet normal 0.972394 -0.233343 0
    outer loop
      vertex 69.2636 9.70172 14.5
      vertex 69.216 9.50336 17
      vertex 69.216 9.50336 14.5
    endloop
  endfacet
  facet normal 0.52262 -0.852566 0
    outer loop
      vertex 69.7359 10.3517 14.5
      vertex 69.9098 10.4583 17
      vertex 69.7359 10.3517 17
    endloop
  endfacet
  facet normal 0.52262 -0.852566 0
    outer loop
      vertex 69.9098 10.4583 17
      vertex 69.7359 10.3517 14.5
      vertex 69.9098 10.4583 14.5
    endloop
  endfacet
  facet normal -0.38277 -0.923844 0
    outer loop
      vertex 72.9017 10.5364 14.5
      vertex 73.0902 10.4583 17
      vertex 72.9017 10.5364 17
    endloop
  endfacet
  facet normal -0.38277 -0.923844 -0
    outer loop
      vertex 73.0902 10.4583 17
      vertex 72.9017 10.5364 14.5
      vertex 73.0902 10.4583 14.5
    endloop
  endfacet
  facet normal -0.0784205 -0.99692 0
    outer loop
      vertex 72.5 10.6 14.5
      vertex 72.7034 10.584 17
      vertex 72.5 10.6 17
    endloop
  endfacet
  facet normal -0.0784205 -0.99692 -0
    outer loop
      vertex 72.7034 10.584 17
      vertex 72.5 10.6 14.5
      vertex 72.7034 10.584 14.5
    endloop
  endfacet
  facet normal -0.23341 -0.972378 0
    outer loop
      vertex 72.7034 10.584 14.5
      vertex 72.9017 10.5364 17
      vertex 72.7034 10.584 17
    endloop
  endfacet
  facet normal -0.23341 -0.972378 -0
    outer loop
      vertex 72.9017 10.5364 17
      vertex 72.7034 10.584 14.5
      vertex 72.9017 10.5364 14.5
    endloop
  endfacet
  facet normal -0.0784205 0.99692 0
    outer loop
      vertex 72.7034 8.016 14.5
      vertex 72.5 8 17
      vertex 72.7034 8.016 17
    endloop
  endfacet
  facet normal -0.0784205 0.99692 0
    outer loop
      vertex 72.5 8 17
      vertex 72.7034 8.016 14.5
      vertex 72.5 8 14.5
    endloop
  endfacet
  facet normal -0.972394 -0.233343 0
    outer loop
      vertex 73.784 9.50336 14.5
      vertex 73.7364 9.70172 17
      vertex 73.7364 9.70172 14.5
    endloop
  endfacet
  facet normal -0.972394 -0.233343 0
    outer loop
      vertex 73.7364 9.70172 17
      vertex 73.784 9.50336 14.5
      vertex 73.784 9.50336 17
    endloop
  endfacet
  facet normal 0.233549 0.972345 -0
    outer loop
      vertex 70.2966 8.016 14.5
      vertex 70.0983 8.06363 17
      vertex 70.2966 8.016 17
    endloop
  endfacet
  facet normal 0.233549 0.972345 0
    outer loop
      vertex 70.0983 8.06363 17
      vertex 70.2966 8.016 14.5
      vertex 70.0983 8.06363 14.5
    endloop
  endfacet
  facet normal 0.996919 0.078432 0
    outer loop
      vertex 69.216 9.09663 17
      vertex 69.2 9.3 14.5
      vertex 69.2 9.3 17
    endloop
  endfacet
  facet normal 0.996919 0.078432 0
    outer loop
      vertex 69.2 9.3 14.5
      vertex 69.216 9.09663 17
      vertex 69.216 9.09663 14.5
    endloop
  endfacet
  facet normal -0.996919 -0.0784358 0
    outer loop
      vertex 73.8 9.3 14.5
      vertex 73.784 9.50336 17
      vertex 73.784 9.50336 14.5
    endloop
  endfacet
  facet normal -0.996919 -0.0784358 0
    outer loop
      vertex 73.784 9.50336 17
      vertex 73.8 9.3 14.5
      vertex 73.8 9.3 17
    endloop
  endfacet
  facet normal -0.996919 0.078432 0
    outer loop
      vertex 73.784 9.09663 14.5
      vertex 73.8 9.3 17
      vertex 73.8 9.3 14.5
    endloop
  endfacet
  facet normal -0.996919 0.078432 0
    outer loop
      vertex 73.8 9.3 17
      vertex 73.784 9.09663 14.5
      vertex 73.784 9.09663 17
    endloop
  endfacet
  facet normal -0.233549 0.972345 0
    outer loop
      vertex 72.9017 8.06363 14.5
      vertex 72.7034 8.016 17
      vertex 72.9017 8.06363 17
    endloop
  endfacet
  facet normal -0.233549 0.972345 0
    outer loop
      vertex 72.7034 8.016 17
      vertex 72.9017 8.06363 14.5
      vertex 72.7034 8.016 14.5
    endloop
  endfacet
  facet normal 0.382603 0.923913 -0
    outer loop
      vertex 70.0983 8.06363 14.5
      vertex 69.9098 8.14169 17
      vertex 70.0983 8.06363 17
    endloop
  endfacet
  facet normal 0.382603 0.923913 0
    outer loop
      vertex 69.9098 8.14169 17
      vertex 70.0983 8.06363 14.5
      vertex 69.9098 8.14169 14.5
    endloop
  endfacet
  facet normal -0.852579 -0.522598 0
    outer loop
      vertex 73.6583 9.89019 14.5
      vertex 73.5517 10.0641 17
      vertex 73.5517 10.0641 14.5
    endloop
  endfacet
  facet normal -0.852579 -0.522598 0
    outer loop
      vertex 73.5517 10.0641 17
      vertex 73.6583 9.89019 14.5
      vertex 73.6583 9.89019 17
    endloop
  endfacet
  facet normal 0.852606 0.522554 0
    outer loop
      vertex 69.4483 8.53588 17
      vertex 69.3417 8.70981 14.5
      vertex 69.3417 8.70981 17
    endloop
  endfacet
  facet normal 0.852606 0.522554 0
    outer loop
      vertex 69.3417 8.70981 14.5
      vertex 69.4483 8.53588 17
      vertex 69.4483 8.53588 14.5
    endloop
  endfacet
  facet normal 0.522584 0.852588 -0
    outer loop
      vertex 69.9098 8.14169 14.5
      vertex 69.7359 8.24828 17
      vertex 69.9098 8.14169 17
    endloop
  endfacet
  facet normal 0.522584 0.852588 0
    outer loop
      vertex 69.7359 8.24828 17
      vertex 69.9098 8.14169 14.5
      vertex 69.7359 8.24828 14.5
    endloop
  endfacet
  facet normal 0.923822 0.382822 0
    outer loop
      vertex 69.3417 8.70981 17
      vertex 69.2636 8.89828 14.5
      vertex 69.2636 8.89828 17
    endloop
  endfacet
  facet normal 0.923822 0.382822 0
    outer loop
      vertex 69.2636 8.89828 14.5
      vertex 69.3417 8.70981 17
      vertex 69.3417 8.70981 14.5
    endloop
  endfacet
  facet normal 0.923822 -0.382822 0
    outer loop
      vertex 69.2636 9.70172 17
      vertex 69.3417 9.89019 14.5
      vertex 69.3417 9.89019 17
    endloop
  endfacet
  facet normal 0.923822 -0.382822 0
    outer loop
      vertex 69.3417 9.89019 14.5
      vertex 69.2636 9.70172 17
      vertex 69.2636 9.70172 14.5
    endloop
  endfacet
  facet normal -0.972369 0.233447 0
    outer loop
      vertex 8.73637 8.89828 14.5
      vertex 8.78399 9.09663 17
      vertex 8.78399 9.09663 14.5
    endloop
  endfacet
  facet normal -0.972369 0.233447 0
    outer loop
      vertex 8.78399 9.09663 17
      vertex 8.73637 8.89828 14.5
      vertex 8.73637 8.89828 17
    endloop
  endfacet
  facet normal 0.972369 0.233447 0
    outer loop
      vertex 4.26363 8.89828 17
      vertex 4.21601 9.09663 14.5
      vertex 4.21601 9.09663 17
    endloop
  endfacet
  facet normal 0.972369 0.233447 0
    outer loop
      vertex 4.21601 9.09663 14.5
      vertex 4.26363 8.89828 17
      vertex 4.26363 8.89828 14.5
    endloop
  endfacet
  facet normal 0.649434 0.760418 -0
    outer loop
      vertex 4.73588 8.24828 14.5
      vertex 4.58076 8.38076 17
      vertex 4.73588 8.24828 17
    endloop
  endfacet
  facet normal 0.649434 0.760418 0
    outer loop
      vertex 4.58076 8.38076 17
      vertex 4.73588 8.24828 14.5
      vertex 4.58076 8.38076 14.5
    endloop
  endfacet
  facet normal 0.233343 -0.972394 0
    outer loop
      vertex 5.09828 10.5364 14.5
      vertex 5.29664 10.584 17
      vertex 5.09828 10.5364 17
    endloop
  endfacet
  facet normal 0.233343 -0.972394 0
    outer loop
      vertex 5.29664 10.584 17
      vertex 5.09828 10.5364 14.5
      vertex 5.29664 10.584 14.5
    endloop
  endfacet
  facet normal 0.852601 -0.522562 0
    outer loop
      vertex 4.34169 9.89019 17
      vertex 4.44828 10.0641 14.5
      vertex 4.44828 10.0641 17
    endloop
  endfacet
  facet normal 0.852601 -0.522562 0
    outer loop
      vertex 4.44828 10.0641 14.5
      vertex 4.34169 9.89019 17
      vertex 4.34169 9.89019 14.5
    endloop
  endfacet
  facet normal -0.522518 0.852628 0
    outer loop
      vertex 8.26412 8.24828 14.5
      vertex 8.09019 8.14169 17
      vertex 8.26412 8.24828 17
    endloop
  endfacet
  facet normal -0.522518 0.852628 0
    outer loop
      vertex 8.09019 8.14169 17
      vertex 8.26412 8.24828 14.5
      vertex 8.09019 8.14169 14.5
    endloop
  endfacet
  facet normal -0.382655 0.923891 0
    outer loop
      vertex 8.09019 8.14169 14.5
      vertex 7.90172 8.06363 17
      vertex 8.09019 8.14169 17
    endloop
  endfacet
  facet normal -0.382655 0.923891 0
    outer loop
      vertex 7.90172 8.06363 17
      vertex 8.09019 8.14169 14.5
      vertex 7.90172 8.06363 14.5
    endloop
  endfacet
  facet normal -0.649434 0.760418 0
    outer loop
      vertex 8.41924 8.38076 14.5
      vertex 8.26412 8.24828 17
      vertex 8.41924 8.38076 17
    endloop
  endfacet
  facet normal -0.649434 0.760418 0
    outer loop
      vertex 8.26412 8.24828 17
      vertex 8.41924 8.38076 14.5
      vertex 8.26412 8.24828 14.5
    endloop
  endfacet
  facet normal 0.760377 -0.649482 0
    outer loop
      vertex 4.44828 10.0641 17
      vertex 4.58076 10.2192 14.5
      vertex 4.58076 10.2192 17
    endloop
  endfacet
  facet normal 0.760377 -0.649482 0
    outer loop
      vertex 4.58076 10.2192 14.5
      vertex 4.44828 10.0641 17
      vertex 4.44828 10.0641 14.5
    endloop
  endfacet
  facet normal -0.760377 -0.649482 0
    outer loop
      vertex 8.55172 10.0641 14.5
      vertex 8.41924 10.2192 17
      vertex 8.41924 10.2192 14.5
    endloop
  endfacet
  facet normal -0.760377 -0.649482 0
    outer loop
      vertex 8.41924 10.2192 17
      vertex 8.55172 10.0641 14.5
      vertex 8.55172 10.0641 17
    endloop
  endfacet
  facet normal 0.0784358 0.996919 -0
    outer loop
      vertex 5.5 8 14.5
      vertex 5.29664 8.016 17
      vertex 5.5 8 17
    endloop
  endfacet
  facet normal 0.0784358 0.996919 0
    outer loop
      vertex 5.29664 8.016 17
      vertex 5.5 8 14.5
      vertex 5.29664 8.016 14.5
    endloop
  endfacet
  facet normal 0.0784358 -0.996919 0
    outer loop
      vertex 5.29664 10.584 14.5
      vertex 5.5 10.6 17
      vertex 5.29664 10.584 17
    endloop
  endfacet
  facet normal 0.0784358 -0.996919 0
    outer loop
      vertex 5.5 10.6 17
      vertex 5.29664 10.584 14.5
      vertex 5.5 10.6 14.5
    endloop
  endfacet
  facet normal -0.852628 0.522518 0
    outer loop
      vertex 8.55172 8.53588 14.5
      vertex 8.65831 8.70981 17
      vertex 8.65831 8.70981 14.5
    endloop
  endfacet
  facet normal -0.852628 0.522518 0
    outer loop
      vertex 8.65831 8.70981 17
      vertex 8.55172 8.53588 14.5
      vertex 8.55172 8.53588 17
    endloop
  endfacet
  facet normal 0.996915 -0.0784845 0
    outer loop
      vertex 4.2 9.3 17
      vertex 4.21601 9.50336 14.5
      vertex 4.21601 9.50336 17
    endloop
  endfacet
  facet normal 0.996915 -0.0784845 0
    outer loop
      vertex 4.21601 9.50336 14.5
      vertex 4.2 9.3 17
      vertex 4.2 9.3 14.5
    endloop
  endfacet
  facet normal 0.382822 -0.923822 0
    outer loop
      vertex 4.90981 10.4583 14.5
      vertex 5.09828 10.5364 17
      vertex 4.90981 10.4583 17
    endloop
  endfacet
  facet normal 0.382822 -0.923822 0
    outer loop
      vertex 5.09828 10.5364 17
      vertex 4.90981 10.4583 14.5
      vertex 5.09828 10.5364 14.5
    endloop
  endfacet
  facet normal -0.760418 0.649434 0
    outer loop
      vertex 8.41924 8.38076 14.5
      vertex 8.55172 8.53588 17
      vertex 8.55172 8.53588 14.5
    endloop
  endfacet
  facet normal -0.760418 0.649434 0
    outer loop
      vertex 8.55172 8.53588 17
      vertex 8.41924 8.38076 14.5
      vertex 8.41924 8.38076 17
    endloop
  endfacet
  facet normal -0.923891 -0.382655 0
    outer loop
      vertex 8.73637 9.70172 14.5
      vertex 8.65831 9.89019 17
      vertex 8.65831 9.89019 14.5
    endloop
  endfacet
  facet normal -0.923891 -0.382655 0
    outer loop
      vertex 8.65831 9.89019 17
      vertex 8.73637 9.70172 14.5
      vertex 8.73637 9.70172 17
    endloop
  endfacet
  facet normal 0 1 -0
    outer loop
      vertex 7.5 8 14.5
      vertex 5.5 8 17
      vertex 7.5 8 17
    endloop
  endfacet
  facet normal 0 1 0
    outer loop
      vertex 5.5 8 17
      vertex 7.5 8 14.5
      vertex 5.5 8 14.5
    endloop
  endfacet
  facet normal 0.760418 0.649434 0
    outer loop
      vertex 4.58076 8.38076 17
      vertex 4.44828 8.53588 14.5
      vertex 4.44828 8.53588 17
    endloop
  endfacet
  facet normal 0.760418 0.649434 0
    outer loop
      vertex 4.44828 8.53588 14.5
      vertex 4.58076 8.38076 17
      vertex 4.58076 8.38076 14.5
    endloop
  endfacet
  facet normal -0.923891 0.382655 0
    outer loop
      vertex 8.65831 8.70981 14.5
      vertex 8.73637 8.89828 17
      vertex 8.73637 8.89828 14.5
    endloop
  endfacet
  facet normal -0.923891 0.382655 0
    outer loop
      vertex 8.73637 8.89828 17
      vertex 8.65831 8.70981 14.5
      vertex 8.65831 8.70981 17
    endloop
  endfacet
  facet normal 0.649491 -0.76037 0
    outer loop
      vertex 4.58076 10.2192 14.5
      vertex 4.73588 10.3517 17
      vertex 4.58076 10.2192 17
    endloop
  endfacet
  facet normal 0.649491 -0.76037 0
    outer loop
      vertex 4.73588 10.3517 17
      vertex 4.58076 10.2192 14.5
      vertex 4.73588 10.3517 14.5
    endloop
  endfacet
  facet normal -0.649491 -0.76037 0
    outer loop
      vertex 8.26412 10.3517 14.5
      vertex 8.41924 10.2192 17
      vertex 8.26412 10.3517 17
    endloop
  endfacet
  facet normal -0.649491 -0.76037 -0
    outer loop
      vertex 8.41924 10.2192 17
      vertex 8.26412 10.3517 14.5
      vertex 8.41924 10.2192 14.5
    endloop
  endfacet
  facet normal 0 -1 0
    outer loop
      vertex 5.5 10.6 14.5
      vertex 7.5 10.6 17
      vertex 5.5 10.6 17
    endloop
  endfacet
  facet normal 0 -1 -0
    outer loop
      vertex 7.5 10.6 17
      vertex 5.5 10.6 14.5
      vertex 7.5 10.6 14.5
    endloop
  endfacet
  facet normal -0.522554 -0.852606 0
    outer loop
      vertex 8.09019 10.4583 14.5
      vertex 8.26412 10.3517 17
      vertex 8.09019 10.4583 17
    endloop
  endfacet
  facet normal -0.522554 -0.852606 -0
    outer loop
      vertex 8.26412 10.3517 17
      vertex 8.09019 10.4583 14.5
      vertex 8.26412 10.3517 14.5
    endloop
  endfacet
  facet normal 0.972372 -0.233436 0
    outer loop
      vertex 4.21601 9.50336 17
      vertex 4.26363 9.70172 14.5
      vertex 4.26363 9.70172 17
    endloop
  endfacet
  facet normal 0.972372 -0.233436 0
    outer loop
      vertex 4.26363 9.70172 14.5
      vertex 4.21601 9.50336 17
      vertex 4.21601 9.50336 14.5
    endloop
  endfacet
  facet normal 0.522554 -0.852606 0
    outer loop
      vertex 4.73588 10.3517 14.5
      vertex 4.90981 10.4583 17
      vertex 4.73588 10.3517 17
    endloop
  endfacet
  facet normal 0.522554 -0.852606 0
    outer loop
      vertex 4.90981 10.4583 17
      vertex 4.73588 10.3517 14.5
      vertex 4.90981 10.4583 14.5
    endloop
  endfacet
  facet normal -0.382822 -0.923822 0
    outer loop
      vertex 7.90172 10.5364 14.5
      vertex 8.09019 10.4583 17
      vertex 7.90172 10.5364 17
    endloop
  endfacet
  facet normal -0.382822 -0.923822 -0
    outer loop
      vertex 8.09019 10.4583 17
      vertex 7.90172 10.5364 14.5
      vertex 8.09019 10.4583 14.5
    endloop
  endfacet
  facet normal -0.0784358 -0.996919 0
    outer loop
      vertex 7.5 10.6 14.5
      vertex 7.70336 10.584 17
      vertex 7.5 10.6 17
    endloop
  endfacet
  facet normal -0.0784358 -0.996919 -0
    outer loop
      vertex 7.70336 10.584 17
      vertex 7.5 10.6 14.5
      vertex 7.70336 10.584 14.5
    endloop
  endfacet
  facet normal -0.233343 -0.972394 0
    outer loop
      vertex 7.70336 10.584 14.5
      vertex 7.90172 10.5364 17
      vertex 7.70336 10.584 17
    endloop
  endfacet
  facet normal -0.233343 -0.972394 -0
    outer loop
      vertex 7.90172 10.5364 17
      vertex 7.70336 10.584 14.5
      vertex 7.90172 10.5364 14.5
    endloop
  endfacet
  facet normal -0.0784358 0.996919 0
    outer loop
      vertex 7.70336 8.016 14.5
      vertex 7.5 8 17
      vertex 7.70336 8.016 17
    endloop
  endfacet
  facet normal -0.0784358 0.996919 0
    outer loop
      vertex 7.5 8 17
      vertex 7.70336 8.016 14.5
      vertex 7.5 8 14.5
    endloop
  endfacet
  facet normal -0.972372 -0.233436 0
    outer loop
      vertex 8.78399 9.50336 14.5
      vertex 8.73637 9.70172 17
      vertex 8.73637 9.70172 14.5
    endloop
  endfacet
  facet normal -0.972372 -0.233436 0
    outer loop
      vertex 8.73637 9.70172 17
      vertex 8.78399 9.50336 14.5
      vertex 8.78399 9.50336 17
    endloop
  endfacet
  facet normal 0.233482 0.972361 -0
    outer loop
      vertex 5.29664 8.016 14.5
      vertex 5.09828 8.06363 17
      vertex 5.29664 8.016 17
    endloop
  endfacet
  facet normal 0.233482 0.972361 0
    outer loop
      vertex 5.09828 8.06363 17
      vertex 5.29664 8.016 14.5
      vertex 5.09828 8.06363 14.5
    endloop
  endfacet
  facet normal 0.996916 0.0784807 0
    outer loop
      vertex 4.21601 9.09663 17
      vertex 4.2 9.3 14.5
      vertex 4.2 9.3 17
    endloop
  endfacet
  facet normal 0.996916 0.0784807 0
    outer loop
      vertex 4.2 9.3 14.5
      vertex 4.21601 9.09663 17
      vertex 4.21601 9.09663 14.5
    endloop
  endfacet
  facet normal -0.996915 -0.0784845 0
    outer loop
      vertex 8.8 9.3 14.5
      vertex 8.78399 9.50336 17
      vertex 8.78399 9.50336 14.5
    endloop
  endfacet
  facet normal -0.996915 -0.0784845 0
    outer loop
      vertex 8.78399 9.50336 17
      vertex 8.8 9.3 14.5
      vertex 8.8 9.3 17
    endloop
  endfacet
  facet normal -0.996916 0.0784807 0
    outer loop
      vertex 8.78399 9.09663 14.5
      vertex 8.8 9.3 17
      vertex 8.8 9.3 14.5
    endloop
  endfacet
  facet normal -0.996916 0.0784807 0
    outer loop
      vertex 8.8 9.3 17
      vertex 8.78399 9.09663 14.5
      vertex 8.78399 9.09663 17
    endloop
  endfacet
  facet normal -0.233482 0.972361 0
    outer loop
      vertex 7.90172 8.06363 14.5
      vertex 7.70336 8.016 17
      vertex 7.90172 8.06363 17
    endloop
  endfacet
  facet normal -0.233482 0.972361 0
    outer loop
      vertex 7.70336 8.016 17
      vertex 7.90172 8.06363 14.5
      vertex 7.70336 8.016 14.5
    endloop
  endfacet
  facet normal 0.382655 0.923891 -0
    outer loop
      vertex 5.09828 8.06363 14.5
      vertex 4.90981 8.14169 17
      vertex 5.09828 8.06363 17
    endloop
  endfacet
  facet normal 0.382655 0.923891 0
    outer loop
      vertex 4.90981 8.14169 17
      vertex 5.09828 8.06363 14.5
      vertex 4.90981 8.14169 14.5
    endloop
  endfacet
  facet normal -0.852601 -0.522562 0
    outer loop
      vertex 8.65831 9.89019 14.5
      vertex 8.55172 10.0641 17
      vertex 8.55172 10.0641 14.5
    endloop
  endfacet
  facet normal -0.852601 -0.522562 0
    outer loop
      vertex 8.55172 10.0641 17
      vertex 8.65831 9.89019 14.5
      vertex 8.65831 9.89019 17
    endloop
  endfacet
  facet normal 0.852628 0.522518 0
    outer loop
      vertex 4.44828 8.53588 17
      vertex 4.34169 8.70981 14.5
      vertex 4.34169 8.70981 17
    endloop
  endfacet
  facet normal 0.852628 0.522518 0
    outer loop
      vertex 4.34169 8.70981 14.5
      vertex 4.44828 8.53588 17
      vertex 4.44828 8.53588 14.5
    endloop
  endfacet
  facet normal 0.522518 0.852628 -0
    outer loop
      vertex 4.90981 8.14169 14.5
      vertex 4.73588 8.24828 17
      vertex 4.90981 8.14169 17
    endloop
  endfacet
  facet normal 0.522518 0.852628 0
    outer loop
      vertex 4.73588 8.24828 17
      vertex 4.90981 8.14169 14.5
      vertex 4.73588 8.24828 14.5
    endloop
  endfacet
  facet normal 0.923891 0.382655 0
    outer loop
      vertex 4.34169 8.70981 17
      vertex 4.26363 8.89828 14.5
      vertex 4.26363 8.89828 17
    endloop
  endfacet
  facet normal 0.923891 0.382655 0
    outer loop
      vertex 4.26363 8.89828 14.5
      vertex 4.34169 8.70981 17
      vertex 4.34169 8.70981 14.5
    endloop
  endfacet
  facet normal 0.923891 -0.382655 0
    outer loop
      vertex 4.26363 9.70172 17
      vertex 4.34169 9.89019 14.5
      vertex 4.34169 9.89019 17
    endloop
  endfacet
  facet normal 0.923891 -0.382655 0
    outer loop
      vertex 4.34169 9.89019 14.5
      vertex 4.26363 9.70172 17
      vertex 4.26363 9.70172 14.5
    endloop
  endfacet
  facet normal 1 -0 0
    outer loop
      vertex 14.5 0 12.5
      vertex 14.5 2 6.5
      vertex 14.5 2 12.5
    endloop
  endfacet
  facet normal 1 0 0
    outer loop
      vertex 14.5 2 6.5
      vertex 14.5 0 12.5
      vertex 14.5 0 6.5
    endloop
  endfacet
  facet normal 0 0 -1
    outer loop
      vertex 14.5 0 12.5
      vertex 60.5 2 12.5
      vertex 60.5 0 12.5
    endloop
  endfacet
  facet normal -0 0 -1
    outer loop
      vertex 60.5 2 12.5
      vertex 14.5 0 12.5
      vertex 14.5 2 12.5
    endloop
  endfacet
  facet normal -0 0 1
    outer loop
      vertex 14.5 2 6.5
      vertex 60.5 0 6.5
      vertex 60.5 2 6.5
    endloop
  endfacet
  facet normal 0 0 1
    outer loop
      vertex 60.5 0 6.5
      vertex 14.5 2 6.5
      vertex 14.5 0 6.5
    endloop
  endfacet
  facet normal -1 0 0
    outer loop
      vertex 60.5 0 6.5
      vertex 60.5 2 12.5
      vertex 60.5 2 6.5
    endloop
  endfacet
  facet normal -1 -0 0
    outer loop
      vertex 60.5 2 12.5
      vertex 60.5 0 6.5
      vertex 60.5 0 12.5
    endloop
  endfacet
  facet normal -0.233602 0 -0.972332
    outer loop
      vertex 66.3129 0 11.4754
      vertex 66.618 2 11.4021
      vertex 66.618 0 11.4021
    endloop
  endfacet
  facet normal -0.233602 0 -0.972332
    outer loop
      vertex 66.618 2 11.4021
      vertex 66.3129 0 11.4754
      vertex 66.3129 2 11.4754
    endloop
  endfacet
  facet normal 0.972343 -0 0.233559
    outer loop
      vertex 64.0246 0 9.18713
      vertex 64.0979 2 8.88197
      vertex 64.0246 2 9.18713
    endloop
  endfacet
  facet normal 0.972343 0 0.233559
    outer loop
      vertex 64.0979 2 8.88197
      vertex 64.0246 0 9.18713
      vertex 64.0979 0 8.88197
    endloop
  endfacet
  facet normal 0.996923 -0 0.078385
    outer loop
      vertex 64 0 9.5
      vertex 64.0246 2 9.18713
      vertex 64 2 9.5
    endloop
  endfacet
  facet normal 0.996923 0 0.078385
    outer loop
      vertex 64.0246 2 9.18713
      vertex 64 0 9.5
      vertex 64.0246 0 9.18713
    endloop
  endfacet
  facet normal 0.923881 -0 0.38268
    outer loop
      vertex 64.0979 0 8.88197
      vertex 64.218 2 8.59202
      vertex 64.0979 2 8.88197
    endloop
  endfacet
  facet normal 0.923881 0 0.38268
    outer loop
      vertex 64.218 2 8.59202
      vertex 64.0979 0 8.88197
      vertex 64.218 0 8.59202
    endloop
  endfacet
  facet normal -0.996923 0 -0.078385
    outer loop
      vertex 68 0 9.5
      vertex 67.9754 2 9.81287
      vertex 68 2 9.5
    endloop
  endfacet
  facet normal -0.996923 -0 -0.078385
    outer loop
      vertex 67.9754 2 9.81287
      vertex 68 0 9.5
      vertex 67.9754 0 9.81287
    endloop
  endfacet
  facet normal -0.923881 0 0.38268
    outer loop
      vertex 67.782 0 8.59202
      vertex 67.9021 2 8.88197
      vertex 67.782 2 8.59202
    endloop
  endfacet
  facet normal -0.923881 0 0.38268
    outer loop
      vertex 67.9021 2 8.88197
      vertex 67.782 0 8.59202
      vertex 67.9021 0 8.88197
    endloop
  endfacet
  facet normal -0.233512 0 0.972354
    outer loop
      vertex 66.3129 2 7.52462
      vertex 66.618 0 7.59789
      vertex 66.618 2 7.59789
    endloop
  endfacet
  facet normal -0.233512 0 0.972354
    outer loop
      vertex 66.618 0 7.59789
      vertex 66.3129 2 7.52462
      vertex 66.3129 0 7.52462
    endloop
  endfacet
  facet normal 0.233602 0 -0.972332
    outer loop
      vertex 65.382 0 11.4021
      vertex 65.6871 2 11.4754
      vertex 65.6871 0 11.4754
    endloop
  endfacet
  facet normal 0.233602 0 -0.972332
    outer loop
      vertex 65.6871 2 11.4754
      vertex 65.382 0 11.4021
      vertex 65.382 2 11.4021
    endloop
  endfacet
  facet normal -0.85262 0 -0.522532
    outer loop
      vertex 67.782 0 10.408
      vertex 67.618 2 10.6756
      vertex 67.782 2 10.408
    endloop
  endfacet
  facet normal -0.85262 -0 -0.522532
    outer loop
      vertex 67.618 2 10.6756
      vertex 67.782 0 10.408
      vertex 67.618 0 10.6756
    endloop
  endfacet
  facet normal 0.76038 0 -0.649478
    outer loop
      vertex 64.5858 0 10.9142
      vertex 64.382 2 10.6756
      vertex 64.5858 2 10.9142
    endloop
  endfacet
  facet normal 0.76038 0 -0.649478
    outer loop
      vertex 64.382 2 10.6756
      vertex 64.5858 0 10.9142
      vertex 64.382 0 10.6756
    endloop
  endfacet
  facet normal -0.382624 0 0.923904
    outer loop
      vertex 66.618 2 7.59789
      vertex 66.908 0 7.71799
      vertex 66.908 2 7.71799
    endloop
  endfacet
  facet normal -0.382624 0 0.923904
    outer loop
      vertex 66.908 0 7.71799
      vertex 66.618 2 7.59789
      vertex 66.618 0 7.59789
    endloop
  endfacet
  facet normal -0.0784408 0 0.996919
    outer loop
      vertex 66 2 7.5
      vertex 66.3129 0 7.52462
      vertex 66.3129 2 7.52462
    endloop
  endfacet
  facet normal -0.0784408 0 0.996919
    outer loop
      vertex 66.3129 0 7.52462
      vertex 66 2 7.5
      vertex 66 0 7.5
    endloop
  endfacet
  facet normal 0.996923 0 -0.078385
    outer loop
      vertex 64.0246 0 9.81287
      vertex 64 2 9.5
      vertex 64.0246 2 9.81287
    endloop
  endfacet
  facet normal 0.996923 0 -0.078385
    outer loop
      vertex 64 2 9.5
      vertex 64.0246 0 9.81287
      vertex 64 0 9.5
    endloop
  endfacet
  facet normal 0.85262 0 -0.522532
    outer loop
      vertex 64.382 0 10.6756
      vertex 64.218 2 10.408
      vertex 64.382 2 10.6756
    endloop
  endfacet
  facet normal 0.85262 0 -0.522532
    outer loop
      vertex 64.218 2 10.408
      vertex 64.382 0 10.6756
      vertex 64.218 0 10.408
    endloop
  endfacet
  facet normal 0.233512 0 0.972354
    outer loop
      vertex 65.382 2 7.59789
      vertex 65.6871 0 7.52462
      vertex 65.6871 2 7.52462
    endloop
  endfacet
  facet normal 0.233512 0 0.972354
    outer loop
      vertex 65.6871 0 7.52462
      vertex 65.382 2 7.59789
      vertex 65.382 0 7.59789
    endloop
  endfacet
  facet normal 0.382624 0 0.923904
    outer loop
      vertex 65.092 2 7.71799
      vertex 65.382 0 7.59789
      vertex 65.382 2 7.59789
    endloop
  endfacet
  facet normal 0.382624 0 0.923904
    outer loop
      vertex 65.382 0 7.59789
      vertex 65.092 2 7.71799
      vertex 65.092 0 7.71799
    endloop
  endfacet
  facet normal 0.972338 0 -0.23358
    outer loop
      vertex 64.0979 0 10.118
      vertex 64.0246 2 9.81287
      vertex 64.0979 2 10.118
    endloop
  endfacet
  facet normal 0.972338 0 -0.23358
    outer loop
      vertex 64.0246 2 9.81287
      vertex 64.0979 0 10.118
      vertex 64.0246 0 9.81287
    endloop
  endfacet
  facet normal -0.972343 0 0.233559
    outer loop
      vertex 67.9021 0 8.88197
      vertex 67.9754 2 9.18713
      vertex 67.9021 2 8.88197
    endloop
  endfacet
  facet normal -0.972343 0 0.233559
    outer loop
      vertex 67.9754 2 9.18713
      vertex 67.9021 0 8.88197
      vertex 67.9754 0 9.18713
    endloop
  endfacet
  facet normal -0.923904 0 -0.382624
    outer loop
      vertex 67.9021 0 10.118
      vertex 67.782 2 10.408
      vertex 67.9021 2 10.118
    endloop
  endfacet
  facet normal -0.923904 -0 -0.382624
    outer loop
      vertex 67.782 2 10.408
      vertex 67.9021 0 10.118
      vertex 67.782 0 10.408
    endloop
  endfacet
  facet normal -0.996923 0 0.078385
    outer loop
      vertex 67.9754 0 9.18713
      vertex 68 2 9.5
      vertex 67.9754 2 9.18713
    endloop
  endfacet
  facet normal -0.996923 0 0.078385
    outer loop
      vertex 68 2 9.5
      vertex 67.9754 0 9.18713
      vertex 68 0 9.5
    endloop
  endfacet
  facet normal 0.382624 0 -0.923904
    outer loop
      vertex 65.092 0 11.282
      vertex 65.382 2 11.4021
      vertex 65.382 0 11.4021
    endloop
  endfacet
  facet normal 0.382624 0 -0.923904
    outer loop
      vertex 65.382 2 11.4021
      vertex 65.092 0 11.282
      vertex 65.092 2 11.282
    endloop
  endfacet
  facet normal 0.0783775 0 -0.996924
    outer loop
      vertex 65.6871 0 11.4754
      vertex 66 2 11.5
      vertex 66 0 11.5
    endloop
  endfacet
  facet normal 0.0783775 0 -0.996924
    outer loop
      vertex 66 2 11.5
      vertex 65.6871 0 11.4754
      vertex 65.6871 2 11.4754
    endloop
  endfacet
  facet normal -0.522486 0 0.852648
    outer loop
      vertex 66.908 2 7.71799
      vertex 67.1756 0 7.88197
      vertex 67.1756 2 7.88197
    endloop
  endfacet
  facet normal -0.522486 0 0.852648
    outer loop
      vertex 67.1756 0 7.88197
      vertex 66.908 2 7.71799
      vertex 66.908 0 7.71799
    endloop
  endfacet
  facet normal 0.852611 -0 0.522546
    outer loop
      vertex 64.218 0 8.59202
      vertex 64.382 2 8.32443
      vertex 64.218 2 8.59202
    endloop
  endfacet
  facet normal 0.852611 0 0.522546
    outer loop
      vertex 64.382 2 8.32443
      vertex 64.218 0 8.59202
      vertex 64.382 0 8.32443
    endloop
  endfacet
  facet normal -0.649478 0 -0.76038
    outer loop
      vertex 67.1756 0 11.118
      vertex 67.4142 2 10.9142
      vertex 67.4142 0 10.9142
    endloop
  endfacet
  facet normal -0.649478 0 -0.76038
    outer loop
      vertex 67.4142 2 10.9142
      vertex 67.1756 0 11.118
      vertex 67.1756 2 11.118
    endloop
  endfacet
  facet normal 0.760434 -0 0.649415
    outer loop
      vertex 64.382 0 8.32443
      vertex 64.5858 2 8.08579
      vertex 64.382 2 8.32443
    endloop
  endfacet
  facet normal 0.760434 0 0.649415
    outer loop
      vertex 64.5858 2 8.08579
      vertex 64.382 0 8.32443
      vertex 64.5858 0 8.08579
    endloop
  endfacet
  facet normal -0.522532 0 -0.85262
    outer loop
      vertex 66.908 0 11.282
      vertex 67.1756 2 11.118
      vertex 67.1756 0 11.118
    endloop
  endfacet
  facet normal -0.522532 0 -0.85262
    outer loop
      vertex 67.1756 2 11.118
      vertex 66.908 0 11.282
      vertex 66.908 2 11.282
    endloop
  endfacet
  facet normal -0.649515 0 0.760349
    outer loop
      vertex 67.1756 2 7.88197
      vertex 67.4142 0 8.08579
      vertex 67.4142 2 8.08579
    endloop
  endfacet
  facet normal -0.649515 0 0.760349
    outer loop
      vertex 67.4142 0 8.08579
      vertex 67.1756 2 7.88197
      vertex 67.1756 0 7.88197
    endloop
  endfacet
  facet normal 0.522486 0 0.852648
    outer loop
      vertex 64.8244 2 7.88197
      vertex 65.092 0 7.71799
      vertex 65.092 2 7.71799
    endloop
  endfacet
  facet normal 0.522486 0 0.852648
    outer loop
      vertex 65.092 0 7.71799
      vertex 64.8244 2 7.88197
      vertex 64.8244 0 7.88197
    endloop
  endfacet
  facet normal -0.972338 0 -0.23358
    outer loop
      vertex 67.9754 0 9.81287
      vertex 67.9021 2 10.118
      vertex 67.9754 2 9.81287
    endloop
  endfacet
  facet normal -0.972338 -0 -0.23358
    outer loop
      vertex 67.9021 2 10.118
      vertex 67.9754 0 9.81287
      vertex 67.9021 0 10.118
    endloop
  endfacet
  facet normal 0.923904 0 -0.382624
    outer loop
      vertex 64.218 0 10.408
      vertex 64.0979 2 10.118
      vertex 64.218 2 10.408
    endloop
  endfacet
  facet normal 0.923904 0 -0.382624
    outer loop
      vertex 64.0979 2 10.118
      vertex 64.218 0 10.408
      vertex 64.0979 0 10.118
    endloop
  endfacet
  facet normal -0.0783775 0 -0.996924
    outer loop
      vertex 66 0 11.5
      vertex 66.3129 2 11.4754
      vertex 66.3129 0 11.4754
    endloop
  endfacet
  facet normal -0.0783775 0 -0.996924
    outer loop
      vertex 66.3129 2 11.4754
      vertex 66 0 11.5
      vertex 66 2 11.5
    endloop
  endfacet
  facet normal -0.382624 0 -0.923904
    outer loop
      vertex 66.618 0 11.4021
      vertex 66.908 2 11.282
      vertex 66.908 0 11.282
    endloop
  endfacet
  facet normal -0.382624 0 -0.923904
    outer loop
      vertex 66.908 2 11.282
      vertex 66.618 0 11.4021
      vertex 66.618 2 11.4021
    endloop
  endfacet
  facet normal 0.0784408 0 0.996919
    outer loop
      vertex 65.6871 2 7.52462
      vertex 66 0 7.5
      vertex 66 2 7.5
    endloop
  endfacet
  facet normal 0.0784408 0 0.996919
    outer loop
      vertex 66 0 7.5
      vertex 65.6871 2 7.52462
      vertex 65.6871 0 7.52462
    endloop
  endfacet
  facet normal 0.649515 0 0.760349
    outer loop
      vertex 64.5858 2 8.08579
      vertex 64.8244 0 7.88197
      vertex 64.8244 2 7.88197
    endloop
  endfacet
  facet normal 0.649515 0 0.760349
    outer loop
      vertex 64.8244 0 7.88197
      vertex 64.5858 2 8.08579
      vertex 64.5858 0 8.08579
    endloop
  endfacet
  facet normal 0.522532 0 -0.85262
    outer loop
      vertex 64.8244 0 11.118
      vertex 65.092 2 11.282
      vertex 65.092 0 11.282
    endloop
  endfacet
  facet normal 0.522532 0 -0.85262
    outer loop
      vertex 65.092 2 11.282
      vertex 64.8244 0 11.118
      vertex 64.8244 2 11.118
    endloop
  endfacet
  facet normal -0.760434 0 0.649415
    outer loop
      vertex 67.4142 0 8.08579
      vertex 67.618 2 8.32443
      vertex 67.4142 2 8.08579
    endloop
  endfacet
  facet normal -0.760434 0 0.649415
    outer loop
      vertex 67.618 2 8.32443
      vertex 67.4142 0 8.08579
      vertex 67.618 0 8.32443
    endloop
  endfacet
  facet normal -0.76038 0 -0.649478
    outer loop
      vertex 67.618 0 10.6756
      vertex 67.4142 2 10.9142
      vertex 67.618 2 10.6756
    endloop
  endfacet
  facet normal -0.76038 -0 -0.649478
    outer loop
      vertex 67.4142 2 10.9142
      vertex 67.618 0 10.6756
      vertex 67.4142 0 10.9142
    endloop
  endfacet
  facet normal 0.649478 0 -0.76038
    outer loop
      vertex 64.5858 0 10.9142
      vertex 64.8244 2 11.118
      vertex 64.8244 0 11.118
    endloop
  endfacet
  facet normal 0.649478 0 -0.76038
    outer loop
      vertex 64.8244 2 11.118
      vertex 64.5858 0 10.9142
      vertex 64.5858 2 10.9142
    endloop
  endfacet
  facet normal -0.852611 0 0.522546
    outer loop
      vertex 67.618 0 8.32443
      vertex 67.782 2 8.59202
      vertex 67.618 2 8.32443
    endloop
  endfacet
  facet normal -0.852611 0 0.522546
    outer loop
      vertex 67.782 2 8.59202
      vertex 67.618 0 8.32443
      vertex 67.782 0 8.59202
    endloop
  endfacet
  facet normal -0.972391 0 -0.233359
    outer loop
      vertex 68.7161 2 9.93019
      vertex 68.6154 5 10.3498
      vertex 68.7161 5 9.93019
    endloop
  endfacet
  facet normal -0.972391 -0 -0.233359
    outer loop
      vertex 68.6154 5 10.3498
      vertex 68.7161 2 9.93019
      vertex 68.6154 2 10.3498
    endloop
  endfacet
  facet normal -0.996909 0 -0.0785588
    outer loop
      vertex 68.75 2 9.5
      vertex 68.7161 5 9.93019
      vertex 68.75 5 9.5
    endloop
  endfacet
  facet normal -0.996909 -0 -0.0785588
    outer loop
      vertex 68.7161 5 9.93019
      vertex 68.75 2 9.5
      vertex 68.7161 2 9.93019
    endloop
  endfacet
  facet normal -0.923908 0 0.382615
    outer loop
      vertex 68.4503 2 8.25153
      vertex 68.6154 5 8.6502
      vertex 68.4503 5 8.25153
    endloop
  endfacet
  facet normal -0.923908 0 0.382615
    outer loop
      vertex 68.6154 5 8.6502
      vertex 68.4503 2 8.25153
      vertex 68.6154 2 8.6502
    endloop
  endfacet
  facet normal -0.996909 0 0.0785588
    outer loop
      vertex 68.7161 2 9.06981
      vertex 68.75 5 9.5
      vertex 68.7161 5 9.06981
    endloop
  endfacet
  facet normal -0.996909 0 0.0785588
    outer loop
      vertex 68.75 5 9.5
      vertex 68.7161 2 9.06981
      vertex 68.75 2 9.5
    endloop
  endfacet
  facet normal -0.852632 0 0.522512
    outer loop
      vertex 68.2251 2 7.88405
      vertex 68.4503 5 8.25153
      vertex 68.2251 5 7.88405
    endloop
  endfacet
  facet normal -0.852632 0 0.522512
    outer loop
      vertex 68.4503 5 8.25153
      vertex 68.2251 2 7.88405
      vertex 68.4503 2 8.25153
    endloop
  endfacet
  facet normal -0.923919 0 -0.382588
    outer loop
      vertex 68.6154 2 10.3498
      vertex 68.4961 5 10.6379
      vertex 68.6154 5 10.3498
    endloop
  endfacet
  facet normal -0.923919 -0 -0.382588
    outer loop
      vertex 68.4961 5 10.6379
      vertex 68.6154 2 10.3498
      vertex 68.4961 2 10.6379
    endloop
  endfacet
  facet normal -0.972391 0 0.233359
    outer loop
      vertex 68.6154 2 8.6502
      vertex 68.7161 5 9.06981
      vertex 68.6154 5 8.6502
    endloop
  endfacet
  facet normal -0.972391 0 0.233359
    outer loop
      vertex 68.7161 5 9.06981
      vertex 68.6154 2 8.6502
      vertex 68.7161 2 9.06981
    endloop
  endfacet
endsolid OpenSCAD_Model
