solid OpenSCAD_Model
  facet normal 0.97238 0.233404 0
    outer loop
      vertex 6.23683 41.7649 7
      vertex 6.12327 42.238 3
      vertex 6.12327 42.238 7
    endloop
  endfacet
  facet normal 0.97238 0.233404 0
    outer loop
      vertex 6.12327 42.238 3
      vertex 6.23683 41.7649 7
      vertex 6.23683 41.7649 3
    endloop
  endfacet
  facet normal 0.996916 0.0784745 0
    outer loop
      vertex 6.275 41.28 7
      vertex 6.23683 41.7649 3
      vertex 6.23683 41.7649 7
    endloop
  endfacet
  facet normal 0.996916 0.0784745 0
    outer loop
      vertex 6.23683 41.7649 3
      vertex 6.275 41.28 7
      vertex 6.275 41.28 3
    endloop
  endfacet
  facet normal 0.923878 0.382688 0
    outer loop
      vertex 6.12327 42.238 7
      vertex 5.93712 42.6874 3
      vertex 5.93712 42.6874 7
    endloop
  endfacet
  facet normal 0.923878 0.382688 0
    outer loop
      vertex 5.93712 42.6874 3
      vertex 6.12327 42.238 7
      vertex 6.12327 42.238 3
    endloop
  endfacet
  facet normal -0.233334 -0.972397 0
    outer loop
      vertex 2.21705 38.3317 3
      vertex 2.69005 38.2182 7
      vertex 2.21705 38.3317 7
    endloop
  endfacet
  facet normal -0.233334 -0.972397 -0
    outer loop
      vertex 2.69005 38.2182 7
      vertex 2.21705 38.3317 3
      vertex 2.69005 38.2182 3
    endloop
  endfacet
  facet normal -0.996917 -0.0784667 0
    outer loop
      vertex 0.113166 40.7951 3
      vertex 0.0749998 41.28 7
      vertex 0.0749998 41.28 3
    endloop
  endfacet
  facet normal -0.996917 -0.0784667 0
    outer loop
      vertex 0.0749998 41.28 7
      vertex 0.113166 40.7951 3
      vertex 0.113166 40.7951 7
    endloop
  endfacet
  facet normal 0.382761 -0.923847 0
    outer loop
      vertex 4.13295 38.3317 3
      vertex 4.58237 38.5179 7
      vertex 4.13295 38.3317 7
    endloop
  endfacet
  facet normal 0.382761 -0.923847 0
    outer loop
      vertex 4.58237 38.5179 7
      vertex 4.13295 38.3317 3
      vertex 4.58237 38.5179 3
    endloop
  endfacet
  facet normal -0.923875 -0.382695 0
    outer loop
      vertex 0.412879 39.8726 3
      vertex 0.226725 40.322 7
      vertex 0.226725 40.322 3
    endloop
  endfacet
  facet normal -0.923875 -0.382695 0
    outer loop
      vertex 0.226725 40.322 7
      vertex 0.412879 39.8726 3
      vertex 0.412879 39.8726 7
    endloop
  endfacet
  facet normal 0.522401 -0.8527 0
    outer loop
      vertex 4.58237 38.5179 3
      vertex 4.99713 38.772 7
      vertex 4.58237 38.5179 7
    endloop
  endfacet
  facet normal 0.522401 -0.8527 0
    outer loop
      vertex 4.99713 38.772 7
      vertex 4.58237 38.5179 3
      vertex 4.99713 38.772 3
    endloop
  endfacet
  facet normal -0.0785278 0.996912 0
    outer loop
      vertex 3.175 44.38 3
      vertex 2.69005 44.3418 7
      vertex 3.175 44.38 7
    endloop
  endfacet
  facet normal -0.0785278 0.996912 0
    outer loop
      vertex 2.69005 44.3418 7
      vertex 3.175 44.38 3
      vertex 2.69005 44.3418 3
    endloop
  endfacet
  facet normal -0.522401 0.8527 0
    outer loop
      vertex 1.76763 44.0421 3
      vertex 1.35287 43.788 7
      vertex 1.76763 44.0421 7
    endloop
  endfacet
  facet normal -0.522401 0.8527 0
    outer loop
      vertex 1.35287 43.788 7
      vertex 1.76763 44.0421 3
      vertex 1.35287 43.788 3
    endloop
  endfacet
  facet normal 0.852602 -0.522561 0
    outer loop
      vertex 5.68295 39.4579 7
      vertex 5.93712 39.8726 3
      vertex 5.93712 39.8726 7
    endloop
  endfacet
  facet normal 0.852602 -0.522561 0
    outer loop
      vertex 5.93712 39.8726 3
      vertex 5.68295 39.4579 7
      vertex 5.68295 39.4579 3
    endloop
  endfacet
  facet normal -0.382761 -0.923847 0
    outer loop
      vertex 1.76763 38.5179 3
      vertex 2.21705 38.3317 7
      vertex 1.76763 38.5179 7
    endloop
  endfacet
  facet normal -0.382761 -0.923847 -0
    outer loop
      vertex 2.21705 38.3317 7
      vertex 1.76763 38.5179 3
      vertex 2.21705 38.3317 3
    endloop
  endfacet
  facet normal 0.97238 -0.233404 0
    outer loop
      vertex 6.12327 40.322 7
      vertex 6.23683 40.7951 3
      vertex 6.23683 40.7951 7
    endloop
  endfacet
  facet normal 0.97238 -0.233404 0
    outer loop
      vertex 6.23683 40.7951 3
      vertex 6.12327 40.322 7
      vertex 6.12327 40.322 3
    endloop
  endfacet
  facet normal 0.996916 -0.0784745 0
    outer loop
      vertex 6.23683 40.7951 7
      vertex 6.275 41.28 3
      vertex 6.275 41.28 7
    endloop
  endfacet
  facet normal 0.996916 -0.0784745 0
    outer loop
      vertex 6.275 41.28 3
      vertex 6.23683 40.7951 7
      vertex 6.23683 40.7951 3
    endloop
  endfacet
  facet normal 0.923878 -0.382688 0
    outer loop
      vertex 5.93712 39.8726 7
      vertex 6.12327 40.322 3
      vertex 6.12327 40.322 7
    endloop
  endfacet
  facet normal 0.923878 -0.382688 0
    outer loop
      vertex 6.12327 40.322 3
      vertex 5.93712 39.8726 7
      vertex 5.93712 39.8726 3
    endloop
  endfacet
  facet normal 0.233334 -0.972397 0
    outer loop
      vertex 3.65995 38.2182 3
      vertex 4.13295 38.3317 7
      vertex 3.65995 38.2182 7
    endloop
  endfacet
  facet normal 0.233334 -0.972397 0
    outer loop
      vertex 4.13295 38.3317 7
      vertex 3.65995 38.2182 3
      vertex 4.13295 38.3317 3
    endloop
  endfacet
  facet normal -0.760409 0.649444 0
    outer loop
      vertex 0.667047 43.1021 3
      vertex 0.982968 43.472 7
      vertex 0.982968 43.472 3
    endloop
  endfacet
  facet normal -0.760409 0.649444 0
    outer loop
      vertex 0.982968 43.472 7
      vertex 0.667047 43.1021 3
      vertex 0.667047 43.1021 7
    endloop
  endfacet
  facet normal 0.852602 0.522561 0
    outer loop
      vertex 5.93712 42.6874 7
      vertex 5.68295 43.1021 3
      vertex 5.68295 43.1021 7
    endloop
  endfacet
  facet normal 0.852602 0.522561 0
    outer loop
      vertex 5.68295 43.1021 3
      vertex 5.93712 42.6874 7
      vertex 5.93712 42.6874 3
    endloop
  endfacet
  facet normal 0.76041 0.649443 0
    outer loop
      vertex 5.68295 43.1021 7
      vertex 5.36703 43.472 3
      vertex 5.36703 43.472 7
    endloop
  endfacet
  facet normal 0.76041 0.649443 0
    outer loop
      vertex 5.36703 43.472 3
      vertex 5.68295 43.1021 7
      vertex 5.68295 43.1021 3
    endloop
  endfacet
  facet normal -0.233334 0.972397 0
    outer loop
      vertex 2.69005 44.3418 3
      vertex 2.21705 44.2283 7
      vertex 2.69005 44.3418 7
    endloop
  endfacet
  facet normal -0.233334 0.972397 0
    outer loop
      vertex 2.21705 44.2283 7
      vertex 2.69005 44.3418 3
      vertex 2.21705 44.2283 3
    endloop
  endfacet
  facet normal -0.852604 -0.522558 0
    outer loop
      vertex 0.667047 39.4579 3
      vertex 0.412879 39.8726 7
      vertex 0.412879 39.8726 3
    endloop
  endfacet
  facet normal -0.852604 -0.522558 0
    outer loop
      vertex 0.412879 39.8726 7
      vertex 0.667047 39.4579 3
      vertex 0.667047 39.4579 7
    endloop
  endfacet
  facet normal 0.76041 -0.649443 0
    outer loop
      vertex 5.36703 39.088 7
      vertex 5.68295 39.4579 3
      vertex 5.68295 39.4579 7
    endloop
  endfacet
  facet normal 0.76041 -0.649443 0
    outer loop
      vertex 5.68295 39.4579 3
      vertex 5.36703 39.088 7
      vertex 5.36703 39.088 3
    endloop
  endfacet
  facet normal -0.996917 0.0784667 0
    outer loop
      vertex 0.0749998 41.28 3
      vertex 0.113166 41.7649 7
      vertex 0.113166 41.7649 3
    endloop
  endfacet
  facet normal -0.996917 0.0784667 0
    outer loop
      vertex 0.113166 41.7649 7
      vertex 0.0749998 41.28 3
      vertex 0.0749998 41.28 7
    endloop
  endfacet
  facet normal -0.522401 -0.8527 0
    outer loop
      vertex 1.35287 38.772 3
      vertex 1.76763 38.5179 7
      vertex 1.35287 38.772 7
    endloop
  endfacet
  facet normal -0.522401 -0.8527 -0
    outer loop
      vertex 1.76763 38.5179 7
      vertex 1.35287 38.772 3
      vertex 1.76763 38.5179 3
    endloop
  endfacet
  facet normal -0.97238 -0.233402 0
    outer loop
      vertex 0.226725 40.322 3
      vertex 0.113166 40.7951 7
      vertex 0.113166 40.7951 3
    endloop
  endfacet
  facet normal -0.97238 -0.233402 0
    outer loop
      vertex 0.113166 40.7951 7
      vertex 0.226725 40.322 3
      vertex 0.226725 40.322 7
    endloop
  endfacet
  facet normal 0.382761 0.923847 -0
    outer loop
      vertex 4.58237 44.0421 3
      vertex 4.13295 44.2283 7
      vertex 4.58237 44.0421 7
    endloop
  endfacet
  facet normal 0.382761 0.923847 0
    outer loop
      vertex 4.13295 44.2283 7
      vertex 4.58237 44.0421 3
      vertex 4.13295 44.2283 3
    endloop
  endfacet
  facet normal 0.649538 -0.760329 0
    outer loop
      vertex 4.99713 38.772 3
      vertex 5.36703 39.088 7
      vertex 4.99713 38.772 7
    endloop
  endfacet
  facet normal 0.649538 -0.760329 0
    outer loop
      vertex 5.36703 39.088 7
      vertex 4.99713 38.772 3
      vertex 5.36703 39.088 3
    endloop
  endfacet
  facet normal 0.522401 0.8527 -0
    outer loop
      vertex 4.99713 43.788 3
      vertex 4.58237 44.0421 7
      vertex 4.99713 43.788 7
    endloop
  endfacet
  facet normal 0.522401 0.8527 0
    outer loop
      vertex 4.58237 44.0421 7
      vertex 4.99713 43.788 3
      vertex 4.58237 44.0421 3
    endloop
  endfacet
  facet normal -0.382761 0.923847 0
    outer loop
      vertex 2.21705 44.2283 3
      vertex 1.76763 44.0421 7
      vertex 2.21705 44.2283 7
    endloop
  endfacet
  facet normal -0.382761 0.923847 0
    outer loop
      vertex 1.76763 44.0421 7
      vertex 2.21705 44.2283 3
      vertex 1.76763 44.0421 3
    endloop
  endfacet
  facet normal 0.649538 0.760329 -0
    outer loop
      vertex 5.36703 43.472 3
      vertex 4.99713 43.788 7
      vertex 5.36703 43.472 7
    endloop
  endfacet
  facet normal 0.649538 0.760329 0
    outer loop
      vertex 4.99713 43.788 7
      vertex 5.36703 43.472 3
      vertex 4.99713 43.788 3
    endloop
  endfacet
  facet normal -0.649536 -0.760331 0
    outer loop
      vertex 0.982968 39.088 3
      vertex 1.35287 38.772 7
      vertex 0.982968 39.088 7
    endloop
  endfacet
  facet normal -0.649536 -0.760331 -0
    outer loop
      vertex 1.35287 38.772 7
      vertex 0.982968 39.088 3
      vertex 1.35287 38.772 3
    endloop
  endfacet
  facet normal -0.0785278 -0.996912 0
    outer loop
      vertex 2.69005 38.2182 3
      vertex 3.175 38.18 7
      vertex 2.69005 38.2182 7
    endloop
  endfacet
  facet normal -0.0785278 -0.996912 -0
    outer loop
      vertex 3.175 38.18 7
      vertex 2.69005 38.2182 3
      vertex 3.175 38.18 3
    endloop
  endfacet
  facet normal 0.233334 0.972397 -0
    outer loop
      vertex 4.13295 44.2283 3
      vertex 3.65995 44.3418 7
      vertex 4.13295 44.2283 7
    endloop
  endfacet
  facet normal 0.233334 0.972397 0
    outer loop
      vertex 3.65995 44.3418 7
      vertex 4.13295 44.2283 3
      vertex 3.65995 44.3418 3
    endloop
  endfacet
  facet normal 0.0785278 -0.996912 0
    outer loop
      vertex 3.175 38.18 3
      vertex 3.65995 38.2182 7
      vertex 3.175 38.18 7
    endloop
  endfacet
  facet normal 0.0785278 -0.996912 0
    outer loop
      vertex 3.65995 38.2182 7
      vertex 3.175 38.18 3
      vertex 3.65995 38.2182 3
    endloop
  endfacet
  facet normal 0.0785278 0.996912 -0
    outer loop
      vertex 3.65995 44.3418 3
      vertex 3.175 44.38 7
      vertex 3.65995 44.3418 7
    endloop
  endfacet
  facet normal 0.0785278 0.996912 0
    outer loop
      vertex 3.175 44.38 7
      vertex 3.65995 44.3418 3
      vertex 3.175 44.38 3
    endloop
  endfacet
  facet normal -0.760409 -0.649444 0
    outer loop
      vertex 0.982968 39.088 3
      vertex 0.667047 39.4579 7
      vertex 0.667047 39.4579 3
    endloop
  endfacet
  facet normal -0.760409 -0.649444 0
    outer loop
      vertex 0.667047 39.4579 7
      vertex 0.982968 39.088 3
      vertex 0.982968 39.088 7
    endloop
  endfacet
  facet normal 0 0 -1
    outer loop
      vertex 4.46696 41.9383 0
      vertex 97.133 41.9383 0
      vertex 4.55403 41.7281 0
    endloop
  endfacet
  facet normal 0 0 -1
    outer loop
      vertex 97.133 85.0717 0
      vertex 4.60715 85.5032 0
      vertex 4.625 85.73 0
    endloop
  endfacet
  facet normal 0 0 -1
    outer loop
      vertex 97.133 41.9383 0
      vertex 4.46696 41.9383 0
      vertex 97.133 85.0717 0
    endloop
  endfacet
  facet normal 0 0 -1
    outer loop
      vertex 97.133 85.0717 0
      vertex 4.55403 85.2819 0
      vertex 4.60715 85.5032 0
    endloop
  endfacet
  facet normal 0 0 -1
    outer loop
      vertex 4.46696 85.0717 0
      vertex 97.133 85.0717 0
      vertex 4.46696 41.9383 0
    endloop
  endfacet
  facet normal 0 0 -1
    outer loop
      vertex 97.133 85.0717 0
      vertex 4.46696 85.0717 0
      vertex 4.55403 85.2819 0
    endloop
  endfacet
  facet normal 0 0 -1
    outer loop
      vertex 4.34807 42.1323 0
      vertex 4.46696 85.0717 0
      vertex 4.46696 41.9383 0
    endloop
  endfacet
  facet normal 0 0 -1
    outer loop
      vertex 4.34807 42.1323 0
      vertex 4.34807 84.8777 0
      vertex 4.46696 85.0717 0
    endloop
  endfacet
  facet normal 0 0 -1
    outer loop
      vertex 4.2003 42.3053 0
      vertex 4.34807 84.8777 0
      vertex 4.34807 42.1323 0
    endloop
  endfacet
  facet normal 0 0 -1
    outer loop
      vertex 4.2003 42.3053 0
      vertex 4.2003 84.7047 0
      vertex 4.34807 84.8777 0
    endloop
  endfacet
  facet normal 0 0 -1
    outer loop
      vertex 4.02729 42.4531 0
      vertex 4.2003 84.7047 0
      vertex 4.2003 42.3053 0
    endloop
  endfacet
  facet normal 0 0 -1
    outer loop
      vertex 4.02729 42.4531 0
      vertex 4.02729 84.5569 0
      vertex 4.2003 84.7047 0
    endloop
  endfacet
  facet normal 0 0 -1
    outer loop
      vertex 3.83329 42.572 0
      vertex 4.02729 84.5569 0
      vertex 4.02729 42.4531 0
    endloop
  endfacet
  facet normal 0 0 -1
    outer loop
      vertex 3.83329 42.572 0
      vertex 3.83329 84.438 0
      vertex 4.02729 84.5569 0
    endloop
  endfacet
  facet normal 0 0 -1
    outer loop
      vertex 3.62307 42.659 0
      vertex 3.83329 84.438 0
      vertex 3.83329 42.572 0
    endloop
  endfacet
  facet normal 0 0 -1
    outer loop
      vertex 3.62307 42.659 0
      vertex 3.62307 84.351 0
      vertex 3.83329 84.438 0
    endloop
  endfacet
  facet normal 0 0 -1
    outer loop
      vertex 3.40183 42.7121 0
      vertex 3.62307 84.351 0
      vertex 3.62307 42.659 0
    endloop
  endfacet
  facet normal 0 0 -1
    outer loop
      vertex 3.40183 42.7121 0
      vertex 3.40183 84.2979 0
      vertex 3.62307 84.351 0
    endloop
  endfacet
  facet normal 0 0 -1
    outer loop
      vertex 3.175 42.73 0
      vertex 3.40183 84.2979 0
      vertex 3.40183 42.7121 0
    endloop
  endfacet
  facet normal 0 0 -1
    outer loop
      vertex 3.175 42.73 0
      vertex 3.175 84.28 0
      vertex 3.40183 84.2979 0
    endloop
  endfacet
  facet normal 0 0 -1
    outer loop
      vertex 2.94817 42.7121 0
      vertex 3.175 84.28 0
      vertex 3.175 42.73 0
    endloop
  endfacet
  facet normal 0 0 -1
    outer loop
      vertex 2.94817 42.7121 0
      vertex 2.94817 84.2979 0
      vertex 3.175 84.28 0
    endloop
  endfacet
  facet normal 0 0 -1
    outer loop
      vertex 2.72692 42.659 0
      vertex 2.94817 84.2979 0
      vertex 2.94817 42.7121 0
    endloop
  endfacet
  facet normal 0 0 -1
    outer loop
      vertex 2.72692 42.659 0
      vertex 2.72692 84.351 0
      vertex 2.94817 84.2979 0
    endloop
  endfacet
  facet normal 0 0 -1
    outer loop
      vertex 2.51671 42.572 0
      vertex 2.72692 84.351 0
      vertex 2.72692 42.659 0
    endloop
  endfacet
  facet normal 0 0 -1
    outer loop
      vertex 2.51671 42.572 0
      vertex 2.51671 84.438 0
      vertex 2.72692 84.351 0
    endloop
  endfacet
  facet normal 0 0 -1
    outer loop
      vertex 2.32271 42.4531 0
      vertex 2.51671 84.438 0
      vertex 2.51671 42.572 0
    endloop
  endfacet
  facet normal 0 0 -1
    outer loop
      vertex 2.32271 42.4531 0
      vertex 2.32271 84.5569 0
      vertex 2.51671 84.438 0
    endloop
  endfacet
  facet normal 0 0 -1
    outer loop
      vertex 2.14969 42.3053 0
      vertex 2.32271 84.5569 0
      vertex 2.32271 42.4531 0
    endloop
  endfacet
  facet normal 0 0 -1
    outer loop
      vertex 2.14969 42.3053 0
      vertex 2.14969 84.7047 0
      vertex 2.32271 84.5569 0
    endloop
  endfacet
  facet normal 0 0 -1
    outer loop
      vertex 2.00192 42.1323 0
      vertex 2.14969 84.7047 0
      vertex 2.14969 42.3053 0
    endloop
  endfacet
  facet normal 0 0 -1
    outer loop
      vertex 2.00192 42.1323 0
      vertex 2.00192 84.8777 0
      vertex 2.14969 84.7047 0
    endloop
  endfacet
  facet normal 0 0 -1
    outer loop
      vertex 1.88304 41.9383 0
      vertex 2.00192 84.8777 0
      vertex 2.00192 42.1323 0
    endloop
  endfacet
  facet normal 0 0 -1
    outer loop
      vertex 1.88304 41.9383 0
      vertex 1.88304 85.0717 0
      vertex 2.00192 84.8777 0
    endloop
  endfacet
  facet normal 0 0 -1
    outer loop
      vertex 1.79597 41.7281 0
      vertex 1.88304 85.0717 0
      vertex 1.88304 41.9383 0
    endloop
  endfacet
  facet normal 0 0 -1
    outer loop
      vertex 1.79597 41.7281 0
      vertex 1.79597 85.2819 0
      vertex 1.88304 85.0717 0
    endloop
  endfacet
  facet normal 0 0 -1
    outer loop
      vertex -5 100 0
      vertex 1.79597 41.7281 0
      vertex 1.74285 41.5068 0
    endloop
  endfacet
  facet normal 0 0 -1
    outer loop
      vertex 1.79597 41.7281 0
      vertex -5 100 0
      vertex 1.79597 85.2819 0
    endloop
  endfacet
  facet normal 0 0 -1
    outer loop
      vertex -5 100 0
      vertex 1.74285 41.5068 0
      vertex 1.725 41.28 0
    endloop
  endfacet
  facet normal 0 0 -1
    outer loop
      vertex 1.79597 85.2819 0
      vertex -5 100 0
      vertex 1.74285 85.5032 0
    endloop
  endfacet
  facet normal 0 0 -1
    outer loop
      vertex 10.2583 -44.6098 0
      vertex 70.1417 -44.6098 0
      vertex 10.3364 -44.7983 0
    endloop
  endfacet
  facet normal 0 0 -1
    outer loop
      vertex 70.1417 -16.7902 0
      vertex 10.384 -16.4034 0
      vertex 10.4 -16.2 0
    endloop
  endfacet
  facet normal 0 0 -1
    outer loop
      vertex 70.1417 -44.6098 0
      vertex 10.2583 -44.6098 0
      vertex 70.1417 -16.7902 0
    endloop
  endfacet
  facet normal 0 0 -1
    outer loop
      vertex 70.1417 -16.7902 0
      vertex 10.3364 -16.6017 0
      vertex 10.384 -16.4034 0
    endloop
  endfacet
  facet normal 0 0 -1
    outer loop
      vertex 10.2583 -16.7902 0
      vertex 70.1417 -16.7902 0
      vertex 10.2583 -44.6098 0
    endloop
  endfacet
  facet normal 0 0 -1
    outer loop
      vertex 70.1417 -16.7902 0
      vertex 10.2583 -16.7902 0
      vertex 10.3364 -16.6017 0
    endloop
  endfacet
  facet normal 0 0 -1
    outer loop
      vertex 10.1517 -44.4359 0
      vertex 10.2583 -16.7902 0
      vertex 10.2583 -44.6098 0
    endloop
  endfacet
  facet normal 0 0 -1
    outer loop
      vertex 10.1517 -44.4359 0
      vertex 10.1517 -16.9641 0
      vertex 10.2583 -16.7902 0
    endloop
  endfacet
  facet normal 0 0 -1
    outer loop
      vertex 10.0192 -44.2808 0
      vertex 10.1517 -16.9641 0
      vertex 10.1517 -44.4359 0
    endloop
  endfacet
  facet normal 0 0 -1
    outer loop
      vertex 10.0192 -44.2808 0
      vertex 10.0192 -17.1192 0
      vertex 10.1517 -16.9641 0
    endloop
  endfacet
  facet normal 0 0 -1
    outer loop
      vertex 9.86412 -44.1483 0
      vertex 10.0192 -17.1192 0
      vertex 10.0192 -44.2808 0
    endloop
  endfacet
  facet normal 0 0 -1
    outer loop
      vertex 9.86412 -44.1483 0
      vertex 9.86412 -17.2517 0
      vertex 10.0192 -17.1192 0
    endloop
  endfacet
  facet normal 0 0 -1
    outer loop
      vertex 9.69019 -44.0417 0
      vertex 9.86412 -17.2517 0
      vertex 9.86412 -44.1483 0
    endloop
  endfacet
  facet normal 0 0 -1
    outer loop
      vertex 9.69019 -44.0417 0
      vertex 9.69019 -17.3583 0
      vertex 9.86412 -17.2517 0
    endloop
  endfacet
  facet normal 0 0 -1
    outer loop
      vertex 9.50172 -43.9636 0
      vertex 9.69019 -17.3583 0
      vertex 9.69019 -44.0417 0
    endloop
  endfacet
  facet normal 0 0 -1
    outer loop
      vertex 9.50172 -43.9636 0
      vertex 9.50172 -17.4364 0
      vertex 9.69019 -17.3583 0
    endloop
  endfacet
  facet normal 0 0 -1
    outer loop
      vertex 9.30336 -43.916 0
      vertex 9.50172 -17.4364 0
      vertex 9.50172 -43.9636 0
    endloop
  endfacet
  facet normal 0 0 -1
    outer loop
      vertex 9.30336 -43.916 0
      vertex 9.30336 -17.484 0
      vertex 9.50172 -17.4364 0
    endloop
  endfacet
  facet normal 0 0 -1
    outer loop
      vertex 9.1 -43.9 0
      vertex 9.30336 -17.484 0
      vertex 9.30336 -43.916 0
    endloop
  endfacet
  facet normal 0 0 -1
    outer loop
      vertex 9.1 -43.9 0
      vertex 9.1 -17.5 0
      vertex 9.30336 -17.484 0
    endloop
  endfacet
  facet normal 0 0 -1
    outer loop
      vertex 8.89664 -43.916 0
      vertex 9.1 -17.5 0
      vertex 9.1 -43.9 0
    endloop
  endfacet
  facet normal 0 0 -1
    outer loop
      vertex 8.89664 -43.916 0
      vertex 8.89664 -17.484 0
      vertex 9.1 -17.5 0
    endloop
  endfacet
  facet normal 0 0 -1
    outer loop
      vertex 8.69828 -43.9636 0
      vertex 8.89664 -17.484 0
      vertex 8.89664 -43.916 0
    endloop
  endfacet
  facet normal 0 0 -1
    outer loop
      vertex 8.69828 -43.9636 0
      vertex 8.69828 -17.4364 0
      vertex 8.89664 -17.484 0
    endloop
  endfacet
  facet normal 0 0 -1
    outer loop
      vertex 8.50981 -44.0417 0
      vertex 8.69828 -17.4364 0
      vertex 8.69828 -43.9636 0
    endloop
  endfacet
  facet normal 0 0 -1
    outer loop
      vertex 8.50981 -44.0417 0
      vertex 8.50981 -17.3583 0
      vertex 8.69828 -17.4364 0
    endloop
  endfacet
  facet normal 0 0 -1
    outer loop
      vertex 8.33588 -44.1483 0
      vertex 8.50981 -17.3583 0
      vertex 8.50981 -44.0417 0
    endloop
  endfacet
  facet normal 0 0 -1
    outer loop
      vertex 8.33588 -44.1483 0
      vertex 8.33588 -17.2517 0
      vertex 8.50981 -17.3583 0
    endloop
  endfacet
  facet normal 0 0 -1
    outer loop
      vertex 8.18076 -44.2808 0
      vertex 8.33588 -17.2517 0
      vertex 8.33588 -44.1483 0
    endloop
  endfacet
  facet normal 0 0 -1
    outer loop
      vertex 8.18076 -44.2808 0
      vertex 8.18076 -17.1192 0
      vertex 8.33588 -17.2517 0
    endloop
  endfacet
  facet normal 0 0 -1
    outer loop
      vertex -5 -50 0
      vertex 8.18076 -44.2808 0
      vertex 8.04828 -44.4359 0
    endloop
  endfacet
  facet normal -0 0 -1
    outer loop
      vertex 8.18076 -44.2808 0
      vertex -5 -50 0
      vertex 8.18076 -17.1192 0
    endloop
  endfacet
  facet normal 0 0 -1
    outer loop
      vertex -5 -50 0
      vertex 8.04828 -44.4359 0
      vertex 7.94169 -44.6098 0
    endloop
  endfacet
  facet normal -0 0 -1
    outer loop
      vertex 8.18076 -17.1192 0
      vertex -5 -50 0
      vertex 8.04828 -16.9641 0
    endloop
  endfacet
  facet normal 0 0 -1
    outer loop
      vertex -5 -50 0
      vertex 7.94169 -44.6098 0
      vertex 7.86363 -44.7983 0
    endloop
  endfacet
  facet normal -0 0 -1
    outer loop
      vertex 8.04828 -16.9641 0
      vertex -5 -50 0
      vertex 7.94169 -16.7902 0
    endloop
  endfacet
  facet normal 0 0 -1
    outer loop
      vertex -5 -50 0
      vertex 7.86363 -44.7983 0
      vertex 7.816 -44.9966 0
    endloop
  endfacet
  facet normal -0 0 -1
    outer loop
      vertex 7.94169 -16.7902 0
      vertex -5 -50 0
      vertex 7.86363 -16.6017 0
    endloop
  endfacet
  facet normal 0 0 -1
    outer loop
      vertex -5 -50 0
      vertex 7.816 -44.9966 0
      vertex 7.8 -45.2 0
    endloop
  endfacet
  facet normal -0 0 -1
    outer loop
      vertex 7.86363 -16.6017 0
      vertex -5 -50 0
      vertex 7.816 -16.4034 0
    endloop
  endfacet
  facet normal 0 0 -1
    outer loop
      vertex 72.5364 -44.7983 0
      vertex 106.6 -50 0
      vertex 72.584 -44.9966 0
    endloop
  endfacet
  facet normal 0 0 -1
    outer loop
      vertex 106.6 -50 0
      vertex 72.584 -16.4034 0
      vertex 72.6 -16.2 0
    endloop
  endfacet
  facet normal 0 0 -1
    outer loop
      vertex 72.4583 -44.6098 0
      vertex 106.6 -50 0
      vertex 72.5364 -44.7983 0
    endloop
  endfacet
  facet normal 0 0 -1
    outer loop
      vertex 106.6 -50 0
      vertex 72.5364 -16.6017 0
      vertex 72.584 -16.4034 0
    endloop
  endfacet
  facet normal 0 0 -1
    outer loop
      vertex 72.3517 -44.4359 0
      vertex 106.6 -50 0
      vertex 72.4583 -44.6098 0
    endloop
  endfacet
  facet normal 0 0 -1
    outer loop
      vertex 106.6 -50 0
      vertex 72.4583 -16.7902 0
      vertex 72.5364 -16.6017 0
    endloop
  endfacet
  facet normal 0 0 -1
    outer loop
      vertex 72.3517 -16.9641 0
      vertex 106.6 -50 0
      vertex 72.3517 -44.4359 0
    endloop
  endfacet
  facet normal 0 0 -1
    outer loop
      vertex 106.6 -50 0
      vertex 72.3517 -16.9641 0
      vertex 72.4583 -16.7902 0
    endloop
  endfacet
  facet normal 0 0 -1
    outer loop
      vertex 72.2192 -44.2808 0
      vertex 72.3517 -16.9641 0
      vertex 72.3517 -44.4359 0
    endloop
  endfacet
  facet normal 0 0 -1
    outer loop
      vertex 72.2192 -44.2808 0
      vertex 72.2192 -17.1192 0
      vertex 72.3517 -16.9641 0
    endloop
  endfacet
  facet normal 0 0 -1
    outer loop
      vertex 72.0641 -44.1483 0
      vertex 72.2192 -17.1192 0
      vertex 72.2192 -44.2808 0
    endloop
  endfacet
  facet normal 0 0 -1
    outer loop
      vertex 72.0641 -44.1483 0
      vertex 72.0641 -17.2517 0
      vertex 72.2192 -17.1192 0
    endloop
  endfacet
  facet normal 0 0 -1
    outer loop
      vertex 71.8902 -44.0417 0
      vertex 72.0641 -17.2517 0
      vertex 72.0641 -44.1483 0
    endloop
  endfacet
  facet normal 0 0 -1
    outer loop
      vertex 71.8902 -44.0417 0
      vertex 71.8902 -17.3583 0
      vertex 72.0641 -17.2517 0
    endloop
  endfacet
  facet normal 0 0 -1
    outer loop
      vertex 71.7017 -43.9636 0
      vertex 71.8902 -17.3583 0
      vertex 71.8902 -44.0417 0
    endloop
  endfacet
  facet normal 0 0 -1
    outer loop
      vertex 71.7017 -43.9636 0
      vertex 71.7017 -17.4364 0
      vertex 71.8902 -17.3583 0
    endloop
  endfacet
  facet normal 0 0 -1
    outer loop
      vertex 71.5034 -43.916 0
      vertex 71.7017 -17.4364 0
      vertex 71.7017 -43.9636 0
    endloop
  endfacet
  facet normal 0 0 -1
    outer loop
      vertex 71.5034 -43.916 0
      vertex 71.5034 -17.484 0
      vertex 71.7017 -17.4364 0
    endloop
  endfacet
  facet normal 0 0 -1
    outer loop
      vertex 71.3 -43.9 0
      vertex 71.5034 -17.484 0
      vertex 71.5034 -43.916 0
    endloop
  endfacet
  facet normal 0 0 -1
    outer loop
      vertex 71.3 -43.9 0
      vertex 71.3 -17.5 0
      vertex 71.5034 -17.484 0
    endloop
  endfacet
  facet normal 0 0 -1
    outer loop
      vertex 71.0966 -43.916 0
      vertex 71.3 -17.5 0
      vertex 71.3 -43.9 0
    endloop
  endfacet
  facet normal 0 0 -1
    outer loop
      vertex 71.0966 -43.916 0
      vertex 71.0966 -17.484 0
      vertex 71.3 -17.5 0
    endloop
  endfacet
  facet normal 0 0 -1
    outer loop
      vertex 70.8983 -43.9636 0
      vertex 71.0966 -17.484 0
      vertex 71.0966 -43.916 0
    endloop
  endfacet
  facet normal 0 0 -1
    outer loop
      vertex 70.8983 -43.9636 0
      vertex 70.8983 -17.4364 0
      vertex 71.0966 -17.484 0
    endloop
  endfacet
  facet normal 0 0 -1
    outer loop
      vertex 70.7098 -44.0417 0
      vertex 70.8983 -17.4364 0
      vertex 70.8983 -43.9636 0
    endloop
  endfacet
  facet normal 0 0 -1
    outer loop
      vertex 70.7098 -44.0417 0
      vertex 70.7098 -17.3583 0
      vertex 70.8983 -17.4364 0
    endloop
  endfacet
  facet normal 0 0 -1
    outer loop
      vertex 70.5359 -44.1483 0
      vertex 70.7098 -17.3583 0
      vertex 70.7098 -44.0417 0
    endloop
  endfacet
  facet normal 0 0 -1
    outer loop
      vertex 70.5359 -44.1483 0
      vertex 70.5359 -17.2517 0
      vertex 70.7098 -17.3583 0
    endloop
  endfacet
  facet normal 0 0 -1
    outer loop
      vertex 70.3808 -44.2808 0
      vertex 70.5359 -17.2517 0
      vertex 70.5359 -44.1483 0
    endloop
  endfacet
  facet normal 0 0 -1
    outer loop
      vertex 70.3808 -44.2808 0
      vertex 70.3808 -17.1192 0
      vertex 70.5359 -17.2517 0
    endloop
  endfacet
  facet normal 0 0 -1
    outer loop
      vertex 70.2483 -44.4359 0
      vertex 70.3808 -17.1192 0
      vertex 70.3808 -44.2808 0
    endloop
  endfacet
  facet normal 0 0 -1
    outer loop
      vertex 70.2483 -44.4359 0
      vertex 70.2483 -16.9641 0
      vertex 70.3808 -17.1192 0
    endloop
  endfacet
  facet normal 0 0 -1
    outer loop
      vertex 70.1417 -44.6098 0
      vertex 70.2483 -16.9641 0
      vertex 70.2483 -44.4359 0
    endloop
  endfacet
  facet normal 0 0 -1
    outer loop
      vertex 70.1417 -44.6098 0
      vertex 70.1417 -16.7902 0
      vertex 70.2483 -16.9641 0
    endloop
  endfacet
  facet normal 0 0 -1
    outer loop
      vertex 70.016 -44.9966 0
      vertex 10.384 -44.9966 0
      vertex 70.0636 -44.7983 0
    endloop
  endfacet
  facet normal 0 0 -1
    outer loop
      vertex 10.3364 -44.7983 0
      vertex 70.0636 -44.7983 0
      vertex 10.384 -44.9966 0
    endloop
  endfacet
  facet normal 0 0 -1
    outer loop
      vertex 10.384 -44.9966 0
      vertex 70.016 -44.9966 0
      vertex 10.4 -45.2 0
    endloop
  endfacet
  facet normal 0 0 -1
    outer loop
      vertex 70.0636 -44.7983 0
      vertex 10.3364 -44.7983 0
      vertex 70.1417 -44.6098 0
    endloop
  endfacet
  facet normal 0 0 -1
    outer loop
      vertex 10.4 -45.2 0
      vertex 70.016 -44.9966 0
      vertex 70 -45.2 0
    endloop
  endfacet
  facet normal 0 0 -1
    outer loop
      vertex 70.1417 -16.7902 0
      vertex 10.4 -16.2 0
      vertex 70.0636 -16.6017 0
    endloop
  endfacet
  facet normal 0 0 -1
    outer loop
      vertex 99.804 41.7281 0
      vertex 106.6 100 0
      vertex 99.8571 41.5068 0
    endloop
  endfacet
  facet normal 0 0 -1
    outer loop
      vertex 106.6 100 0
      vertex 99.8571 85.5032 0
      vertex 99.875 85.73 0
    endloop
  endfacet
  facet normal 0 0 -1
    outer loop
      vertex 99.804 85.2819 0
      vertex 106.6 100 0
      vertex 99.804 41.7281 0
    endloop
  endfacet
  facet normal 0 0 -1
    outer loop
      vertex 106.6 100 0
      vertex 99.804 85.2819 0
      vertex 99.8571 85.5032 0
    endloop
  endfacet
  facet normal 0 0 -1
    outer loop
      vertex 99.717 41.9383 0
      vertex 99.804 85.2819 0
      vertex 99.804 41.7281 0
    endloop
  endfacet
  facet normal 0 0 -1
    outer loop
      vertex 99.717 41.9383 0
      vertex 99.717 85.0717 0
      vertex 99.804 85.2819 0
    endloop
  endfacet
  facet normal 0 0 -1
    outer loop
      vertex 99.5981 42.1323 0
      vertex 99.717 85.0717 0
      vertex 99.717 41.9383 0
    endloop
  endfacet
  facet normal 0 0 -1
    outer loop
      vertex 99.5981 42.1323 0
      vertex 99.5981 84.8777 0
      vertex 99.717 85.0717 0
    endloop
  endfacet
  facet normal 0 0 -1
    outer loop
      vertex 99.4503 42.3053 0
      vertex 99.5981 84.8777 0
      vertex 99.5981 42.1323 0
    endloop
  endfacet
  facet normal 0 0 -1
    outer loop
      vertex 99.4503 42.3053 0
      vertex 99.4503 84.7047 0
      vertex 99.5981 84.8777 0
    endloop
  endfacet
  facet normal 0 0 -1
    outer loop
      vertex 99.2773 42.4531 0
      vertex 99.4503 84.7047 0
      vertex 99.4503 42.3053 0
    endloop
  endfacet
  facet normal 0 0 -1
    outer loop
      vertex 99.2773 42.4531 0
      vertex 99.2773 84.5569 0
      vertex 99.4503 84.7047 0
    endloop
  endfacet
  facet normal 0 0 -1
    outer loop
      vertex 99.0833 42.572 0
      vertex 99.2773 84.5569 0
      vertex 99.2773 42.4531 0
    endloop
  endfacet
  facet normal 0 0 -1
    outer loop
      vertex 99.0833 42.572 0
      vertex 99.0833 84.438 0
      vertex 99.2773 84.5569 0
    endloop
  endfacet
  facet normal 0 0 -1
    outer loop
      vertex 98.8731 42.659 0
      vertex 99.0833 84.438 0
      vertex 99.0833 42.572 0
    endloop
  endfacet
  facet normal 0 0 -1
    outer loop
      vertex 98.8731 42.659 0
      vertex 98.8731 84.351 0
      vertex 99.0833 84.438 0
    endloop
  endfacet
  facet normal 0 0 -1
    outer loop
      vertex 98.6518 42.7121 0
      vertex 98.8731 84.351 0
      vertex 98.8731 42.659 0
    endloop
  endfacet
  facet normal 0 0 -1
    outer loop
      vertex 98.6518 42.7121 0
      vertex 98.6518 84.2979 0
      vertex 98.8731 84.351 0
    endloop
  endfacet
  facet normal 0 0 -1
    outer loop
      vertex 98.425 42.73 0
      vertex 98.6518 84.2979 0
      vertex 98.6518 42.7121 0
    endloop
  endfacet
  facet normal 0 0 -1
    outer loop
      vertex 98.425 42.73 0
      vertex 98.425 84.28 0
      vertex 98.6518 84.2979 0
    endloop
  endfacet
  facet normal 0 0 -1
    outer loop
      vertex 98.1982 42.7121 0
      vertex 98.425 84.28 0
      vertex 98.425 42.73 0
    endloop
  endfacet
  facet normal 0 0 -1
    outer loop
      vertex 98.1982 42.7121 0
      vertex 98.1982 84.2979 0
      vertex 98.425 84.28 0
    endloop
  endfacet
  facet normal 0 0 -1
    outer loop
      vertex 97.9769 42.659 0
      vertex 98.1982 84.2979 0
      vertex 98.1982 42.7121 0
    endloop
  endfacet
  facet normal 0 0 -1
    outer loop
      vertex 97.9769 42.659 0
      vertex 97.9769 84.351 0
      vertex 98.1982 84.2979 0
    endloop
  endfacet
  facet normal 0 0 -1
    outer loop
      vertex 97.7667 42.572 0
      vertex 97.9769 84.351 0
      vertex 97.9769 42.659 0
    endloop
  endfacet
  facet normal 0 0 -1
    outer loop
      vertex 97.7667 42.572 0
      vertex 97.7667 84.438 0
      vertex 97.9769 84.351 0
    endloop
  endfacet
  facet normal 0 0 -1
    outer loop
      vertex 97.5727 42.4531 0
      vertex 97.7667 84.438 0
      vertex 97.7667 42.572 0
    endloop
  endfacet
  facet normal 0 0 -1
    outer loop
      vertex 97.5727 42.4531 0
      vertex 97.5727 84.5569 0
      vertex 97.7667 84.438 0
    endloop
  endfacet
  facet normal 0 0 -1
    outer loop
      vertex 97.3997 42.3053 0
      vertex 97.5727 84.5569 0
      vertex 97.5727 42.4531 0
    endloop
  endfacet
  facet normal 0 0 -1
    outer loop
      vertex 97.3997 42.3053 0
      vertex 97.3997 84.7047 0
      vertex 97.5727 84.5569 0
    endloop
  endfacet
  facet normal 0 0 -1
    outer loop
      vertex 97.2519 42.1323 0
      vertex 97.3997 84.7047 0
      vertex 97.3997 42.3053 0
    endloop
  endfacet
  facet normal 0 0 -1
    outer loop
      vertex 97.2519 42.1323 0
      vertex 97.2519 84.8777 0
      vertex 97.3997 84.7047 0
    endloop
  endfacet
  facet normal 0 0 -1
    outer loop
      vertex 97.133 41.9383 0
      vertex 97.2519 84.8777 0
      vertex 97.2519 42.1323 0
    endloop
  endfacet
  facet normal 0 0 -1
    outer loop
      vertex 97.133 41.9383 0
      vertex 97.133 85.0717 0
      vertex 97.2519 84.8777 0
    endloop
  endfacet
  facet normal 0 0 -1
    outer loop
      vertex 96.9929 41.5068 0
      vertex 4.60715 41.5068 0
      vertex 97.046 41.7281 0
    endloop
  endfacet
  facet normal 0 0 -1
    outer loop
      vertex 4.55403 41.7281 0
      vertex 97.046 41.7281 0
      vertex 4.60715 41.5068 0
    endloop
  endfacet
  facet normal 0 0 -1
    outer loop
      vertex 4.60715 41.5068 0
      vertex 96.9929 41.5068 0
      vertex 4.625 41.28 0
    endloop
  endfacet
  facet normal 0 0 -1
    outer loop
      vertex 97.046 41.7281 0
      vertex 4.55403 41.7281 0
      vertex 97.133 41.9383 0
    endloop
  endfacet
  facet normal 0 0 -1
    outer loop
      vertex 4.625 41.28 0
      vertex 96.9929 41.5068 0
      vertex 96.975 41.28 0
    endloop
  endfacet
  facet normal 0 0 -1
    outer loop
      vertex 97.133 85.0717 0
      vertex 4.625 85.73 0
      vertex 97.046 85.2819 0
    endloop
  endfacet
  facet normal 0 0 -1
    outer loop
      vertex 106.6 -50 0
      vertex 99.875 41.28 0
      vertex 106.6 100 0
    endloop
  endfacet
  facet normal 0 0 -1
    outer loop
      vertex 106.6 -50 0
      vertex 99.8571 41.0532 0
      vertex 99.875 41.28 0
    endloop
  endfacet
  facet normal 0 0 -1
    outer loop
      vertex 106.6 -50 0
      vertex 99.804 40.8319 0
      vertex 99.8571 41.0532 0
    endloop
  endfacet
  facet normal 0 0 -1
    outer loop
      vertex 106.6 -50 0
      vertex 99.717 40.6217 0
      vertex 99.804 40.8319 0
    endloop
  endfacet
  facet normal 0 0 -1
    outer loop
      vertex 106.6 -50 0
      vertex 99.5981 40.4277 0
      vertex 99.717 40.6217 0
    endloop
  endfacet
  facet normal 0 0 -1
    outer loop
      vertex 106.6 -50 0
      vertex 99.4503 40.2547 0
      vertex 99.5981 40.4277 0
    endloop
  endfacet
  facet normal 0 0 -1
    outer loop
      vertex 106.6 -50 0
      vertex 99.2773 40.1069 0
      vertex 99.4503 40.2547 0
    endloop
  endfacet
  facet normal 0 0 -1
    outer loop
      vertex 106.6 -50 0
      vertex 99.0833 39.988 0
      vertex 99.2773 40.1069 0
    endloop
  endfacet
  facet normal 0 0 -1
    outer loop
      vertex 72.5364 -15.7983 0
      vertex 99.0833 39.988 0
      vertex 106.6 -50 0
    endloop
  endfacet
  facet normal 0 0 -1
    outer loop
      vertex 99.0833 39.988 0
      vertex 72.5364 -15.7983 0
      vertex 98.8731 39.901 0
    endloop
  endfacet
  facet normal 0 0 -1
    outer loop
      vertex 72.4583 -15.6098 0
      vertex 98.8731 39.901 0
      vertex 72.5364 -15.7983 0
    endloop
  endfacet
  facet normal 0 0 -1
    outer loop
      vertex 98.8731 39.901 0
      vertex 72.4583 -15.6098 0
      vertex 98.6518 39.8479 0
    endloop
  endfacet
  facet normal 0 0 -1
    outer loop
      vertex 72.3517 -15.4359 0
      vertex 98.6518 39.8479 0
      vertex 72.4583 -15.6098 0
    endloop
  endfacet
  facet normal 0 0 -1
    outer loop
      vertex 98.6518 39.8479 0
      vertex 72.3517 -15.4359 0
      vertex 98.425 39.83 0
    endloop
  endfacet
  facet normal 0 0 -1
    outer loop
      vertex 72.2192 -15.2808 0
      vertex 98.425 39.83 0
      vertex 72.3517 -15.4359 0
    endloop
  endfacet
  facet normal -0 0 -1
    outer loop
      vertex 98.425 39.83 0
      vertex 72.2192 -15.2808 0
      vertex 98.1982 39.8479 0
    endloop
  endfacet
  facet normal 0 0 -1
    outer loop
      vertex 72.0641 -15.1483 0
      vertex 98.1982 39.8479 0
      vertex 72.2192 -15.2808 0
    endloop
  endfacet
  facet normal -0 0 -1
    outer loop
      vertex 98.1982 39.8479 0
      vertex 72.0641 -15.1483 0
      vertex 97.9769 39.901 0
    endloop
  endfacet
  facet normal 0 0 -1
    outer loop
      vertex 71.8902 -15.0417 0
      vertex 97.9769 39.901 0
      vertex 72.0641 -15.1483 0
    endloop
  endfacet
  facet normal -0 0 -1
    outer loop
      vertex 97.9769 39.901 0
      vertex 71.8902 -15.0417 0
      vertex 97.7667 39.988 0
    endloop
  endfacet
  facet normal 0 0 -1
    outer loop
      vertex 72.5364 -15.7983 0
      vertex 106.6 -50 0
      vertex 72.584 -15.9966 0
    endloop
  endfacet
  facet normal 0 0 -1
    outer loop
      vertex 72.584 -15.9966 0
      vertex 106.6 -50 0
      vertex 72.6 -16.2 0
    endloop
  endfacet
  facet normal 0 0 -1
    outer loop
      vertex 72.584 -44.9966 0
      vertex 106.6 -50 0
      vertex 72.6 -45.2 0
    endloop
  endfacet
  facet normal 0 0 -1
    outer loop
      vertex 106.6 -50 0
      vertex 72.584 -45.4034 0
      vertex 72.6 -45.2 0
    endloop
  endfacet
  facet normal 0 0 -1
    outer loop
      vertex 106.6 -50 0
      vertex 72.5364 -45.6017 0
      vertex 72.584 -45.4034 0
    endloop
  endfacet
  facet normal 0 0 -1
    outer loop
      vertex 106.6 -50 0
      vertex 72.4583 -45.7902 0
      vertex 72.5364 -45.6017 0
    endloop
  endfacet
  facet normal 0 0 -1
    outer loop
      vertex 106.6 -50 0
      vertex 72.3517 -45.9641 0
      vertex 72.4583 -45.7902 0
    endloop
  endfacet
  facet normal 0 0 -1
    outer loop
      vertex 106.6 -50 0
      vertex 72.2192 -46.1192 0
      vertex 72.3517 -45.9641 0
    endloop
  endfacet
  facet normal 0 0 -1
    outer loop
      vertex 106.6 -50 0
      vertex 72.0641 -46.2517 0
      vertex 72.2192 -46.1192 0
    endloop
  endfacet
  facet normal 0 0 -1
    outer loop
      vertex 106.6 -50 0
      vertex 71.8902 -46.3583 0
      vertex 72.0641 -46.2517 0
    endloop
  endfacet
  facet normal 0 0 -1
    outer loop
      vertex 106.6 -50 0
      vertex 71.7017 -46.4364 0
      vertex 71.8902 -46.3583 0
    endloop
  endfacet
  facet normal 0 0 -1
    outer loop
      vertex 106.6 -50 0
      vertex 71.5034 -46.484 0
      vertex 71.7017 -46.4364 0
    endloop
  endfacet
  facet normal 0 0 -1
    outer loop
      vertex 106.6 -50 0
      vertex 71.3 -46.5 0
      vertex 71.5034 -46.484 0
    endloop
  endfacet
  facet normal 0 0 -1
    outer loop
      vertex -5 -50 0
      vertex 71.3 -46.5 0
      vertex 106.6 -50 0
    endloop
  endfacet
  facet normal 0 0 -1
    outer loop
      vertex 70.0636 -16.6017 0
      vertex 10.4 -16.2 0
      vertex 70.016 -16.4034 0
    endloop
  endfacet
  facet normal 0 0 -1
    outer loop
      vertex 70.016 -45.4034 0
      vertex 10.4 -45.2 0
      vertex 70 -45.2 0
    endloop
  endfacet
  facet normal 0 0 -1
    outer loop
      vertex 10.384 -45.4034 0
      vertex 70.016 -45.4034 0
      vertex 70.0636 -45.6017 0
    endloop
  endfacet
  facet normal 0 0 -1
    outer loop
      vertex 10.3364 -45.6017 0
      vertex 70.0636 -45.6017 0
      vertex 70.1417 -45.7902 0
    endloop
  endfacet
  facet normal 0 0 -1
    outer loop
      vertex 10.2583 -45.7902 0
      vertex 70.1417 -45.7902 0
      vertex 70.2483 -45.9641 0
    endloop
  endfacet
  facet normal 0 0 -1
    outer loop
      vertex 10.1517 -45.9641 0
      vertex 70.2483 -45.9641 0
      vertex 70.3808 -46.1192 0
    endloop
  endfacet
  facet normal 0 0 -1
    outer loop
      vertex 10.0192 -46.1192 0
      vertex 70.3808 -46.1192 0
      vertex 70.5359 -46.2517 0
    endloop
  endfacet
  facet normal 0 0 -1
    outer loop
      vertex 9.86412 -46.2517 0
      vertex 70.5359 -46.2517 0
      vertex 70.7098 -46.3583 0
    endloop
  endfacet
  facet normal 0 0 -1
    outer loop
      vertex 9.69019 -46.3583 0
      vertex 70.7098 -46.3583 0
      vertex 70.8983 -46.4364 0
    endloop
  endfacet
  facet normal 0 0 -1
    outer loop
      vertex 9.50172 -46.4364 0
      vertex 70.8983 -46.4364 0
      vertex 71.0966 -46.484 0
    endloop
  endfacet
  facet normal -0 0 -1
    outer loop
      vertex 71.3 -46.5 0
      vertex -5 -50 0
      vertex 71.0966 -46.484 0
    endloop
  endfacet
  facet normal 0 0 -1
    outer loop
      vertex 70.016 -45.4034 0
      vertex 10.384 -45.4034 0
      vertex 10.4 -45.2 0
    endloop
  endfacet
  facet normal 0 0 -1
    outer loop
      vertex 70.0636 -45.6017 0
      vertex 10.3364 -45.6017 0
      vertex 10.384 -45.4034 0
    endloop
  endfacet
  facet normal 0 0 -1
    outer loop
      vertex 70.1417 -45.7902 0
      vertex 10.2583 -45.7902 0
      vertex 10.3364 -45.6017 0
    endloop
  endfacet
  facet normal 0 0 -1
    outer loop
      vertex 70.2483 -45.9641 0
      vertex 10.1517 -45.9641 0
      vertex 10.2583 -45.7902 0
    endloop
  endfacet
  facet normal 0 0 -1
    outer loop
      vertex 70.3808 -46.1192 0
      vertex 10.0192 -46.1192 0
      vertex 10.1517 -45.9641 0
    endloop
  endfacet
  facet normal 0 0 -1
    outer loop
      vertex 70.5359 -46.2517 0
      vertex 9.86412 -46.2517 0
      vertex 10.0192 -46.1192 0
    endloop
  endfacet
  facet normal 0 0 -1
    outer loop
      vertex 70.7098 -46.3583 0
      vertex 9.69019 -46.3583 0
      vertex 9.86412 -46.2517 0
    endloop
  endfacet
  facet normal 0 0 -1
    outer loop
      vertex 70.8983 -46.4364 0
      vertex 9.50172 -46.4364 0
      vertex 9.69019 -46.3583 0
    endloop
  endfacet
  facet normal 0 0 -1
    outer loop
      vertex 71.0966 -46.484 0
      vertex 9.30336 -46.484 0
      vertex 9.50172 -46.4364 0
    endloop
  endfacet
  facet normal -0 0 -1
    outer loop
      vertex 71.0966 -46.484 0
      vertex -5 -50 0
      vertex 9.30336 -46.484 0
    endloop
  endfacet
  facet normal -0 0 -1
    outer loop
      vertex 7.816 -16.4034 0
      vertex -5 -50 0
      vertex 7.8 -16.2 0
    endloop
  endfacet
  facet normal 0 0 -1
    outer loop
      vertex 7.8 -16.2 0
      vertex 4.60715 41.0532 0
      vertex 4.625 41.28 0
    endloop
  endfacet
  facet normal 0 0 -1
    outer loop
      vertex 7.8 -16.2 0
      vertex 4.55403 40.8319 0
      vertex 4.60715 41.0532 0
    endloop
  endfacet
  facet normal 0 0 -1
    outer loop
      vertex 7.8 -16.2 0
      vertex 4.46696 40.6217 0
      vertex 4.55403 40.8319 0
    endloop
  endfacet
  facet normal 0 0 -1
    outer loop
      vertex 7.8 -16.2 0
      vertex 4.34807 40.4277 0
      vertex 4.46696 40.6217 0
    endloop
  endfacet
  facet normal 0 0 -1
    outer loop
      vertex 7.8 -16.2 0
      vertex 4.2003 40.2547 0
      vertex 4.34807 40.4277 0
    endloop
  endfacet
  facet normal 0 0 -1
    outer loop
      vertex 7.8 -16.2 0
      vertex 4.02729 40.1069 0
      vertex 4.2003 40.2547 0
    endloop
  endfacet
  facet normal 0 0 -1
    outer loop
      vertex 7.8 -16.2 0
      vertex 3.83329 39.988 0
      vertex 4.02729 40.1069 0
    endloop
  endfacet
  facet normal 0 0 -1
    outer loop
      vertex 7.8 -16.2 0
      vertex 3.62307 39.901 0
      vertex 3.83329 39.988 0
    endloop
  endfacet
  facet normal 0 0 -1
    outer loop
      vertex 7.8 -16.2 0
      vertex 3.40183 39.8479 0
      vertex 3.62307 39.901 0
    endloop
  endfacet
  facet normal 0 0 -1
    outer loop
      vertex 7.8 -16.2 0
      vertex 3.175 39.83 0
      vertex 3.40183 39.8479 0
    endloop
  endfacet
  facet normal 0 0 -1
    outer loop
      vertex 7.8 -16.2 0
      vertex 2.94817 39.8479 0
      vertex 3.175 39.83 0
    endloop
  endfacet
  facet normal 0 0 -1
    outer loop
      vertex 7.8 -16.2 0
      vertex 2.72692 39.901 0
      vertex 2.94817 39.8479 0
    endloop
  endfacet
  facet normal 0 -0 -1
    outer loop
      vertex 1.88304 40.6217 0
      vertex 7.8 -16.2 0
      vertex -5 -50 0
    endloop
  endfacet
  facet normal 0 0 -1
    outer loop
      vertex 7.8 -16.2 0
      vertex 2.51671 39.988 0
      vertex 2.72692 39.901 0
    endloop
  endfacet
  facet normal 0 0 -1
    outer loop
      vertex 7.8 -16.2 0
      vertex 2.32271 40.1069 0
      vertex 2.51671 39.988 0
    endloop
  endfacet
  facet normal 0 0 -1
    outer loop
      vertex 7.8 -16.2 0
      vertex 2.14969 40.2547 0
      vertex 2.32271 40.1069 0
    endloop
  endfacet
  facet normal 0 0 -1
    outer loop
      vertex 7.8 -16.2 0
      vertex 2.00192 40.4277 0
      vertex 2.14969 40.2547 0
    endloop
  endfacet
  facet normal 0 0 -1
    outer loop
      vertex 7.8 -16.2 0
      vertex 1.88304 40.6217 0
      vertex 2.00192 40.4277 0
    endloop
  endfacet
  facet normal -0 0 -1
    outer loop
      vertex 1.88304 40.6217 0
      vertex -5 -50 0
      vertex 1.79597 40.8319 0
    endloop
  endfacet
  facet normal -0 0 -1
    outer loop
      vertex 1.79597 40.8319 0
      vertex -5 -50 0
      vertex 1.74285 41.0532 0
    endloop
  endfacet
  facet normal 0 0 -1
    outer loop
      vertex -5 100 0
      vertex 1.725 41.28 0
      vertex -5 -50 0
    endloop
  endfacet
  facet normal -0 0 -1
    outer loop
      vertex 1.74285 41.0532 0
      vertex -5 -50 0
      vertex 1.725 41.28 0
    endloop
  endfacet
  facet normal -0 0 -1
    outer loop
      vertex 7.816 -45.4034 0
      vertex -5 -50 0
      vertex 7.8 -45.2 0
    endloop
  endfacet
  facet normal -0 0 -1
    outer loop
      vertex 7.86363 -45.6017 0
      vertex -5 -50 0
      vertex 7.816 -45.4034 0
    endloop
  endfacet
  facet normal -0 0 -1
    outer loop
      vertex 7.94169 -45.7902 0
      vertex -5 -50 0
      vertex 7.86363 -45.6017 0
    endloop
  endfacet
  facet normal -0 0 -1
    outer loop
      vertex 8.04828 -45.9641 0
      vertex -5 -50 0
      vertex 7.94169 -45.7902 0
    endloop
  endfacet
  facet normal -0 0 -1
    outer loop
      vertex 8.18076 -46.1192 0
      vertex -5 -50 0
      vertex 8.04828 -45.9641 0
    endloop
  endfacet
  facet normal -0 0 -1
    outer loop
      vertex 8.33588 -46.2517 0
      vertex -5 -50 0
      vertex 8.18076 -46.1192 0
    endloop
  endfacet
  facet normal -0 0 -1
    outer loop
      vertex 8.50981 -46.3583 0
      vertex -5 -50 0
      vertex 8.33588 -46.2517 0
    endloop
  endfacet
  facet normal -0 0 -1
    outer loop
      vertex 8.69828 -46.4364 0
      vertex -5 -50 0
      vertex 8.50981 -46.3583 0
    endloop
  endfacet
  facet normal -0 0 -1
    outer loop
      vertex 8.89664 -46.484 0
      vertex -5 -50 0
      vertex 8.69828 -46.4364 0
    endloop
  endfacet
  facet normal -0 0 -1
    outer loop
      vertex 9.1 -46.5 0
      vertex -5 -50 0
      vertex 8.89664 -46.484 0
    endloop
  endfacet
  facet normal 0 0 -1
    outer loop
      vertex 9.30336 -46.484 0
      vertex -5 -50 0
      vertex 9.1 -46.5 0
    endloop
  endfacet
  facet normal 0 0 -1
    outer loop
      vertex 99.8571 41.5068 0
      vertex 106.6 100 0
      vertex 99.875 41.28 0
    endloop
  endfacet
  facet normal 0 0 -1
    outer loop
      vertex 99.8571 85.9568 0
      vertex 106.6 100 0
      vertex 99.875 85.73 0
    endloop
  endfacet
  facet normal 0 0 -1
    outer loop
      vertex 99.804 86.1781 0
      vertex 106.6 100 0
      vertex 99.8571 85.9568 0
    endloop
  endfacet
  facet normal 0 0 -1
    outer loop
      vertex 99.717 86.3883 0
      vertex 106.6 100 0
      vertex 99.804 86.1781 0
    endloop
  endfacet
  facet normal 0 0 -1
    outer loop
      vertex 99.5981 86.5823 0
      vertex 106.6 100 0
      vertex 99.717 86.3883 0
    endloop
  endfacet
  facet normal 0 0 -1
    outer loop
      vertex 99.4503 86.7553 0
      vertex 106.6 100 0
      vertex 99.5981 86.5823 0
    endloop
  endfacet
  facet normal 0 0 -1
    outer loop
      vertex 99.2773 86.9031 0
      vertex 106.6 100 0
      vertex 99.4503 86.7553 0
    endloop
  endfacet
  facet normal 0 0 -1
    outer loop
      vertex 99.0833 87.022 0
      vertex 106.6 100 0
      vertex 99.2773 86.9031 0
    endloop
  endfacet
  facet normal 0 0 -1
    outer loop
      vertex 98.8731 87.109 0
      vertex 106.6 100 0
      vertex 99.0833 87.022 0
    endloop
  endfacet
  facet normal 0 0 -1
    outer loop
      vertex 98.6518 87.1621 0
      vertex 106.6 100 0
      vertex 98.8731 87.109 0
    endloop
  endfacet
  facet normal 0 0 -1
    outer loop
      vertex 98.425 87.18 0
      vertex 106.6 100 0
      vertex 98.6518 87.1621 0
    endloop
  endfacet
  facet normal 0 0 -1
    outer loop
      vertex 98.1982 87.1621 0
      vertex 106.6 100 0
      vertex 98.425 87.18 0
    endloop
  endfacet
  facet normal 0 0 -1
    outer loop
      vertex 97.9769 87.109 0
      vertex 106.6 100 0
      vertex 98.1982 87.1621 0
    endloop
  endfacet
  facet normal 0 0 -1
    outer loop
      vertex 97.7667 87.022 0
      vertex 106.6 100 0
      vertex 97.9769 87.109 0
    endloop
  endfacet
  facet normal 0 0 -1
    outer loop
      vertex 97.5727 86.9031 0
      vertex 106.6 100 0
      vertex 97.7667 87.022 0
    endloop
  endfacet
  facet normal 0 0 -1
    outer loop
      vertex 97.3997 86.7553 0
      vertex 106.6 100 0
      vertex 97.5727 86.9031 0
    endloop
  endfacet
  facet normal 0 0 -1
    outer loop
      vertex 4.2003 86.7553 0
      vertex 97.3997 86.7553 0
      vertex 97.2519 86.5823 0
    endloop
  endfacet
  facet normal 0 0 -1
    outer loop
      vertex 71.7017 -14.9636 0
      vertex 97.7667 39.988 0
      vertex 71.8902 -15.0417 0
    endloop
  endfacet
  facet normal -0 0 -1
    outer loop
      vertex 97.7667 39.988 0
      vertex 71.7017 -14.9636 0
      vertex 97.5727 40.1069 0
    endloop
  endfacet
  facet normal 0 0 -1
    outer loop
      vertex 71.5034 -14.916 0
      vertex 97.5727 40.1069 0
      vertex 71.7017 -14.9636 0
    endloop
  endfacet
  facet normal -0 0 -1
    outer loop
      vertex 97.5727 40.1069 0
      vertex 71.5034 -14.916 0
      vertex 97.3997 40.2547 0
    endloop
  endfacet
  facet normal 0 0 -1
    outer loop
      vertex 71.3 -14.9 0
      vertex 97.3997 40.2547 0
      vertex 71.5034 -14.916 0
    endloop
  endfacet
  facet normal -0 0 -1
    outer loop
      vertex 97.3997 40.2547 0
      vertex 71.3 -14.9 0
      vertex 97.2519 40.4277 0
    endloop
  endfacet
  facet normal 0 0 -1
    outer loop
      vertex 71.0966 -14.916 0
      vertex 97.2519 40.4277 0
      vertex 71.3 -14.9 0
    endloop
  endfacet
  facet normal -0 0 -1
    outer loop
      vertex 97.2519 40.4277 0
      vertex 71.0966 -14.916 0
      vertex 97.133 40.6217 0
    endloop
  endfacet
  facet normal 0 0 -1
    outer loop
      vertex 70.8983 -14.9636 0
      vertex 97.133 40.6217 0
      vertex 71.0966 -14.916 0
    endloop
  endfacet
  facet normal -0 0 -1
    outer loop
      vertex 97.133 40.6217 0
      vertex 70.8983 -14.9636 0
      vertex 97.046 40.8319 0
    endloop
  endfacet
  facet normal 0 0 -1
    outer loop
      vertex 70.7098 -15.0417 0
      vertex 97.046 40.8319 0
      vertex 70.8983 -14.9636 0
    endloop
  endfacet
  facet normal 0 0 -1
    outer loop
      vertex 4.625 41.28 0
      vertex 97.046 40.8319 0
      vertex 70.7098 -15.0417 0
    endloop
  endfacet
  facet normal 0 0 -1
    outer loop
      vertex 97.046 85.2819 0
      vertex 4.625 85.73 0
      vertex 96.9929 85.5032 0
    endloop
  endfacet
  facet normal 0 0 -1
    outer loop
      vertex 96.9929 85.5032 0
      vertex 4.625 85.73 0
      vertex 96.975 85.73 0
    endloop
  endfacet
  facet normal 0 0 -1
    outer loop
      vertex 97.046 40.8319 0
      vertex 4.625 41.28 0
      vertex 96.9929 41.0532 0
    endloop
  endfacet
  facet normal 0 0 -1
    outer loop
      vertex 96.9929 41.0532 0
      vertex 4.625 41.28 0
      vertex 96.975 41.28 0
    endloop
  endfacet
  facet normal 0 0 -1
    outer loop
      vertex 4.625 41.28 0
      vertex 70.7098 -15.0417 0
      vertex 70.5359 -15.1483 0
    endloop
  endfacet
  facet normal 0 0 -1
    outer loop
      vertex 4.625 41.28 0
      vertex 70.5359 -15.1483 0
      vertex 70.3808 -15.2808 0
    endloop
  endfacet
  facet normal 0 0 -1
    outer loop
      vertex 10.0192 -15.2808 0
      vertex 70.3808 -15.2808 0
      vertex 70.2483 -15.4359 0
    endloop
  endfacet
  facet normal 0 0 -1
    outer loop
      vertex 10.1517 -15.4359 0
      vertex 70.2483 -15.4359 0
      vertex 70.1417 -15.6098 0
    endloop
  endfacet
  facet normal 0 0 -1
    outer loop
      vertex 10.2583 -15.6098 0
      vertex 70.1417 -15.6098 0
      vertex 70.0636 -15.7983 0
    endloop
  endfacet
  facet normal 0 0 -1
    outer loop
      vertex 70.016 -16.4034 0
      vertex 10.4 -16.2 0
      vertex 70 -16.2 0
    endloop
  endfacet
  facet normal 0 0 -1
    outer loop
      vertex 70 -16.2 0
      vertex 10.4 -16.2 0
      vertex 70.016 -15.9966 0
    endloop
  endfacet
  facet normal 0 0 -1
    outer loop
      vertex 10.384 -15.9966 0
      vertex 70.016 -15.9966 0
      vertex 10.4 -16.2 0
    endloop
  endfacet
  facet normal 0 0 -1
    outer loop
      vertex 70.016 -15.9966 0
      vertex 10.384 -15.9966 0
      vertex 70.0636 -15.7983 0
    endloop
  endfacet
  facet normal 0 0 -1
    outer loop
      vertex 10.3364 -15.7983 0
      vertex 70.0636 -15.7983 0
      vertex 10.384 -15.9966 0
    endloop
  endfacet
  facet normal 0 0 -1
    outer loop
      vertex 10.2583 -15.6098 0
      vertex 70.0636 -15.7983 0
      vertex 10.3364 -15.7983 0
    endloop
  endfacet
  facet normal 0 0 -1
    outer loop
      vertex 70.1417 -15.6098 0
      vertex 10.2583 -15.6098 0
      vertex 10.1517 -15.4359 0
    endloop
  endfacet
  facet normal 0 0 -1
    outer loop
      vertex 96.975 85.73 0
      vertex 4.625 85.73 0
      vertex 96.9929 85.9568 0
    endloop
  endfacet
  facet normal 0 0 -1
    outer loop
      vertex 4.60715 85.9568 0
      vertex 96.9929 85.9568 0
      vertex 4.625 85.73 0
    endloop
  endfacet
  facet normal 0 0 -1
    outer loop
      vertex 96.9929 85.9568 0
      vertex 4.60715 85.9568 0
      vertex 97.046 86.1781 0
    endloop
  endfacet
  facet normal 0 0 -1
    outer loop
      vertex 70.2483 -15.4359 0
      vertex 10.1517 -15.4359 0
      vertex 10.0192 -15.2808 0
    endloop
  endfacet
  facet normal 0 0 -1
    outer loop
      vertex 70.3808 -15.2808 0
      vertex 10.0192 -15.2808 0
      vertex 4.625 41.28 0
    endloop
  endfacet
  facet normal 0 0 -1
    outer loop
      vertex 4.625 41.28 0
      vertex 10.0192 -15.2808 0
      vertex 9.86412 -15.1483 0
    endloop
  endfacet
  facet normal 0 0 -1
    outer loop
      vertex 4.625 41.28 0
      vertex 9.86412 -15.1483 0
      vertex 9.69019 -15.0417 0
    endloop
  endfacet
  facet normal 0 0 -1
    outer loop
      vertex 4.625 41.28 0
      vertex 9.69019 -15.0417 0
      vertex 9.50172 -14.9636 0
    endloop
  endfacet
  facet normal 0 0 -1
    outer loop
      vertex 4.625 41.28 0
      vertex 9.50172 -14.9636 0
      vertex 9.30336 -14.916 0
    endloop
  endfacet
  facet normal 0 0 -1
    outer loop
      vertex 4.625 41.28 0
      vertex 9.30336 -14.916 0
      vertex 9.1 -14.9 0
    endloop
  endfacet
  facet normal 0 0 -1
    outer loop
      vertex 4.625 41.28 0
      vertex 9.1 -14.9 0
      vertex 8.89664 -14.916 0
    endloop
  endfacet
  facet normal 0 0 -1
    outer loop
      vertex 4.625 41.28 0
      vertex 8.89664 -14.916 0
      vertex 8.69828 -14.9636 0
    endloop
  endfacet
  facet normal 0 0 -1
    outer loop
      vertex 4.625 41.28 0
      vertex 8.69828 -14.9636 0
      vertex 8.50981 -15.0417 0
    endloop
  endfacet
  facet normal 0 0 -1
    outer loop
      vertex 4.625 41.28 0
      vertex 8.50981 -15.0417 0
      vertex 8.33588 -15.1483 0
    endloop
  endfacet
  facet normal 0 0 -1
    outer loop
      vertex 4.625 41.28 0
      vertex 8.33588 -15.1483 0
      vertex 8.18076 -15.2808 0
    endloop
  endfacet
  facet normal 0 0 -1
    outer loop
      vertex 4.625 41.28 0
      vertex 8.18076 -15.2808 0
      vertex 8.04828 -15.4359 0
    endloop
  endfacet
  facet normal 0 0 -1
    outer loop
      vertex 4.625 41.28 0
      vertex 7.816 -15.9966 0
      vertex 7.8 -16.2 0
    endloop
  endfacet
  facet normal 0 0 -1
    outer loop
      vertex 4.625 41.28 0
      vertex 7.86363 -15.7983 0
      vertex 7.816 -15.9966 0
    endloop
  endfacet
  facet normal 0 0 -1
    outer loop
      vertex 4.625 41.28 0
      vertex 7.94169 -15.6098 0
      vertex 7.86363 -15.7983 0
    endloop
  endfacet
  facet normal 0 0 -1
    outer loop
      vertex 4.625 41.28 0
      vertex 8.04828 -15.4359 0
      vertex 7.94169 -15.6098 0
    endloop
  endfacet
  facet normal 0 0 -1
    outer loop
      vertex 4.55403 86.1781 0
      vertex 97.046 86.1781 0
      vertex 4.60715 85.9568 0
    endloop
  endfacet
  facet normal 0 0 -1
    outer loop
      vertex 97.046 86.1781 0
      vertex 4.55403 86.1781 0
      vertex 97.133 86.3883 0
    endloop
  endfacet
  facet normal 0 0 -1
    outer loop
      vertex 4.46696 86.3883 0
      vertex 97.133 86.3883 0
      vertex 4.55403 86.1781 0
    endloop
  endfacet
  facet normal 0 0 -1
    outer loop
      vertex 97.133 86.3883 0
      vertex 4.46696 86.3883 0
      vertex 97.2519 86.5823 0
    endloop
  endfacet
  facet normal 0 0 -1
    outer loop
      vertex 4.34807 86.5823 0
      vertex 97.2519 86.5823 0
      vertex 4.46696 86.3883 0
    endloop
  endfacet
  facet normal 0 0 -1
    outer loop
      vertex 4.2003 86.7553 0
      vertex 97.2519 86.5823 0
      vertex 4.34807 86.5823 0
    endloop
  endfacet
  facet normal 0 0 -1
    outer loop
      vertex 97.3997 86.7553 0
      vertex 4.2003 86.7553 0
      vertex 106.6 100 0
    endloop
  endfacet
  facet normal 0 0 -1
    outer loop
      vertex -5 100 0
      vertex 4.2003 86.7553 0
      vertex 4.02729 86.9031 0
    endloop
  endfacet
  facet normal 0 0 -1
    outer loop
      vertex -5 100 0
      vertex 4.02729 86.9031 0
      vertex 3.83329 87.022 0
    endloop
  endfacet
  facet normal 0 0 -1
    outer loop
      vertex -5 100 0
      vertex 3.83329 87.022 0
      vertex 3.62307 87.109 0
    endloop
  endfacet
  facet normal 0 0 -1
    outer loop
      vertex -5 100 0
      vertex 3.62307 87.109 0
      vertex 3.40183 87.1621 0
    endloop
  endfacet
  facet normal 0 0 -1
    outer loop
      vertex -5 100 0
      vertex 3.40183 87.1621 0
      vertex 3.175 87.18 0
    endloop
  endfacet
  facet normal 0 0 -1
    outer loop
      vertex -5 100 0
      vertex 3.175 87.18 0
      vertex 2.94817 87.1621 0
    endloop
  endfacet
  facet normal 0 0 -1
    outer loop
      vertex 4.2003 86.7553 0
      vertex -5 100 0
      vertex 106.6 100 0
    endloop
  endfacet
  facet normal 0 0 -1
    outer loop
      vertex 2.72692 87.109 0
      vertex -5 100 0
      vertex 2.94817 87.1621 0
    endloop
  endfacet
  facet normal 0 0 -1
    outer loop
      vertex 2.51671 87.022 0
      vertex -5 100 0
      vertex 2.72692 87.109 0
    endloop
  endfacet
  facet normal 0 0 -1
    outer loop
      vertex 2.32271 86.9031 0
      vertex -5 100 0
      vertex 2.51671 87.022 0
    endloop
  endfacet
  facet normal 0 0 -1
    outer loop
      vertex 2.14969 86.7553 0
      vertex -5 100 0
      vertex 2.32271 86.9031 0
    endloop
  endfacet
  facet normal 0 0 -1
    outer loop
      vertex 2.00192 86.5823 0
      vertex -5 100 0
      vertex 2.14969 86.7553 0
    endloop
  endfacet
  facet normal 0 0 -1
    outer loop
      vertex 1.88304 86.3883 0
      vertex -5 100 0
      vertex 2.00192 86.5823 0
    endloop
  endfacet
  facet normal 0 0 -1
    outer loop
      vertex 1.79597 86.1781 0
      vertex -5 100 0
      vertex 1.88304 86.3883 0
    endloop
  endfacet
  facet normal 0 0 -1
    outer loop
      vertex 1.74285 85.9568 0
      vertex -5 100 0
      vertex 1.79597 86.1781 0
    endloop
  endfacet
  facet normal 0 0 -1
    outer loop
      vertex 1.725 85.73 0
      vertex -5 100 0
      vertex 1.74285 85.9568 0
    endloop
  endfacet
  facet normal 0 0 -1
    outer loop
      vertex 1.74285 85.5032 0
      vertex -5 100 0
      vertex 1.725 85.73 0
    endloop
  endfacet
  facet normal -0.649536 0.760331 0
    outer loop
      vertex 1.35287 43.788 3
      vertex 0.982968 43.472 7
      vertex 1.35287 43.788 7
    endloop
  endfacet
  facet normal -0.649536 0.760331 0
    outer loop
      vertex 0.982968 43.472 7
      vertex 1.35287 43.788 3
      vertex 0.982968 43.472 3
    endloop
  endfacet
  facet normal -0.852604 0.522558 0
    outer loop
      vertex 0.412879 42.6874 3
      vertex 0.667047 43.1021 7
      vertex 0.667047 43.1021 3
    endloop
  endfacet
  facet normal -0.852604 0.522558 0
    outer loop
      vertex 0.667047 43.1021 7
      vertex 0.412879 42.6874 3
      vertex 0.412879 42.6874 7
    endloop
  endfacet
  facet normal 0 0 1
    outer loop
      vertex 4.625 41.28 7
      vertex 6.275 41.28 7
      vertex 6.23683 41.7649 7
    endloop
  endfacet
  facet normal 0 0 1
    outer loop
      vertex 4.60715 41.5068 7
      vertex 6.23683 41.7649 7
      vertex 6.12327 42.238 7
    endloop
  endfacet
  facet normal 0 0 1
    outer loop
      vertex 6.275 41.28 7
      vertex 4.625 41.28 7
      vertex 6.23683 40.7951 7
    endloop
  endfacet
  facet normal 0 0 1
    outer loop
      vertex 4.55403 41.7281 7
      vertex 6.12327 42.238 7
      vertex 5.93712 42.6874 7
    endloop
  endfacet
  facet normal -0 0 1
    outer loop
      vertex 4.60715 41.0532 7
      vertex 6.23683 40.7951 7
      vertex 4.625 41.28 7
    endloop
  endfacet
  facet normal 0 0 1
    outer loop
      vertex 4.46696 41.9383 7
      vertex 5.93712 42.6874 7
      vertex 5.68295 43.1021 7
    endloop
  endfacet
  facet normal 0 0 1
    outer loop
      vertex 6.23683 40.7951 7
      vertex 4.60715 41.0532 7
      vertex 6.12327 40.322 7
    endloop
  endfacet
  facet normal 0 0 1
    outer loop
      vertex 4.34807 42.1323 7
      vertex 5.68295 43.1021 7
      vertex 5.36703 43.472 7
    endloop
  endfacet
  facet normal -0 0 1
    outer loop
      vertex 4.55403 40.8319 7
      vertex 6.12327 40.322 7
      vertex 4.60715 41.0532 7
    endloop
  endfacet
  facet normal 0 0 1
    outer loop
      vertex 4.2003 42.3053 7
      vertex 5.36703 43.472 7
      vertex 4.99713 43.788 7
    endloop
  endfacet
  facet normal 0 0 1
    outer loop
      vertex 6.12327 40.322 7
      vertex 4.55403 40.8319 7
      vertex 5.93712 39.8726 7
    endloop
  endfacet
  facet normal -0 0 1
    outer loop
      vertex 4.46696 40.6217 7
      vertex 5.93712 39.8726 7
      vertex 4.55403 40.8319 7
    endloop
  endfacet
  facet normal 0 0 1
    outer loop
      vertex 6.23683 41.7649 7
      vertex 4.60715 41.5068 7
      vertex 4.625 41.28 7
    endloop
  endfacet
  facet normal 0 0 1
    outer loop
      vertex 4.02729 42.4531 7
      vertex 4.99713 43.788 7
      vertex 4.58237 44.0421 7
    endloop
  endfacet
  facet normal 0 0 1
    outer loop
      vertex 6.12327 42.238 7
      vertex 4.55403 41.7281 7
      vertex 4.60715 41.5068 7
    endloop
  endfacet
  facet normal 0 0 1
    outer loop
      vertex 5.93712 42.6874 7
      vertex 4.46696 41.9383 7
      vertex 4.55403 41.7281 7
    endloop
  endfacet
  facet normal 0 0 1
    outer loop
      vertex 5.68295 43.1021 7
      vertex 4.34807 42.1323 7
      vertex 4.46696 41.9383 7
    endloop
  endfacet
  facet normal 0 0 1
    outer loop
      vertex 5.36703 43.472 7
      vertex 4.2003 42.3053 7
      vertex 4.34807 42.1323 7
    endloop
  endfacet
  facet normal 0 0 1
    outer loop
      vertex 3.83329 42.572 7
      vertex 4.58237 44.0421 7
      vertex 4.13295 44.2283 7
    endloop
  endfacet
  facet normal 0 0 1
    outer loop
      vertex 4.99713 43.788 7
      vertex 4.02729 42.4531 7
      vertex 4.2003 42.3053 7
    endloop
  endfacet
  facet normal 0 0 1
    outer loop
      vertex 4.58237 44.0421 7
      vertex 3.83329 42.572 7
      vertex 4.02729 42.4531 7
    endloop
  endfacet
  facet normal 0 0 1
    outer loop
      vertex 3.62307 42.659 7
      vertex 4.13295 44.2283 7
      vertex 3.65995 44.3418 7
    endloop
  endfacet
  facet normal 0 0 1
    outer loop
      vertex 4.13295 44.2283 7
      vertex 3.62307 42.659 7
      vertex 3.83329 42.572 7
    endloop
  endfacet
  facet normal 0 0 1
    outer loop
      vertex 3.65995 44.3418 7
      vertex 3.40183 42.7121 7
      vertex 3.62307 42.659 7
    endloop
  endfacet
  facet normal 0 0 1
    outer loop
      vertex 3.175 44.38 7
      vertex 3.40183 42.7121 7
      vertex 3.65995 44.3418 7
    endloop
  endfacet
  facet normal 0 0 1
    outer loop
      vertex 3.175 44.38 7
      vertex 3.175 42.73 7
      vertex 3.40183 42.7121 7
    endloop
  endfacet
  facet normal 0 0 1
    outer loop
      vertex 3.175 44.38 7
      vertex 2.94817 42.7121 7
      vertex 3.175 42.73 7
    endloop
  endfacet
  facet normal -0 0 1
    outer loop
      vertex 2.69005 44.3418 7
      vertex 2.94817 42.7121 7
      vertex 3.175 44.38 7
    endloop
  endfacet
  facet normal 0 0 1
    outer loop
      vertex 2.94817 42.7121 7
      vertex 2.69005 44.3418 7
      vertex 2.72692 42.659 7
    endloop
  endfacet
  facet normal -0 0 1
    outer loop
      vertex 2.21705 44.2283 7
      vertex 2.72692 42.659 7
      vertex 2.69005 44.3418 7
    endloop
  endfacet
  facet normal 0 0 1
    outer loop
      vertex 2.72692 42.659 7
      vertex 2.21705 44.2283 7
      vertex 2.51671 42.572 7
    endloop
  endfacet
  facet normal -0 0 1
    outer loop
      vertex 1.76763 44.0421 7
      vertex 2.51671 42.572 7
      vertex 2.21705 44.2283 7
    endloop
  endfacet
  facet normal 0 0 1
    outer loop
      vertex 2.51671 42.572 7
      vertex 1.76763 44.0421 7
      vertex 2.32271 42.4531 7
    endloop
  endfacet
  facet normal -0 0 1
    outer loop
      vertex 1.35287 43.788 7
      vertex 2.32271 42.4531 7
      vertex 1.76763 44.0421 7
    endloop
  endfacet
  facet normal 0 0 1
    outer loop
      vertex 2.32271 42.4531 7
      vertex 1.35287 43.788 7
      vertex 2.14969 42.3053 7
    endloop
  endfacet
  facet normal -0 0 1
    outer loop
      vertex 0.982968 43.472 7
      vertex 2.14969 42.3053 7
      vertex 1.35287 43.788 7
    endloop
  endfacet
  facet normal 0 0 1
    outer loop
      vertex 2.14969 42.3053 7
      vertex 0.982968 43.472 7
      vertex 2.00192 42.1323 7
    endloop
  endfacet
  facet normal -0 0 1
    outer loop
      vertex 0.667047 43.1021 7
      vertex 2.00192 42.1323 7
      vertex 0.982968 43.472 7
    endloop
  endfacet
  facet normal 0 0 1
    outer loop
      vertex 2.00192 42.1323 7
      vertex 0.667047 43.1021 7
      vertex 1.88304 41.9383 7
    endloop
  endfacet
  facet normal -0 0 1
    outer loop
      vertex 0.412879 42.6874 7
      vertex 1.88304 41.9383 7
      vertex 0.667047 43.1021 7
    endloop
  endfacet
  facet normal 0 0 1
    outer loop
      vertex 5.93712 39.8726 7
      vertex 4.46696 40.6217 7
      vertex 5.68295 39.4579 7
    endloop
  endfacet
  facet normal -0 0 1
    outer loop
      vertex 4.34807 40.4277 7
      vertex 5.68295 39.4579 7
      vertex 4.46696 40.6217 7
    endloop
  endfacet
  facet normal 0 0 1
    outer loop
      vertex 5.68295 39.4579 7
      vertex 4.34807 40.4277 7
      vertex 5.36703 39.088 7
    endloop
  endfacet
  facet normal -0 0 1
    outer loop
      vertex 4.2003 40.2547 7
      vertex 5.36703 39.088 7
      vertex 4.34807 40.4277 7
    endloop
  endfacet
  facet normal 0 0 1
    outer loop
      vertex 5.36703 39.088 7
      vertex 4.2003 40.2547 7
      vertex 4.99713 38.772 7
    endloop
  endfacet
  facet normal -0 0 1
    outer loop
      vertex 4.02729 40.1069 7
      vertex 4.99713 38.772 7
      vertex 4.2003 40.2547 7
    endloop
  endfacet
  facet normal 0 0 1
    outer loop
      vertex 4.99713 38.772 7
      vertex 4.02729 40.1069 7
      vertex 4.58237 38.5179 7
    endloop
  endfacet
  facet normal -0 0 1
    outer loop
      vertex 3.83329 39.988 7
      vertex 4.58237 38.5179 7
      vertex 4.02729 40.1069 7
    endloop
  endfacet
  facet normal 0 0 1
    outer loop
      vertex 4.58237 38.5179 7
      vertex 3.83329 39.988 7
      vertex 4.13295 38.3317 7
    endloop
  endfacet
  facet normal -0 0 1
    outer loop
      vertex 3.62307 39.901 7
      vertex 4.13295 38.3317 7
      vertex 3.83329 39.988 7
    endloop
  endfacet
  facet normal 0 0 1
    outer loop
      vertex 4.13295 38.3317 7
      vertex 3.62307 39.901 7
      vertex 3.65995 38.2182 7
    endloop
  endfacet
  facet normal -0 0 1
    outer loop
      vertex 3.40183 39.8479 7
      vertex 3.65995 38.2182 7
      vertex 3.62307 39.901 7
    endloop
  endfacet
  facet normal -0 0 1
    outer loop
      vertex 3.175 39.83 7
      vertex 3.65995 38.2182 7
      vertex 3.40183 39.8479 7
    endloop
  endfacet
  facet normal 0 0 1
    outer loop
      vertex 3.175 39.83 7
      vertex 3.175 38.18 7
      vertex 3.65995 38.2182 7
    endloop
  endfacet
  facet normal 0 0 1
    outer loop
      vertex 2.94817 39.8479 7
      vertex 3.175 38.18 7
      vertex 3.175 39.83 7
    endloop
  endfacet
  facet normal 0 0 1
    outer loop
      vertex 2.69005 38.2182 7
      vertex 2.94817 39.8479 7
      vertex 2.72692 39.901 7
    endloop
  endfacet
  facet normal 0 0 1
    outer loop
      vertex 2.94817 39.8479 7
      vertex 2.69005 38.2182 7
      vertex 3.175 38.18 7
    endloop
  endfacet
  facet normal 0 0 1
    outer loop
      vertex 2.21705 38.3317 7
      vertex 2.72692 39.901 7
      vertex 2.51671 39.988 7
    endloop
  endfacet
  facet normal 0 0 1
    outer loop
      vertex 1.76763 38.5179 7
      vertex 2.51671 39.988 7
      vertex 2.32271 40.1069 7
    endloop
  endfacet
  facet normal 0 0 1
    outer loop
      vertex 2.72692 39.901 7
      vertex 2.21705 38.3317 7
      vertex 2.69005 38.2182 7
    endloop
  endfacet
  facet normal 0 0 1
    outer loop
      vertex 1.35287 38.772 7
      vertex 2.32271 40.1069 7
      vertex 2.14969 40.2547 7
    endloop
  endfacet
  facet normal 0 0 1
    outer loop
      vertex 0.982968 39.088 7
      vertex 2.14969 40.2547 7
      vertex 2.00192 40.4277 7
    endloop
  endfacet
  facet normal 0 0 1
    outer loop
      vertex 0.667047 39.4579 7
      vertex 2.00192 40.4277 7
      vertex 1.88304 40.6217 7
    endloop
  endfacet
  facet normal 0 0 1
    outer loop
      vertex 0.412879 39.8726 7
      vertex 1.88304 40.6217 7
      vertex 1.79597 40.8319 7
    endloop
  endfacet
  facet normal 0 0 1
    outer loop
      vertex 2.51671 39.988 7
      vertex 1.76763 38.5179 7
      vertex 2.21705 38.3317 7
    endloop
  endfacet
  facet normal 0 0 1
    outer loop
      vertex 0.226725 40.322 7
      vertex 1.79597 40.8319 7
      vertex 1.74285 41.0532 7
    endloop
  endfacet
  facet normal 0 0 1
    outer loop
      vertex 0.113166 40.7951 7
      vertex 1.74285 41.0532 7
      vertex 1.725 41.28 7
    endloop
  endfacet
  facet normal 0 0 1
    outer loop
      vertex 1.88304 41.9383 7
      vertex 0.412879 42.6874 7
      vertex 1.79597 41.7281 7
    endloop
  endfacet
  facet normal 0 0 1
    outer loop
      vertex 2.32271 40.1069 7
      vertex 1.35287 38.772 7
      vertex 1.76763 38.5179 7
    endloop
  endfacet
  facet normal -0 0 1
    outer loop
      vertex 0.226725 42.238 7
      vertex 1.79597 41.7281 7
      vertex 0.412879 42.6874 7
    endloop
  endfacet
  facet normal 0 0 1
    outer loop
      vertex 2.14969 40.2547 7
      vertex 0.982968 39.088 7
      vertex 1.35287 38.772 7
    endloop
  endfacet
  facet normal 0 0 1
    outer loop
      vertex 1.79597 41.7281 7
      vertex 0.226725 42.238 7
      vertex 1.74285 41.5068 7
    endloop
  endfacet
  facet normal 0 0 1
    outer loop
      vertex 2.00192 40.4277 7
      vertex 0.667047 39.4579 7
      vertex 0.982968 39.088 7
    endloop
  endfacet
  facet normal -0 0 1
    outer loop
      vertex 0.113166 41.7649 7
      vertex 1.74285 41.5068 7
      vertex 0.226725 42.238 7
    endloop
  endfacet
  facet normal 0 0 1
    outer loop
      vertex 1.88304 40.6217 7
      vertex 0.412879 39.8726 7
      vertex 0.667047 39.4579 7
    endloop
  endfacet
  facet normal 0 0 1
    outer loop
      vertex 1.74285 41.5068 7
      vertex 0.113166 41.7649 7
      vertex 1.725 41.28 7
    endloop
  endfacet
  facet normal 0 0 1
    outer loop
      vertex 1.79597 40.8319 7
      vertex 0.226725 40.322 7
      vertex 0.412879 39.8726 7
    endloop
  endfacet
  facet normal 0 0 1
    outer loop
      vertex 0.0749998 41.28 7
      vertex 1.725 41.28 7
      vertex 0.113166 41.7649 7
    endloop
  endfacet
  facet normal 0 0 1
    outer loop
      vertex 1.74285 41.0532 7
      vertex 0.113166 40.7951 7
      vertex 0.226725 40.322 7
    endloop
  endfacet
  facet normal 0 0 1
    outer loop
      vertex 1.725 41.28 7
      vertex 0.0749998 41.28 7
      vertex 0.113166 40.7951 7
    endloop
  endfacet
  facet normal -0.923875 0.382695 0
    outer loop
      vertex 0.226725 42.238 3
      vertex 0.412879 42.6874 7
      vertex 0.412879 42.6874 3
    endloop
  endfacet
  facet normal -0.923875 0.382695 0
    outer loop
      vertex 0.412879 42.6874 7
      vertex 0.226725 42.238 3
      vertex 0.226725 42.238 7
    endloop
  endfacet
  facet normal -0.97238 0.233402 0
    outer loop
      vertex 0.113166 41.7649 3
      vertex 0.226725 42.238 7
      vertex 0.226725 42.238 3
    endloop
  endfacet
  facet normal -0.97238 0.233402 0
    outer loop
      vertex 0.226725 42.238 7
      vertex 0.113166 41.7649 3
      vertex 0.113166 41.7649 7
    endloop
  endfacet
  facet normal 0.972174 0.234259 0
    outer loop
      vertex 101.487 41.7649 7
      vertex 101.373 42.238 3
      vertex 101.373 42.238 7
    endloop
  endfacet
  facet normal 0.972174 0.234259 0
    outer loop
      vertex 101.373 42.238 3
      vertex 101.487 41.7649 7
      vertex 101.487 41.7649 3
    endloop
  endfacet
  facet normal 0.996943 0.0781271 0
    outer loop
      vertex 101.525 41.28 7
      vertex 101.487 41.7649 3
      vertex 101.487 41.7649 7
    endloop
  endfacet
  facet normal 0.996943 0.0781271 0
    outer loop
      vertex 101.487 41.7649 3
      vertex 101.525 41.28 7
      vertex 101.525 41.28 3
    endloop
  endfacet
  facet normal 0.923987 0.382424 0
    outer loop
      vertex 101.373 42.238 7
      vertex 101.187 42.6874 3
      vertex 101.187 42.6874 7
    endloop
  endfacet
  facet normal 0.923987 0.382424 0
    outer loop
      vertex 101.187 42.6874 3
      vertex 101.373 42.238 7
      vertex 101.373 42.238 3
    endloop
  endfacet
  facet normal -0.996911 -0.0785358 0
    outer loop
      vertex 95.3632 40.7951 3
      vertex 95.325 41.28 7
      vertex 95.325 41.28 3
    endloop
  endfacet
  facet normal -0.996911 -0.0785358 0
    outer loop
      vertex 95.325 41.28 7
      vertex 95.3632 40.7951 3
      vertex 95.3632 40.7951 7
    endloop
  endfacet
  facet normal 0.382703 -0.923872 0
    outer loop
      vertex 99.3829 38.3317 3
      vertex 99.8324 38.5179 7
      vertex 99.3829 38.3317 7
    endloop
  endfacet
  facet normal 0.382703 -0.923872 0
    outer loop
      vertex 99.8324 38.5179 7
      vertex 99.3829 38.3317 3
      vertex 99.8324 38.5179 3
    endloop
  endfacet
  facet normal -0.923841 -0.382775 0
    outer loop
      vertex 95.6629 39.8726 3
      vertex 95.4767 40.322 7
      vertex 95.4767 40.322 3
    endloop
  endfacet
  facet normal -0.923841 -0.382775 0
    outer loop
      vertex 95.4767 40.322 7
      vertex 95.6629 39.8726 3
      vertex 95.6629 39.8726 7
    endloop
  endfacet
  facet normal 0.522548 -0.85261 0
    outer loop
      vertex 99.8324 38.5179 3
      vertex 100.247 38.772 7
      vertex 99.8324 38.5179 7
    endloop
  endfacet
  facet normal 0.522548 -0.85261 0
    outer loop
      vertex 100.247 38.772 7
      vertex 99.8324 38.5179 3
      vertex 100.247 38.772 3
    endloop
  endfacet
  facet normal -0.0785358 0.996911 0
    outer loop
      vertex 98.425 44.38 3
      vertex 97.9401 44.3418 7
      vertex 98.425 44.38 7
    endloop
  endfacet
  facet normal -0.0785358 0.996911 0
    outer loop
      vertex 97.9401 44.3418 7
      vertex 98.425 44.38 3
      vertex 97.9401 44.3418 3
    endloop
  endfacet
  facet normal -0.522456 0.852666 0
    outer loop
      vertex 97.0176 44.0421 3
      vertex 96.6029 43.788 7
      vertex 97.0176 44.0421 7
    endloop
  endfacet
  facet normal -0.522456 0.852666 0
    outer loop
      vertex 96.6029 43.788 7
      vertex 97.0176 44.0421 3
      vertex 96.6029 43.788 3
    endloop
  endfacet
  facet normal 0.852758 -0.522306 0
    outer loop
      vertex 100.933 39.4579 7
      vertex 101.187 39.8726 3
      vertex 101.187 39.8726 7
    endloop
  endfacet
  facet normal 0.852758 -0.522306 0
    outer loop
      vertex 101.187 39.8726 3
      vertex 100.933 39.4579 7
      vertex 100.933 39.4579 3
    endloop
  endfacet
  facet normal -0.382775 -0.923841 0
    outer loop
      vertex 97.0176 38.5179 3
      vertex 97.467 38.3317 7
      vertex 97.0176 38.5179 7
    endloop
  endfacet
  facet normal -0.382775 -0.923841 -0
    outer loop
      vertex 97.467 38.3317 7
      vertex 97.0176 38.5179 3
      vertex 97.467 38.3317 3
    endloop
  endfacet
  facet normal 0.972174 -0.234259 0
    outer loop
      vertex 101.373 40.322 7
      vertex 101.487 40.7951 3
      vertex 101.487 40.7951 7
    endloop
  endfacet
  facet normal 0.972174 -0.234259 0
    outer loop
      vertex 101.487 40.7951 3
      vertex 101.373 40.322 7
      vertex 101.373 40.322 3
    endloop
  endfacet
  facet normal 0.996943 -0.0781271 0
    outer loop
      vertex 101.487 40.7951 7
      vertex 101.525 41.28 3
      vertex 101.525 41.28 7
    endloop
  endfacet
  facet normal 0.996943 -0.0781271 0
    outer loop
      vertex 101.525 41.28 3
      vertex 101.487 40.7951 7
      vertex 101.487 40.7951 3
    endloop
  endfacet
  facet normal 0.649436 0.760416 -0
    outer loop
      vertex 100.617 43.472 3
      vertex 100.247 43.788 7
      vertex 100.617 43.472 7
    endloop
  endfacet
  facet normal 0.649436 0.760416 0
    outer loop
      vertex 100.247 43.788 7
      vertex 100.617 43.472 3
      vertex 100.247 43.788 3
    endloop
  endfacet
  facet normal 0.923987 -0.382424 0
    outer loop
      vertex 101.187 39.8726 7
      vertex 101.373 40.322 3
      vertex 101.373 40.322 7
    endloop
  endfacet
  facet normal 0.923987 -0.382424 0
    outer loop
      vertex 101.373 40.322 3
      vertex 101.187 39.8726 7
      vertex 101.187 39.8726 3
    endloop
  endfacet
  facet normal 0.233334 -0.972397 0
    outer loop
      vertex 98.9099 38.2182 3
      vertex 99.3829 38.3317 7
      vertex 98.9099 38.2182 7
    endloop
  endfacet
  facet normal 0.233334 -0.972397 0
    outer loop
      vertex 99.3829 38.3317 7
      vertex 98.9099 38.2182 3
      vertex 99.3829 38.3317 3
    endloop
  endfacet
  facet normal -0.760329 0.649538 0
    outer loop
      vertex 95.917 43.1021 3
      vertex 96.233 43.472 7
      vertex 96.233 43.472 3
    endloop
  endfacet
  facet normal -0.760329 0.649538 0
    outer loop
      vertex 96.233 43.472 7
      vertex 95.917 43.1021 3
      vertex 95.917 43.1021 7
    endloop
  endfacet
  facet normal 0.852758 0.522306 0
    outer loop
      vertex 101.187 42.6874 7
      vertex 100.933 43.1021 3
      vertex 100.933 43.1021 7
    endloop
  endfacet
  facet normal 0.852758 0.522306 0
    outer loop
      vertex 100.933 43.1021 3
      vertex 101.187 42.6874 7
      vertex 101.187 42.6874 3
    endloop
  endfacet
  facet normal 0.760329 0.649538 0
    outer loop
      vertex 100.933 43.1021 7
      vertex 100.617 43.472 3
      vertex 100.617 43.472 7
    endloop
  endfacet
  facet normal 0.760329 0.649538 0
    outer loop
      vertex 100.617 43.472 3
      vertex 100.933 43.1021 7
      vertex 100.933 43.1021 3
    endloop
  endfacet
  facet normal -0.233287 0.972408 0
    outer loop
      vertex 97.9401 44.3418 3
      vertex 97.467 44.2283 7
      vertex 97.9401 44.3418 7
    endloop
  endfacet
  facet normal -0.233287 0.972408 0
    outer loop
      vertex 97.467 44.2283 7
      vertex 97.9401 44.3418 3
      vertex 97.467 44.2283 3
    endloop
  endfacet
  facet normal -0.852666 -0.522456 0
    outer loop
      vertex 95.917 39.4579 3
      vertex 95.6629 39.8726 7
      vertex 95.6629 39.8726 3
    endloop
  endfacet
  facet normal -0.852666 -0.522456 0
    outer loop
      vertex 95.6629 39.8726 7
      vertex 95.917 39.4579 3
      vertex 95.917 39.4579 7
    endloop
  endfacet
  facet normal 0.760329 -0.649538 0
    outer loop
      vertex 100.617 39.088 7
      vertex 100.933 39.4579 3
      vertex 100.933 39.4579 7
    endloop
  endfacet
  facet normal 0.760329 -0.649538 0
    outer loop
      vertex 100.933 39.4579 3
      vertex 100.617 39.088 7
      vertex 100.617 39.088 3
    endloop
  endfacet
  facet normal -0.996911 0.0785358 0
    outer loop
      vertex 95.325 41.28 3
      vertex 95.3632 41.7649 7
      vertex 95.3632 41.7649 3
    endloop
  endfacet
  facet normal -0.996911 0.0785358 0
    outer loop
      vertex 95.3632 41.7649 7
      vertex 95.325 41.28 3
      vertex 95.325 41.28 7
    endloop
  endfacet
  facet normal -0.522456 -0.852666 0
    outer loop
      vertex 96.6029 38.772 3
      vertex 97.0176 38.5179 7
      vertex 96.6029 38.772 7
    endloop
  endfacet
  facet normal -0.522456 -0.852666 -0
    outer loop
      vertex 97.0176 38.5179 7
      vertex 96.6029 38.772 3
      vertex 97.0176 38.5179 3
    endloop
  endfacet
  facet normal -0.972408 -0.233287 0
    outer loop
      vertex 95.4767 40.322 3
      vertex 95.3632 40.7951 7
      vertex 95.3632 40.7951 3
    endloop
  endfacet
  facet normal -0.972408 -0.233287 0
    outer loop
      vertex 95.3632 40.7951 7
      vertex 95.4767 40.322 3
      vertex 95.4767 40.322 7
    endloop
  endfacet
  facet normal 0.382703 0.923872 -0
    outer loop
      vertex 99.8324 44.0421 3
      vertex 99.3829 44.2283 7
      vertex 99.8324 44.0421 7
    endloop
  endfacet
  facet normal 0.382703 0.923872 0
    outer loop
      vertex 99.3829 44.2283 7
      vertex 99.8324 44.0421 3
      vertex 99.3829 44.2283 3
    endloop
  endfacet
  facet normal 0.649436 -0.760416 0
    outer loop
      vertex 100.247 38.772 3
      vertex 100.617 39.088 7
      vertex 100.247 38.772 7
    endloop
  endfacet
  facet normal 0.649436 -0.760416 0
    outer loop
      vertex 100.617 39.088 7
      vertex 100.247 38.772 3
      vertex 100.617 39.088 3
    endloop
  endfacet
  facet normal 0.522548 0.85261 -0
    outer loop
      vertex 100.247 43.788 3
      vertex 99.8324 44.0421 7
      vertex 100.247 43.788 7
    endloop
  endfacet
  facet normal 0.522548 0.85261 0
    outer loop
      vertex 99.8324 44.0421 7
      vertex 100.247 43.788 3
      vertex 99.8324 44.0421 3
    endloop
  endfacet
  facet normal -0.382775 0.923841 0
    outer loop
      vertex 97.467 44.2283 3
      vertex 97.0176 44.0421 7
      vertex 97.467 44.2283 7
    endloop
  endfacet
  facet normal -0.382775 0.923841 0
    outer loop
      vertex 97.0176 44.0421 7
      vertex 97.467 44.2283 3
      vertex 97.0176 44.0421 3
    endloop
  endfacet
  facet normal -0.649538 -0.760329 0
    outer loop
      vertex 96.233 39.088 3
      vertex 96.6029 38.772 7
      vertex 96.233 39.088 7
    endloop
  endfacet
  facet normal -0.649538 -0.760329 -0
    outer loop
      vertex 96.6029 38.772 7
      vertex 96.233 39.088 3
      vertex 96.6029 38.772 3
    endloop
  endfacet
  facet normal 0.233334 0.972397 -0
    outer loop
      vertex 99.3829 44.2283 3
      vertex 98.9099 44.3418 7
      vertex 99.3829 44.2283 7
    endloop
  endfacet
  facet normal 0.233334 0.972397 0
    outer loop
      vertex 98.9099 44.3418 7
      vertex 99.3829 44.2283 3
      vertex 98.9099 44.3418 3
    endloop
  endfacet
  facet normal 0.0785358 -0.996911 0
    outer loop
      vertex 98.425 38.18 3
      vertex 98.9099 38.2182 7
      vertex 98.425 38.18 7
    endloop
  endfacet
  facet normal 0.0785358 -0.996911 0
    outer loop
      vertex 98.9099 38.2182 7
      vertex 98.425 38.18 3
      vertex 98.9099 38.2182 3
    endloop
  endfacet
  facet normal 0.0785358 0.996911 -0
    outer loop
      vertex 98.9099 44.3418 3
      vertex 98.425 44.38 7
      vertex 98.9099 44.3418 7
    endloop
  endfacet
  facet normal 0.0785358 0.996911 0
    outer loop
      vertex 98.425 44.38 7
      vertex 98.9099 44.3418 3
      vertex 98.425 44.38 3
    endloop
  endfacet
  facet normal -0.760329 -0.649538 0
    outer loop
      vertex 96.233 39.088 3
      vertex 95.917 39.4579 7
      vertex 95.917 39.4579 3
    endloop
  endfacet
  facet normal -0.760329 -0.649538 0
    outer loop
      vertex 95.917 39.4579 7
      vertex 96.233 39.088 3
      vertex 96.233 39.088 7
    endloop
  endfacet
  facet normal -0.649538 0.760329 0
    outer loop
      vertex 96.6029 43.788 3
      vertex 96.233 43.472 7
      vertex 96.6029 43.788 7
    endloop
  endfacet
  facet normal -0.649538 0.760329 0
    outer loop
      vertex 96.233 43.472 7
      vertex 96.6029 43.788 3
      vertex 96.233 43.472 3
    endloop
  endfacet
  facet normal -0.852666 0.522456 0
    outer loop
      vertex 95.6629 42.6874 3
      vertex 95.917 43.1021 7
      vertex 95.917 43.1021 3
    endloop
  endfacet
  facet normal -0.852666 0.522456 0
    outer loop
      vertex 95.917 43.1021 7
      vertex 95.6629 42.6874 3
      vertex 95.6629 42.6874 7
    endloop
  endfacet
  facet normal -0.233287 -0.972408 0
    outer loop
      vertex 97.467 38.3317 3
      vertex 97.9401 38.2182 7
      vertex 97.467 38.3317 7
    endloop
  endfacet
  facet normal -0.233287 -0.972408 -0
    outer loop
      vertex 97.9401 38.2182 7
      vertex 97.467 38.3317 3
      vertex 97.9401 38.2182 3
    endloop
  endfacet
  facet normal 0 0 1
    outer loop
      vertex 99.875 41.28 7
      vertex 101.525 41.28 7
      vertex 101.487 41.7649 7
    endloop
  endfacet
  facet normal 0 0 1
    outer loop
      vertex 99.8571 41.5068 7
      vertex 101.487 41.7649 7
      vertex 101.373 42.238 7
    endloop
  endfacet
  facet normal 0 0 1
    outer loop
      vertex 101.525 41.28 7
      vertex 99.875 41.28 7
      vertex 101.487 40.7951 7
    endloop
  endfacet
  facet normal 0 0 1
    outer loop
      vertex 99.804 41.7281 7
      vertex 101.373 42.238 7
      vertex 101.187 42.6874 7
    endloop
  endfacet
  facet normal -0 0 1
    outer loop
      vertex 99.8571 41.0532 7
      vertex 101.487 40.7951 7
      vertex 99.875 41.28 7
    endloop
  endfacet
  facet normal 0 0 1
    outer loop
      vertex 99.717 41.9383 7
      vertex 101.187 42.6874 7
      vertex 100.933 43.1021 7
    endloop
  endfacet
  facet normal 0 0 1
    outer loop
      vertex 101.487 40.7951 7
      vertex 99.8571 41.0532 7
      vertex 101.373 40.322 7
    endloop
  endfacet
  facet normal 0 0 1
    outer loop
      vertex 99.5981 42.1323 7
      vertex 100.933 43.1021 7
      vertex 100.617 43.472 7
    endloop
  endfacet
  facet normal -0 0 1
    outer loop
      vertex 99.804 40.8319 7
      vertex 101.373 40.322 7
      vertex 99.8571 41.0532 7
    endloop
  endfacet
  facet normal 0 0 1
    outer loop
      vertex 99.4503 42.3053 7
      vertex 100.617 43.472 7
      vertex 100.247 43.788 7
    endloop
  endfacet
  facet normal 0 0 1
    outer loop
      vertex 101.373 40.322 7
      vertex 99.804 40.8319 7
      vertex 101.187 39.8726 7
    endloop
  endfacet
  facet normal -0 0 1
    outer loop
      vertex 99.717 40.6217 7
      vertex 101.187 39.8726 7
      vertex 99.804 40.8319 7
    endloop
  endfacet
  facet normal 0 0 1
    outer loop
      vertex 101.487 41.7649 7
      vertex 99.8571 41.5068 7
      vertex 99.875 41.28 7
    endloop
  endfacet
  facet normal 0 0 1
    outer loop
      vertex 99.2773 42.4531 7
      vertex 100.247 43.788 7
      vertex 99.8324 44.0421 7
    endloop
  endfacet
  facet normal 0 0 1
    outer loop
      vertex 101.373 42.238 7
      vertex 99.804 41.7281 7
      vertex 99.8571 41.5068 7
    endloop
  endfacet
  facet normal 0 0 1
    outer loop
      vertex 101.187 42.6874 7
      vertex 99.717 41.9383 7
      vertex 99.804 41.7281 7
    endloop
  endfacet
  facet normal 0 0 1
    outer loop
      vertex 100.933 43.1021 7
      vertex 99.5981 42.1323 7
      vertex 99.717 41.9383 7
    endloop
  endfacet
  facet normal 0 0 1
    outer loop
      vertex 100.617 43.472 7
      vertex 99.4503 42.3053 7
      vertex 99.5981 42.1323 7
    endloop
  endfacet
  facet normal 0 0 1
    outer loop
      vertex 99.0833 42.572 7
      vertex 99.8324 44.0421 7
      vertex 99.3829 44.2283 7
    endloop
  endfacet
  facet normal 0 0 1
    outer loop
      vertex 100.247 43.788 7
      vertex 99.2773 42.4531 7
      vertex 99.4503 42.3053 7
    endloop
  endfacet
  facet normal 0 0 1
    outer loop
      vertex 99.8324 44.0421 7
      vertex 99.0833 42.572 7
      vertex 99.2773 42.4531 7
    endloop
  endfacet
  facet normal 0 0 1
    outer loop
      vertex 98.8731 42.659 7
      vertex 99.3829 44.2283 7
      vertex 98.9099 44.3418 7
    endloop
  endfacet
  facet normal 0 0 1
    outer loop
      vertex 99.3829 44.2283 7
      vertex 98.8731 42.659 7
      vertex 99.0833 42.572 7
    endloop
  endfacet
  facet normal 0 0 1
    outer loop
      vertex 98.9099 44.3418 7
      vertex 98.6518 42.7121 7
      vertex 98.8731 42.659 7
    endloop
  endfacet
  facet normal 0 0 1
    outer loop
      vertex 98.425 44.38 7
      vertex 98.6518 42.7121 7
      vertex 98.9099 44.3418 7
    endloop
  endfacet
  facet normal 0 0 1
    outer loop
      vertex 98.425 44.38 7
      vertex 98.425 42.73 7
      vertex 98.6518 42.7121 7
    endloop
  endfacet
  facet normal 0 0 1
    outer loop
      vertex 98.425 44.38 7
      vertex 98.1982 42.7121 7
      vertex 98.425 42.73 7
    endloop
  endfacet
  facet normal -0 0 1
    outer loop
      vertex 97.9401 44.3418 7
      vertex 98.1982 42.7121 7
      vertex 98.425 44.38 7
    endloop
  endfacet
  facet normal 0 0 1
    outer loop
      vertex 98.1982 42.7121 7
      vertex 97.9401 44.3418 7
      vertex 97.9769 42.659 7
    endloop
  endfacet
  facet normal -0 0 1
    outer loop
      vertex 97.467 44.2283 7
      vertex 97.9769 42.659 7
      vertex 97.9401 44.3418 7
    endloop
  endfacet
  facet normal 0 0 1
    outer loop
      vertex 97.9769 42.659 7
      vertex 97.467 44.2283 7
      vertex 97.7667 42.572 7
    endloop
  endfacet
  facet normal -0 0 1
    outer loop
      vertex 97.0176 44.0421 7
      vertex 97.7667 42.572 7
      vertex 97.467 44.2283 7
    endloop
  endfacet
  facet normal 0 0 1
    outer loop
      vertex 97.7667 42.572 7
      vertex 97.0176 44.0421 7
      vertex 97.5727 42.4531 7
    endloop
  endfacet
  facet normal -0 0 1
    outer loop
      vertex 96.6029 43.788 7
      vertex 97.5727 42.4531 7
      vertex 97.0176 44.0421 7
    endloop
  endfacet
  facet normal 0 0 1
    outer loop
      vertex 97.5727 42.4531 7
      vertex 96.6029 43.788 7
      vertex 97.3997 42.3053 7
    endloop
  endfacet
  facet normal -0 0 1
    outer loop
      vertex 96.233 43.472 7
      vertex 97.3997 42.3053 7
      vertex 96.6029 43.788 7
    endloop
  endfacet
  facet normal 0 0 1
    outer loop
      vertex 97.3997 42.3053 7
      vertex 96.233 43.472 7
      vertex 97.2519 42.1323 7
    endloop
  endfacet
  facet normal -0 0 1
    outer loop
      vertex 95.917 43.1021 7
      vertex 97.2519 42.1323 7
      vertex 96.233 43.472 7
    endloop
  endfacet
  facet normal 0 0 1
    outer loop
      vertex 97.2519 42.1323 7
      vertex 95.917 43.1021 7
      vertex 97.133 41.9383 7
    endloop
  endfacet
  facet normal -0 0 1
    outer loop
      vertex 95.6629 42.6874 7
      vertex 97.133 41.9383 7
      vertex 95.917 43.1021 7
    endloop
  endfacet
  facet normal 0 0 1
    outer loop
      vertex 101.187 39.8726 7
      vertex 99.717 40.6217 7
      vertex 100.933 39.4579 7
    endloop
  endfacet
  facet normal -0 0 1
    outer loop
      vertex 99.5981 40.4277 7
      vertex 100.933 39.4579 7
      vertex 99.717 40.6217 7
    endloop
  endfacet
  facet normal 0 0 1
    outer loop
      vertex 100.933 39.4579 7
      vertex 99.5981 40.4277 7
      vertex 100.617 39.088 7
    endloop
  endfacet
  facet normal -0 0 1
    outer loop
      vertex 99.4503 40.2547 7
      vertex 100.617 39.088 7
      vertex 99.5981 40.4277 7
    endloop
  endfacet
  facet normal 0 0 1
    outer loop
      vertex 100.617 39.088 7
      vertex 99.4503 40.2547 7
      vertex 100.247 38.772 7
    endloop
  endfacet
  facet normal -0 0 1
    outer loop
      vertex 99.2773 40.1069 7
      vertex 100.247 38.772 7
      vertex 99.4503 40.2547 7
    endloop
  endfacet
  facet normal 0 0 1
    outer loop
      vertex 100.247 38.772 7
      vertex 99.2773 40.1069 7
      vertex 99.8324 38.5179 7
    endloop
  endfacet
  facet normal -0 0 1
    outer loop
      vertex 99.0833 39.988 7
      vertex 99.8324 38.5179 7
      vertex 99.2773 40.1069 7
    endloop
  endfacet
  facet normal 0 0 1
    outer loop
      vertex 99.8324 38.5179 7
      vertex 99.0833 39.988 7
      vertex 99.3829 38.3317 7
    endloop
  endfacet
  facet normal -0 0 1
    outer loop
      vertex 98.8731 39.901 7
      vertex 99.3829 38.3317 7
      vertex 99.0833 39.988 7
    endloop
  endfacet
  facet normal 0 0 1
    outer loop
      vertex 99.3829 38.3317 7
      vertex 98.8731 39.901 7
      vertex 98.9099 38.2182 7
    endloop
  endfacet
  facet normal -0 0 1
    outer loop
      vertex 98.6518 39.8479 7
      vertex 98.9099 38.2182 7
      vertex 98.8731 39.901 7
    endloop
  endfacet
  facet normal -0 0 1
    outer loop
      vertex 98.425 39.83 7
      vertex 98.9099 38.2182 7
      vertex 98.6518 39.8479 7
    endloop
  endfacet
  facet normal 0 0 1
    outer loop
      vertex 98.425 39.83 7
      vertex 98.425 38.18 7
      vertex 98.9099 38.2182 7
    endloop
  endfacet
  facet normal 0 0 1
    outer loop
      vertex 98.1982 39.8479 7
      vertex 98.425 38.18 7
      vertex 98.425 39.83 7
    endloop
  endfacet
  facet normal 0 0 1
    outer loop
      vertex 97.9401 38.2182 7
      vertex 98.1982 39.8479 7
      vertex 97.9769 39.901 7
    endloop
  endfacet
  facet normal 0 0 1
    outer loop
      vertex 98.1982 39.8479 7
      vertex 97.9401 38.2182 7
      vertex 98.425 38.18 7
    endloop
  endfacet
  facet normal 0 0 1
    outer loop
      vertex 97.467 38.3317 7
      vertex 97.9769 39.901 7
      vertex 97.7667 39.988 7
    endloop
  endfacet
  facet normal 0 0 1
    outer loop
      vertex 97.0176 38.5179 7
      vertex 97.7667 39.988 7
      vertex 97.5727 40.1069 7
    endloop
  endfacet
  facet normal 0 0 1
    outer loop
      vertex 97.9769 39.901 7
      vertex 97.467 38.3317 7
      vertex 97.9401 38.2182 7
    endloop
  endfacet
  facet normal 0 0 1
    outer loop
      vertex 96.6029 38.772 7
      vertex 97.5727 40.1069 7
      vertex 97.3997 40.2547 7
    endloop
  endfacet
  facet normal 0 0 1
    outer loop
      vertex 96.233 39.088 7
      vertex 97.3997 40.2547 7
      vertex 97.2519 40.4277 7
    endloop
  endfacet
  facet normal 0 0 1
    outer loop
      vertex 95.917 39.4579 7
      vertex 97.2519 40.4277 7
      vertex 97.133 40.6217 7
    endloop
  endfacet
  facet normal 0 0 1
    outer loop
      vertex 95.6629 39.8726 7
      vertex 97.133 40.6217 7
      vertex 97.046 40.8319 7
    endloop
  endfacet
  facet normal 0 0 1
    outer loop
      vertex 97.7667 39.988 7
      vertex 97.0176 38.5179 7
      vertex 97.467 38.3317 7
    endloop
  endfacet
  facet normal 0 0 1
    outer loop
      vertex 95.4767 40.322 7
      vertex 97.046 40.8319 7
      vertex 96.9929 41.0532 7
    endloop
  endfacet
  facet normal 0 0 1
    outer loop
      vertex 95.3632 40.7951 7
      vertex 96.9929 41.0532 7
      vertex 96.975 41.28 7
    endloop
  endfacet
  facet normal 0 0 1
    outer loop
      vertex 97.133 41.9383 7
      vertex 95.6629 42.6874 7
      vertex 97.046 41.7281 7
    endloop
  endfacet
  facet normal 0 0 1
    outer loop
      vertex 97.5727 40.1069 7
      vertex 96.6029 38.772 7
      vertex 97.0176 38.5179 7
    endloop
  endfacet
  facet normal -0 0 1
    outer loop
      vertex 95.4767 42.238 7
      vertex 97.046 41.7281 7
      vertex 95.6629 42.6874 7
    endloop
  endfacet
  facet normal 0 0 1
    outer loop
      vertex 97.3997 40.2547 7
      vertex 96.233 39.088 7
      vertex 96.6029 38.772 7
    endloop
  endfacet
  facet normal 0 0 1
    outer loop
      vertex 97.046 41.7281 7
      vertex 95.4767 42.238 7
      vertex 96.9929 41.5068 7
    endloop
  endfacet
  facet normal 0 0 1
    outer loop
      vertex 97.2519 40.4277 7
      vertex 95.917 39.4579 7
      vertex 96.233 39.088 7
    endloop
  endfacet
  facet normal -0 0 1
    outer loop
      vertex 95.3632 41.7649 7
      vertex 96.9929 41.5068 7
      vertex 95.4767 42.238 7
    endloop
  endfacet
  facet normal 0 0 1
    outer loop
      vertex 97.133 40.6217 7
      vertex 95.6629 39.8726 7
      vertex 95.917 39.4579 7
    endloop
  endfacet
  facet normal 0 0 1
    outer loop
      vertex 96.9929 41.5068 7
      vertex 95.3632 41.7649 7
      vertex 96.975 41.28 7
    endloop
  endfacet
  facet normal 0 0 1
    outer loop
      vertex 97.046 40.8319 7
      vertex 95.4767 40.322 7
      vertex 95.6629 39.8726 7
    endloop
  endfacet
  facet normal 0 0 1
    outer loop
      vertex 95.325 41.28 7
      vertex 96.975 41.28 7
      vertex 95.3632 41.7649 7
    endloop
  endfacet
  facet normal 0 0 1
    outer loop
      vertex 96.9929 41.0532 7
      vertex 95.3632 40.7951 7
      vertex 95.4767 40.322 7
    endloop
  endfacet
  facet normal 0 0 1
    outer loop
      vertex 96.975 41.28 7
      vertex 95.325 41.28 7
      vertex 95.3632 40.7951 7
    endloop
  endfacet
  facet normal -0.0785358 -0.996911 0
    outer loop
      vertex 97.9401 38.2182 3
      vertex 98.425 38.18 7
      vertex 97.9401 38.2182 7
    endloop
  endfacet
  facet normal -0.0785358 -0.996911 -0
    outer loop
      vertex 98.425 38.18 7
      vertex 97.9401 38.2182 3
      vertex 98.425 38.18 3
    endloop
  endfacet
  facet normal -0.923841 0.382775 0
    outer loop
      vertex 95.4767 42.238 3
      vertex 95.6629 42.6874 7
      vertex 95.6629 42.6874 3
    endloop
  endfacet
  facet normal -0.923841 0.382775 0
    outer loop
      vertex 95.6629 42.6874 7
      vertex 95.4767 42.238 3
      vertex 95.4767 42.238 7
    endloop
  endfacet
  facet normal -0.972408 0.233287 0
    outer loop
      vertex 95.3632 41.7649 3
      vertex 95.4767 42.238 7
      vertex 95.4767 42.238 3
    endloop
  endfacet
  facet normal -0.972408 0.233287 0
    outer loop
      vertex 95.4767 42.238 7
      vertex 95.3632 41.7649 3
      vertex 95.3632 41.7649 7
    endloop
  endfacet
  facet normal -0.0785278 0.996912 0
    outer loop
      vertex 3.175 88.83 3
      vertex 2.69005 88.7918 7
      vertex 3.175 88.83 7
    endloop
  endfacet
  facet normal -0.0785278 0.996912 0
    outer loop
      vertex 2.69005 88.7918 7
      vertex 3.175 88.83 3
      vertex 2.69005 88.7918 3
    endloop
  endfacet
  facet normal 0.972369 0.233451 0
    outer loop
      vertex 6.23683 86.215 7
      vertex 6.12327 86.688 3
      vertex 6.12327 86.688 7
    endloop
  endfacet
  facet normal 0.972369 0.233451 0
    outer loop
      vertex 6.12327 86.688 3
      vertex 6.23683 86.215 7
      vertex 6.23683 86.215 3
    endloop
  endfacet
  facet normal 0.996917 0.0784584 0
    outer loop
      vertex 6.275 85.73 7
      vertex 6.23683 86.215 3
      vertex 6.23683 86.215 7
    endloop
  endfacet
  facet normal 0.996917 0.0784584 0
    outer loop
      vertex 6.23683 86.215 3
      vertex 6.275 85.73 7
      vertex 6.275 85.73 3
    endloop
  endfacet
  facet normal 0.923878 0.382688 0
    outer loop
      vertex 6.12327 86.688 7
      vertex 5.93712 87.1374 3
      vertex 5.93712 87.1374 7
    endloop
  endfacet
  facet normal 0.923878 0.382688 0
    outer loop
      vertex 5.93712 87.1374 3
      vertex 6.12327 86.688 7
      vertex 6.12327 86.688 3
    endloop
  endfacet
  facet normal -0.972369 0.233449 0
    outer loop
      vertex 0.113166 86.215 3
      vertex 0.226725 86.688 7
      vertex 0.226725 86.688 3
    endloop
  endfacet
  facet normal -0.972369 0.233449 0
    outer loop
      vertex 0.226725 86.688 7
      vertex 0.113166 86.215 3
      vertex 0.113166 86.215 7
    endloop
  endfacet
  facet normal 0.649538 0.760329 -0
    outer loop
      vertex 5.36703 87.922 3
      vertex 4.99713 88.238 7
      vertex 5.36703 87.922 7
    endloop
  endfacet
  facet normal 0.649538 0.760329 0
    outer loop
      vertex 4.99713 88.238 7
      vertex 5.36703 87.922 3
      vertex 4.99713 88.238 3
    endloop
  endfacet
  facet normal -0.522401 -0.8527 0
    outer loop
      vertex 1.35287 83.222 3
      vertex 1.76763 82.9679 7
      vertex 1.35287 83.222 7
    endloop
  endfacet
  facet normal -0.522401 -0.8527 -0
    outer loop
      vertex 1.76763 82.9679 7
      vertex 1.35287 83.222 3
      vertex 1.76763 82.9679 3
    endloop
  endfacet
  facet normal 0.996916 -0.0784745 0
    outer loop
      vertex 6.23683 85.2451 7
      vertex 6.275 85.73 3
      vertex 6.275 85.73 7
    endloop
  endfacet
  facet normal 0.996916 -0.0784745 0
    outer loop
      vertex 6.275 85.73 3
      vertex 6.23683 85.2451 7
      vertex 6.23683 85.2451 3
    endloop
  endfacet
  facet normal 0.852602 0.522561 0
    outer loop
      vertex 5.93712 87.1374 7
      vertex 5.68295 87.5521 3
      vertex 5.68295 87.5521 7
    endloop
  endfacet
  facet normal 0.852602 0.522561 0
    outer loop
      vertex 5.68295 87.5521 3
      vertex 5.93712 87.1374 7
      vertex 5.93712 87.1374 3
    endloop
  endfacet
  facet normal -0.996917 -0.0784667 0
    outer loop
      vertex 0.113166 85.2451 3
      vertex 0.0749998 85.73 7
      vertex 0.0749998 85.73 3
    endloop
  endfacet
  facet normal -0.996917 -0.0784667 0
    outer loop
      vertex 0.0749998 85.73 7
      vertex 0.113166 85.2451 3
      vertex 0.113166 85.2451 7
    endloop
  endfacet
  facet normal 0.0785278 0.996912 -0
    outer loop
      vertex 3.65995 88.7918 3
      vertex 3.175 88.83 7
      vertex 3.65995 88.7918 7
    endloop
  endfacet
  facet normal 0.0785278 0.996912 0
    outer loop
      vertex 3.175 88.83 7
      vertex 3.65995 88.7918 3
      vertex 3.175 88.83 3
    endloop
  endfacet
  facet normal 0.97238 -0.233404 0
    outer loop
      vertex 6.12327 84.772 7
      vertex 6.23683 85.2451 3
      vertex 6.23683 85.2451 7
    endloop
  endfacet
  facet normal 0.97238 -0.233404 0
    outer loop
      vertex 6.23683 85.2451 3
      vertex 6.12327 84.772 7
      vertex 6.12327 84.772 3
    endloop
  endfacet
  facet normal -0.382761 0.923847 0
    outer loop
      vertex 2.21705 88.6783 3
      vertex 1.76763 88.4921 7
      vertex 2.21705 88.6783 7
    endloop
  endfacet
  facet normal -0.382761 0.923847 0
    outer loop
      vertex 1.76763 88.4921 7
      vertex 2.21705 88.6783 3
      vertex 1.76763 88.4921 3
    endloop
  endfacet
  facet normal -0.649536 0.760331 0
    outer loop
      vertex 1.35287 88.238 3
      vertex 0.982968 87.922 7
      vertex 1.35287 88.238 7
    endloop
  endfacet
  facet normal -0.649536 0.760331 0
    outer loop
      vertex 0.982968 87.922 7
      vertex 1.35287 88.238 3
      vertex 0.982968 87.922 3
    endloop
  endfacet
  facet normal 0.852602 -0.522561 0
    outer loop
      vertex 5.68295 83.9079 7
      vertex 5.93712 84.3226 3
      vertex 5.93712 84.3226 7
    endloop
  endfacet
  facet normal 0.852602 -0.522561 0
    outer loop
      vertex 5.93712 84.3226 3
      vertex 5.68295 83.9079 7
      vertex 5.68295 83.9079 3
    endloop
  endfacet
  facet normal -0.233334 0.972397 0
    outer loop
      vertex 2.69005 88.7918 3
      vertex 2.21705 88.6783 7
      vertex 2.69005 88.7918 7
    endloop
  endfacet
  facet normal -0.233334 0.972397 0
    outer loop
      vertex 2.21705 88.6783 7
      vertex 2.69005 88.7918 3
      vertex 2.21705 88.6783 3
    endloop
  endfacet
  facet normal -0.996918 0.0784507 0
    outer loop
      vertex 0.0749998 85.73 3
      vertex 0.113166 86.215 7
      vertex 0.113166 86.215 3
    endloop
  endfacet
  facet normal -0.996918 0.0784507 0
    outer loop
      vertex 0.113166 86.215 7
      vertex 0.0749998 85.73 3
      vertex 0.0749998 85.73 7
    endloop
  endfacet
  facet normal -0.649536 -0.760331 0
    outer loop
      vertex 0.982968 83.538 3
      vertex 1.35287 83.222 7
      vertex 0.982968 83.538 7
    endloop
  endfacet
  facet normal -0.649536 -0.760331 -0
    outer loop
      vertex 1.35287 83.222 7
      vertex 0.982968 83.538 3
      vertex 1.35287 83.222 3
    endloop
  endfacet
  facet normal 0.382761 0.923847 -0
    outer loop
      vertex 4.58237 88.4921 3
      vertex 4.13295 88.6783 7
      vertex 4.58237 88.4921 7
    endloop
  endfacet
  facet normal 0.382761 0.923847 0
    outer loop
      vertex 4.13295 88.6783 7
      vertex 4.58237 88.4921 3
      vertex 4.13295 88.6783 3
    endloop
  endfacet
  facet normal -0.233334 -0.972397 0
    outer loop
      vertex 2.21705 82.7817 3
      vertex 2.69005 82.6682 7
      vertex 2.21705 82.7817 7
    endloop
  endfacet
  facet normal -0.233334 -0.972397 -0
    outer loop
      vertex 2.69005 82.6682 7
      vertex 2.21705 82.7817 3
      vertex 2.69005 82.6682 3
    endloop
  endfacet
  facet normal 0.382761 -0.923847 0
    outer loop
      vertex 4.13295 82.7817 3
      vertex 4.58237 82.9679 7
      vertex 4.13295 82.7817 7
    endloop
  endfacet
  facet normal 0.382761 -0.923847 0
    outer loop
      vertex 4.58237 82.9679 7
      vertex 4.13295 82.7817 3
      vertex 4.58237 82.9679 3
    endloop
  endfacet
  facet normal 0.76041 -0.649443 0
    outer loop
      vertex 5.36703 83.538 7
      vertex 5.68295 83.9079 3
      vertex 5.68295 83.9079 7
    endloop
  endfacet
  facet normal 0.76041 -0.649443 0
    outer loop
      vertex 5.68295 83.9079 3
      vertex 5.36703 83.538 7
      vertex 5.36703 83.538 3
    endloop
  endfacet
  facet normal 0.522401 -0.8527 0
    outer loop
      vertex 4.58237 82.9679 3
      vertex 4.99713 83.222 7
      vertex 4.58237 82.9679 7
    endloop
  endfacet
  facet normal 0.522401 -0.8527 0
    outer loop
      vertex 4.99713 83.222 7
      vertex 4.58237 82.9679 3
      vertex 4.99713 83.222 3
    endloop
  endfacet
  facet normal -0.522401 0.8527 0
    outer loop
      vertex 1.76763 88.4921 3
      vertex 1.35287 88.238 7
      vertex 1.76763 88.4921 7
    endloop
  endfacet
  facet normal -0.522401 0.8527 0
    outer loop
      vertex 1.35287 88.238 7
      vertex 1.76763 88.4921 3
      vertex 1.35287 88.238 3
    endloop
  endfacet
  facet normal 0.522401 0.8527 -0
    outer loop
      vertex 4.99713 88.238 3
      vertex 4.58237 88.4921 7
      vertex 4.99713 88.238 7
    endloop
  endfacet
  facet normal 0.522401 0.8527 0
    outer loop
      vertex 4.58237 88.4921 7
      vertex 4.99713 88.238 3
      vertex 4.58237 88.4921 3
    endloop
  endfacet
  facet normal 0.233334 0.972397 -0
    outer loop
      vertex 4.13295 88.6783 3
      vertex 3.65995 88.7918 7
      vertex 4.13295 88.6783 7
    endloop
  endfacet
  facet normal 0.233334 0.972397 0
    outer loop
      vertex 3.65995 88.7918 7
      vertex 4.13295 88.6783 3
      vertex 3.65995 88.7918 3
    endloop
  endfacet
  facet normal -0.852604 0.522558 0
    outer loop
      vertex 0.412879 87.1374 3
      vertex 0.667047 87.5521 7
      vertex 0.667047 87.5521 3
    endloop
  endfacet
  facet normal -0.852604 0.522558 0
    outer loop
      vertex 0.667047 87.5521 7
      vertex 0.412879 87.1374 3
      vertex 0.412879 87.1374 7
    endloop
  endfacet
  facet normal -0.760409 -0.649444 0
    outer loop
      vertex 0.982968 83.538 3
      vertex 0.667047 83.9079 7
      vertex 0.667047 83.9079 3
    endloop
  endfacet
  facet normal -0.760409 -0.649444 0
    outer loop
      vertex 0.667047 83.9079 7
      vertex 0.982968 83.538 3
      vertex 0.982968 83.538 7
    endloop
  endfacet
  facet normal -0.760409 0.649444 0
    outer loop
      vertex 0.667047 87.5521 3
      vertex 0.982968 87.922 7
      vertex 0.982968 87.922 3
    endloop
  endfacet
  facet normal -0.760409 0.649444 0
    outer loop
      vertex 0.982968 87.922 7
      vertex 0.667047 87.5521 3
      vertex 0.667047 87.5521 7
    endloop
  endfacet
  facet normal -0.923875 -0.382695 0
    outer loop
      vertex 0.412879 84.3226 3
      vertex 0.226725 84.772 7
      vertex 0.226725 84.772 3
    endloop
  endfacet
  facet normal -0.923875 -0.382695 0
    outer loop
      vertex 0.226725 84.772 7
      vertex 0.412879 84.3226 3
      vertex 0.412879 84.3226 7
    endloop
  endfacet
  facet normal 0.233334 -0.972397 0
    outer loop
      vertex 3.65995 82.6682 3
      vertex 4.13295 82.7817 7
      vertex 3.65995 82.6682 7
    endloop
  endfacet
  facet normal 0.233334 -0.972397 0
    outer loop
      vertex 4.13295 82.7817 7
      vertex 3.65995 82.6682 3
      vertex 4.13295 82.7817 3
    endloop
  endfacet
  facet normal 0.76041 0.649443 0
    outer loop
      vertex 5.68295 87.5521 7
      vertex 5.36703 87.922 3
      vertex 5.36703 87.922 7
    endloop
  endfacet
  facet normal 0.76041 0.649443 0
    outer loop
      vertex 5.36703 87.922 3
      vertex 5.68295 87.5521 7
      vertex 5.68295 87.5521 3
    endloop
  endfacet
  facet normal -0.852604 -0.522558 0
    outer loop
      vertex 0.667047 83.9079 3
      vertex 0.412879 84.3226 7
      vertex 0.412879 84.3226 3
    endloop
  endfacet
  facet normal -0.852604 -0.522558 0
    outer loop
      vertex 0.412879 84.3226 7
      vertex 0.667047 83.9079 3
      vertex 0.667047 83.9079 7
    endloop
  endfacet
  facet normal 0 0 1
    outer loop
      vertex 4.625 85.73 7
      vertex 6.275 85.73 7
      vertex 6.23683 86.215 7
    endloop
  endfacet
  facet normal 0 0 1
    outer loop
      vertex 4.60715 85.9568 7
      vertex 6.23683 86.215 7
      vertex 6.12327 86.688 7
    endloop
  endfacet
  facet normal 0 0 1
    outer loop
      vertex 6.275 85.73 7
      vertex 4.625 85.73 7
      vertex 6.23683 85.2451 7
    endloop
  endfacet
  facet normal 0 0 1
    outer loop
      vertex 4.55403 86.1781 7
      vertex 6.12327 86.688 7
      vertex 5.93712 87.1374 7
    endloop
  endfacet
  facet normal -0 0 1
    outer loop
      vertex 4.60715 85.5032 7
      vertex 6.23683 85.2451 7
      vertex 4.625 85.73 7
    endloop
  endfacet
  facet normal 0 0 1
    outer loop
      vertex 4.46696 86.3883 7
      vertex 5.93712 87.1374 7
      vertex 5.68295 87.5521 7
    endloop
  endfacet
  facet normal 0 0 1
    outer loop
      vertex 6.23683 85.2451 7
      vertex 4.60715 85.5032 7
      vertex 6.12327 84.772 7
    endloop
  endfacet
  facet normal 0 0 1
    outer loop
      vertex 4.34807 86.5823 7
      vertex 5.68295 87.5521 7
      vertex 5.36703 87.922 7
    endloop
  endfacet
  facet normal -0 0 1
    outer loop
      vertex 4.55403 85.2819 7
      vertex 6.12327 84.772 7
      vertex 4.60715 85.5032 7
    endloop
  endfacet
  facet normal 0 0 1
    outer loop
      vertex 4.2003 86.7553 7
      vertex 5.36703 87.922 7
      vertex 4.99713 88.238 7
    endloop
  endfacet
  facet normal 0 0 1
    outer loop
      vertex 6.12327 84.772 7
      vertex 4.55403 85.2819 7
      vertex 5.93712 84.3226 7
    endloop
  endfacet
  facet normal -0 0 1
    outer loop
      vertex 4.46696 85.0717 7
      vertex 5.93712 84.3226 7
      vertex 4.55403 85.2819 7
    endloop
  endfacet
  facet normal 0 0 1
    outer loop
      vertex 6.23683 86.215 7
      vertex 4.60715 85.9568 7
      vertex 4.625 85.73 7
    endloop
  endfacet
  facet normal 0 0 1
    outer loop
      vertex 4.02729 86.9031 7
      vertex 4.99713 88.238 7
      vertex 4.58237 88.4921 7
    endloop
  endfacet
  facet normal 0 0 1
    outer loop
      vertex 6.12327 86.688 7
      vertex 4.55403 86.1781 7
      vertex 4.60715 85.9568 7
    endloop
  endfacet
  facet normal 0 0 1
    outer loop
      vertex 5.93712 87.1374 7
      vertex 4.46696 86.3883 7
      vertex 4.55403 86.1781 7
    endloop
  endfacet
  facet normal 0 0 1
    outer loop
      vertex 5.68295 87.5521 7
      vertex 4.34807 86.5823 7
      vertex 4.46696 86.3883 7
    endloop
  endfacet
  facet normal 0 0 1
    outer loop
      vertex 5.36703 87.922 7
      vertex 4.2003 86.7553 7
      vertex 4.34807 86.5823 7
    endloop
  endfacet
  facet normal 0 0 1
    outer loop
      vertex 3.83329 87.022 7
      vertex 4.58237 88.4921 7
      vertex 4.13295 88.6783 7
    endloop
  endfacet
  facet normal 0 0 1
    outer loop
      vertex 4.99713 88.238 7
      vertex 4.02729 86.9031 7
      vertex 4.2003 86.7553 7
    endloop
  endfacet
  facet normal 0 0 1
    outer loop
      vertex 4.58237 88.4921 7
      vertex 3.83329 87.022 7
      vertex 4.02729 86.9031 7
    endloop
  endfacet
  facet normal 0 0 1
    outer loop
      vertex 3.62307 87.109 7
      vertex 4.13295 88.6783 7
      vertex 3.65995 88.7918 7
    endloop
  endfacet
  facet normal 0 0 1
    outer loop
      vertex 4.13295 88.6783 7
      vertex 3.62307 87.109 7
      vertex 3.83329 87.022 7
    endloop
  endfacet
  facet normal 0 0 1
    outer loop
      vertex 3.65995 88.7918 7
      vertex 3.40183 87.1621 7
      vertex 3.62307 87.109 7
    endloop
  endfacet
  facet normal 0 0 1
    outer loop
      vertex 3.175 88.83 7
      vertex 3.40183 87.1621 7
      vertex 3.65995 88.7918 7
    endloop
  endfacet
  facet normal 0 0 1
    outer loop
      vertex 3.175 88.83 7
      vertex 3.175 87.18 7
      vertex 3.40183 87.1621 7
    endloop
  endfacet
  facet normal 0 0 1
    outer loop
      vertex 3.175 88.83 7
      vertex 2.94817 87.1621 7
      vertex 3.175 87.18 7
    endloop
  endfacet
  facet normal -0 0 1
    outer loop
      vertex 2.69005 88.7918 7
      vertex 2.94817 87.1621 7
      vertex 3.175 88.83 7
    endloop
  endfacet
  facet normal 0 0 1
    outer loop
      vertex 2.94817 87.1621 7
      vertex 2.69005 88.7918 7
      vertex 2.72692 87.109 7
    endloop
  endfacet
  facet normal -0 0 1
    outer loop
      vertex 2.21705 88.6783 7
      vertex 2.72692 87.109 7
      vertex 2.69005 88.7918 7
    endloop
  endfacet
  facet normal 0 0 1
    outer loop
      vertex 2.72692 87.109 7
      vertex 2.21705 88.6783 7
      vertex 2.51671 87.022 7
    endloop
  endfacet
  facet normal -0 0 1
    outer loop
      vertex 1.76763 88.4921 7
      vertex 2.51671 87.022 7
      vertex 2.21705 88.6783 7
    endloop
  endfacet
  facet normal 0 0 1
    outer loop
      vertex 2.51671 87.022 7
      vertex 1.76763 88.4921 7
      vertex 2.32271 86.9031 7
    endloop
  endfacet
  facet normal -0 0 1
    outer loop
      vertex 1.35287 88.238 7
      vertex 2.32271 86.9031 7
      vertex 1.76763 88.4921 7
    endloop
  endfacet
  facet normal 0 0 1
    outer loop
      vertex 2.32271 86.9031 7
      vertex 1.35287 88.238 7
      vertex 2.14969 86.7553 7
    endloop
  endfacet
  facet normal -0 0 1
    outer loop
      vertex 0.982968 87.922 7
      vertex 2.14969 86.7553 7
      vertex 1.35287 88.238 7
    endloop
  endfacet
  facet normal 0 0 1
    outer loop
      vertex 2.14969 86.7553 7
      vertex 0.982968 87.922 7
      vertex 2.00192 86.5823 7
    endloop
  endfacet
  facet normal -0 0 1
    outer loop
      vertex 0.667047 87.5521 7
      vertex 2.00192 86.5823 7
      vertex 0.982968 87.922 7
    endloop
  endfacet
  facet normal 0 0 1
    outer loop
      vertex 2.00192 86.5823 7
      vertex 0.667047 87.5521 7
      vertex 1.88304 86.3883 7
    endloop
  endfacet
  facet normal -0 0 1
    outer loop
      vertex 0.412879 87.1374 7
      vertex 1.88304 86.3883 7
      vertex 0.667047 87.5521 7
    endloop
  endfacet
  facet normal 0 0 1
    outer loop
      vertex 5.93712 84.3226 7
      vertex 4.46696 85.0717 7
      vertex 5.68295 83.9079 7
    endloop
  endfacet
  facet normal -0 0 1
    outer loop
      vertex 4.34807 84.8777 7
      vertex 5.68295 83.9079 7
      vertex 4.46696 85.0717 7
    endloop
  endfacet
  facet normal 0 0 1
    outer loop
      vertex 5.68295 83.9079 7
      vertex 4.34807 84.8777 7
      vertex 5.36703 83.538 7
    endloop
  endfacet
  facet normal -0 0 1
    outer loop
      vertex 4.2003 84.7047 7
      vertex 5.36703 83.538 7
      vertex 4.34807 84.8777 7
    endloop
  endfacet
  facet normal 0 0 1
    outer loop
      vertex 5.36703 83.538 7
      vertex 4.2003 84.7047 7
      vertex 4.99713 83.222 7
    endloop
  endfacet
  facet normal -0 0 1
    outer loop
      vertex 4.02729 84.5569 7
      vertex 4.99713 83.222 7
      vertex 4.2003 84.7047 7
    endloop
  endfacet
  facet normal 0 0 1
    outer loop
      vertex 4.99713 83.222 7
      vertex 4.02729 84.5569 7
      vertex 4.58237 82.9679 7
    endloop
  endfacet
  facet normal -0 0 1
    outer loop
      vertex 3.83329 84.438 7
      vertex 4.58237 82.9679 7
      vertex 4.02729 84.5569 7
    endloop
  endfacet
  facet normal 0 0 1
    outer loop
      vertex 4.58237 82.9679 7
      vertex 3.83329 84.438 7
      vertex 4.13295 82.7817 7
    endloop
  endfacet
  facet normal -0 0 1
    outer loop
      vertex 3.62307 84.351 7
      vertex 4.13295 82.7817 7
      vertex 3.83329 84.438 7
    endloop
  endfacet
  facet normal 0 0 1
    outer loop
      vertex 4.13295 82.7817 7
      vertex 3.62307 84.351 7
      vertex 3.65995 82.6682 7
    endloop
  endfacet
  facet normal -0 0 1
    outer loop
      vertex 3.40183 84.2979 7
      vertex 3.65995 82.6682 7
      vertex 3.62307 84.351 7
    endloop
  endfacet
  facet normal -0 0 1
    outer loop
      vertex 3.175 84.28 7
      vertex 3.65995 82.6682 7
      vertex 3.40183 84.2979 7
    endloop
  endfacet
  facet normal 0 0 1
    outer loop
      vertex 3.175 84.28 7
      vertex 3.175 82.63 7
      vertex 3.65995 82.6682 7
    endloop
  endfacet
  facet normal 0 0 1
    outer loop
      vertex 2.94817 84.2979 7
      vertex 3.175 82.63 7
      vertex 3.175 84.28 7
    endloop
  endfacet
  facet normal 0 0 1
    outer loop
      vertex 2.69005 82.6682 7
      vertex 2.94817 84.2979 7
      vertex 2.72692 84.351 7
    endloop
  endfacet
  facet normal 0 0 1
    outer loop
      vertex 2.94817 84.2979 7
      vertex 2.69005 82.6682 7
      vertex 3.175 82.63 7
    endloop
  endfacet
  facet normal 0 0 1
    outer loop
      vertex 2.21705 82.7817 7
      vertex 2.72692 84.351 7
      vertex 2.51671 84.438 7
    endloop
  endfacet
  facet normal 0 0 1
    outer loop
      vertex 1.76763 82.9679 7
      vertex 2.51671 84.438 7
      vertex 2.32271 84.5569 7
    endloop
  endfacet
  facet normal 0 0 1
    outer loop
      vertex 2.72692 84.351 7
      vertex 2.21705 82.7817 7
      vertex 2.69005 82.6682 7
    endloop
  endfacet
  facet normal 0 0 1
    outer loop
      vertex 1.35287 83.222 7
      vertex 2.32271 84.5569 7
      vertex 2.14969 84.7047 7
    endloop
  endfacet
  facet normal 0 0 1
    outer loop
      vertex 0.982968 83.538 7
      vertex 2.14969 84.7047 7
      vertex 2.00192 84.8777 7
    endloop
  endfacet
  facet normal 0 0 1
    outer loop
      vertex 0.667047 83.9079 7
      vertex 2.00192 84.8777 7
      vertex 1.88304 85.0717 7
    endloop
  endfacet
  facet normal 0 0 1
    outer loop
      vertex 0.412879 84.3226 7
      vertex 1.88304 85.0717 7
      vertex 1.79597 85.2819 7
    endloop
  endfacet
  facet normal 0 0 1
    outer loop
      vertex 2.51671 84.438 7
      vertex 1.76763 82.9679 7
      vertex 2.21705 82.7817 7
    endloop
  endfacet
  facet normal 0 0 1
    outer loop
      vertex 0.226725 84.772 7
      vertex 1.79597 85.2819 7
      vertex 1.74285 85.5032 7
    endloop
  endfacet
  facet normal 0 0 1
    outer loop
      vertex 0.113166 85.2451 7
      vertex 1.74285 85.5032 7
      vertex 1.725 85.73 7
    endloop
  endfacet
  facet normal 0 0 1
    outer loop
      vertex 1.88304 86.3883 7
      vertex 0.412879 87.1374 7
      vertex 1.79597 86.1781 7
    endloop
  endfacet
  facet normal 0 0 1
    outer loop
      vertex 2.32271 84.5569 7
      vertex 1.35287 83.222 7
      vertex 1.76763 82.9679 7
    endloop
  endfacet
  facet normal -0 0 1
    outer loop
      vertex 0.226725 86.688 7
      vertex 1.79597 86.1781 7
      vertex 0.412879 87.1374 7
    endloop
  endfacet
  facet normal 0 0 1
    outer loop
      vertex 2.14969 84.7047 7
      vertex 0.982968 83.538 7
      vertex 1.35287 83.222 7
    endloop
  endfacet
  facet normal 0 0 1
    outer loop
      vertex 1.79597 86.1781 7
      vertex 0.226725 86.688 7
      vertex 1.74285 85.9568 7
    endloop
  endfacet
  facet normal 0 0 1
    outer loop
      vertex 2.00192 84.8777 7
      vertex 0.667047 83.9079 7
      vertex 0.982968 83.538 7
    endloop
  endfacet
  facet normal -0 0 1
    outer loop
      vertex 0.113166 86.215 7
      vertex 1.74285 85.9568 7
      vertex 0.226725 86.688 7
    endloop
  endfacet
  facet normal 0 0 1
    outer loop
      vertex 1.88304 85.0717 7
      vertex 0.412879 84.3226 7
      vertex 0.667047 83.9079 7
    endloop
  endfacet
  facet normal 0 0 1
    outer loop
      vertex 1.74285 85.9568 7
      vertex 0.113166 86.215 7
      vertex 1.725 85.73 7
    endloop
  endfacet
  facet normal 0 0 1
    outer loop
      vertex 1.79597 85.2819 7
      vertex 0.226725 84.772 7
      vertex 0.412879 84.3226 7
    endloop
  endfacet
  facet normal 0 0 1
    outer loop
      vertex 0.0749998 85.73 7
      vertex 1.725 85.73 7
      vertex 0.113166 86.215 7
    endloop
  endfacet
  facet normal 0 0 1
    outer loop
      vertex 1.74285 85.5032 7
      vertex 0.113166 85.2451 7
      vertex 0.226725 84.772 7
    endloop
  endfacet
  facet normal 0 0 1
    outer loop
      vertex 1.725 85.73 7
      vertex 0.0749998 85.73 7
      vertex 0.113166 85.2451 7
    endloop
  endfacet
  facet normal 0.649538 -0.760329 0
    outer loop
      vertex 4.99713 83.222 3
      vertex 5.36703 83.538 7
      vertex 4.99713 83.222 7
    endloop
  endfacet
  facet normal 0.649538 -0.760329 0
    outer loop
      vertex 5.36703 83.538 7
      vertex 4.99713 83.222 3
      vertex 5.36703 83.538 3
    endloop
  endfacet
  facet normal 0.0785278 -0.996912 0
    outer loop
      vertex 3.175 82.63 3
      vertex 3.65995 82.6682 7
      vertex 3.175 82.63 7
    endloop
  endfacet
  facet normal 0.0785278 -0.996912 0
    outer loop
      vertex 3.65995 82.6682 7
      vertex 3.175 82.63 3
      vertex 3.65995 82.6682 3
    endloop
  endfacet
  facet normal -0.382761 -0.923847 0
    outer loop
      vertex 1.76763 82.9679 3
      vertex 2.21705 82.7817 7
      vertex 1.76763 82.9679 7
    endloop
  endfacet
  facet normal -0.382761 -0.923847 -0
    outer loop
      vertex 2.21705 82.7817 7
      vertex 1.76763 82.9679 3
      vertex 2.21705 82.7817 3
    endloop
  endfacet
  facet normal 0.923878 -0.382688 0
    outer loop
      vertex 5.93712 84.3226 7
      vertex 6.12327 84.772 3
      vertex 6.12327 84.772 7
    endloop
  endfacet
  facet normal 0.923878 -0.382688 0
    outer loop
      vertex 6.12327 84.772 3
      vertex 5.93712 84.3226 7
      vertex 5.93712 84.3226 3
    endloop
  endfacet
  facet normal -0.0785278 -0.996912 0
    outer loop
      vertex 2.69005 82.6682 3
      vertex 3.175 82.63 7
      vertex 2.69005 82.6682 7
    endloop
  endfacet
  facet normal -0.0785278 -0.996912 -0
    outer loop
      vertex 3.175 82.63 7
      vertex 2.69005 82.6682 3
      vertex 3.175 82.63 3
    endloop
  endfacet
  facet normal -0.97238 -0.233402 0
    outer loop
      vertex 0.226725 84.772 3
      vertex 0.113166 85.2451 7
      vertex 0.113166 85.2451 3
    endloop
  endfacet
  facet normal -0.97238 -0.233402 0
    outer loop
      vertex 0.113166 85.2451 7
      vertex 0.226725 84.772 3
      vertex 0.226725 84.772 7
    endloop
  endfacet
  facet normal -0.923875 0.382695 0
    outer loop
      vertex 0.226725 86.688 3
      vertex 0.412879 87.1374 7
      vertex 0.412879 87.1374 3
    endloop
  endfacet
  facet normal -0.923875 0.382695 0
    outer loop
      vertex 0.412879 87.1374 7
      vertex 0.226725 86.688 3
      vertex 0.226725 86.688 7
    endloop
  endfacet
  facet normal -0.0785358 0.996911 0
    outer loop
      vertex 98.425 88.83 3
      vertex 97.9401 88.7918 7
      vertex 98.425 88.83 7
    endloop
  endfacet
  facet normal -0.0785358 0.996911 0
    outer loop
      vertex 97.9401 88.7918 7
      vertex 98.425 88.83 3
      vertex 97.9401 88.7918 3
    endloop
  endfacet
  facet normal 0.972163 0.234306 0
    outer loop
      vertex 101.487 86.215 7
      vertex 101.373 86.688 3
      vertex 101.373 86.688 7
    endloop
  endfacet
  facet normal 0.972163 0.234306 0
    outer loop
      vertex 101.373 86.688 3
      vertex 101.487 86.215 7
      vertex 101.487 86.215 3
    endloop
  endfacet
  facet normal 0.996945 0.0781111 0
    outer loop
      vertex 101.525 85.73 7
      vertex 101.487 86.215 3
      vertex 101.487 86.215 7
    endloop
  endfacet
  facet normal 0.996945 0.0781111 0
    outer loop
      vertex 101.487 86.215 3
      vertex 101.525 85.73 7
      vertex 101.525 85.73 3
    endloop
  endfacet
  facet normal 0.923987 0.382424 0
    outer loop
      vertex 101.373 86.688 7
      vertex 101.187 87.1374 3
      vertex 101.187 87.1374 7
    endloop
  endfacet
  facet normal 0.923987 0.382424 0
    outer loop
      vertex 101.187 87.1374 3
      vertex 101.373 86.688 7
      vertex 101.373 86.688 3
    endloop
  endfacet
  facet normal -0.972397 0.233334 0
    outer loop
      vertex 95.3632 86.215 3
      vertex 95.4767 86.688 7
      vertex 95.4767 86.688 3
    endloop
  endfacet
  facet normal -0.972397 0.233334 0
    outer loop
      vertex 95.4767 86.688 7
      vertex 95.3632 86.215 3
      vertex 95.3632 86.215 7
    endloop
  endfacet
  facet normal 0.649436 0.760416 -0
    outer loop
      vertex 100.617 87.922 3
      vertex 100.247 88.238 7
      vertex 100.617 87.922 7
    endloop
  endfacet
  facet normal 0.649436 0.760416 0
    outer loop
      vertex 100.247 88.238 7
      vertex 100.617 87.922 3
      vertex 100.247 88.238 3
    endloop
  endfacet
  facet normal -0.522456 -0.852666 0
    outer loop
      vertex 96.6029 83.222 3
      vertex 97.0176 82.9679 7
      vertex 96.6029 83.222 7
    endloop
  endfacet
  facet normal -0.522456 -0.852666 -0
    outer loop
      vertex 97.0176 82.9679 7
      vertex 96.6029 83.222 3
      vertex 97.0176 82.9679 3
    endloop
  endfacet
  facet normal 0.996943 -0.0781271 0
    outer loop
      vertex 101.487 85.2451 7
      vertex 101.525 85.73 3
      vertex 101.525 85.73 7
    endloop
  endfacet
  facet normal 0.996943 -0.0781271 0
    outer loop
      vertex 101.525 85.73 3
      vertex 101.487 85.2451 7
      vertex 101.487 85.2451 3
    endloop
  endfacet
  facet normal 0.852758 0.522306 0
    outer loop
      vertex 101.187 87.1374 7
      vertex 100.933 87.5521 3
      vertex 100.933 87.5521 7
    endloop
  endfacet
  facet normal 0.852758 0.522306 0
    outer loop
      vertex 100.933 87.5521 3
      vertex 101.187 87.1374 7
      vertex 101.187 87.1374 3
    endloop
  endfacet
  facet normal -0.996911 -0.0785358 0
    outer loop
      vertex 95.3632 85.2451 3
      vertex 95.325 85.73 7
      vertex 95.325 85.73 3
    endloop
  endfacet
  facet normal -0.996911 -0.0785358 0
    outer loop
      vertex 95.325 85.73 7
      vertex 95.3632 85.2451 3
      vertex 95.3632 85.2451 7
    endloop
  endfacet
  facet normal 0.0785358 0.996911 -0
    outer loop
      vertex 98.9099 88.7918 3
      vertex 98.425 88.83 7
      vertex 98.9099 88.7918 7
    endloop
  endfacet
  facet normal 0.0785358 0.996911 0
    outer loop
      vertex 98.425 88.83 7
      vertex 98.9099 88.7918 3
      vertex 98.425 88.83 3
    endloop
  endfacet
  facet normal 0.972174 -0.234259 0
    outer loop
      vertex 101.373 84.772 7
      vertex 101.487 85.2451 3
      vertex 101.487 85.2451 7
    endloop
  endfacet
  facet normal 0.972174 -0.234259 0
    outer loop
      vertex 101.487 85.2451 3
      vertex 101.373 84.772 7
      vertex 101.373 84.772 3
    endloop
  endfacet
  facet normal -0.382775 0.923841 0
    outer loop
      vertex 97.467 88.6783 3
      vertex 97.0176 88.4921 7
      vertex 97.467 88.6783 7
    endloop
  endfacet
  facet normal -0.382775 0.923841 0
    outer loop
      vertex 97.0176 88.4921 7
      vertex 97.467 88.6783 3
      vertex 97.0176 88.4921 3
    endloop
  endfacet
  facet normal -0.649538 0.760329 0
    outer loop
      vertex 96.6029 88.238 3
      vertex 96.233 87.922 7
      vertex 96.6029 88.238 7
    endloop
  endfacet
  facet normal -0.649538 0.760329 0
    outer loop
      vertex 96.233 87.922 7
      vertex 96.6029 88.238 3
      vertex 96.233 87.922 3
    endloop
  endfacet
  facet normal 0.852758 -0.522306 0
    outer loop
      vertex 100.933 83.9079 7
      vertex 101.187 84.3226 3
      vertex 101.187 84.3226 7
    endloop
  endfacet
  facet normal 0.852758 -0.522306 0
    outer loop
      vertex 101.187 84.3226 3
      vertex 100.933 83.9079 7
      vertex 100.933 83.9079 3
    endloop
  endfacet
  facet normal -0.233287 0.972408 0
    outer loop
      vertex 97.9401 88.7918 3
      vertex 97.467 88.6783 7
      vertex 97.9401 88.7918 7
    endloop
  endfacet
  facet normal -0.233287 0.972408 0
    outer loop
      vertex 97.467 88.6783 7
      vertex 97.9401 88.7918 3
      vertex 97.467 88.6783 3
    endloop
  endfacet
  facet normal -0.996913 0.0785197 0
    outer loop
      vertex 95.325 85.73 3
      vertex 95.3632 86.215 7
      vertex 95.3632 86.215 3
    endloop
  endfacet
  facet normal -0.996913 0.0785197 0
    outer loop
      vertex 95.3632 86.215 7
      vertex 95.325 85.73 3
      vertex 95.325 85.73 7
    endloop
  endfacet
  facet normal -0.649538 -0.760329 0
    outer loop
      vertex 96.233 83.538 3
      vertex 96.6029 83.222 7
      vertex 96.233 83.538 7
    endloop
  endfacet
  facet normal -0.649538 -0.760329 -0
    outer loop
      vertex 96.6029 83.222 7
      vertex 96.233 83.538 3
      vertex 96.6029 83.222 3
    endloop
  endfacet
  facet normal 0.382703 0.923872 -0
    outer loop
      vertex 99.8324 88.4921 3
      vertex 99.3829 88.6783 7
      vertex 99.8324 88.4921 7
    endloop
  endfacet
  facet normal 0.382703 0.923872 0
    outer loop
      vertex 99.3829 88.6783 7
      vertex 99.8324 88.4921 3
      vertex 99.3829 88.6783 3
    endloop
  endfacet
  facet normal -0.233287 -0.972408 0
    outer loop
      vertex 97.467 82.7817 3
      vertex 97.9401 82.6682 7
      vertex 97.467 82.7817 7
    endloop
  endfacet
  facet normal -0.233287 -0.972408 -0
    outer loop
      vertex 97.9401 82.6682 7
      vertex 97.467 82.7817 3
      vertex 97.9401 82.6682 3
    endloop
  endfacet
  facet normal 0.382703 -0.923872 0
    outer loop
      vertex 99.3829 82.7817 3
      vertex 99.8324 82.9679 7
      vertex 99.3829 82.7817 7
    endloop
  endfacet
  facet normal 0.382703 -0.923872 0
    outer loop
      vertex 99.8324 82.9679 7
      vertex 99.3829 82.7817 3
      vertex 99.8324 82.9679 3
    endloop
  endfacet
  facet normal 0.760329 -0.649538 0
    outer loop
      vertex 100.617 83.538 7
      vertex 100.933 83.9079 3
      vertex 100.933 83.9079 7
    endloop
  endfacet
  facet normal 0.760329 -0.649538 0
    outer loop
      vertex 100.933 83.9079 3
      vertex 100.617 83.538 7
      vertex 100.617 83.538 3
    endloop
  endfacet
  facet normal -0.522456 0.852666 0
    outer loop
      vertex 97.0176 88.4921 3
      vertex 96.6029 88.238 7
      vertex 97.0176 88.4921 7
    endloop
  endfacet
  facet normal -0.522456 0.852666 0
    outer loop
      vertex 96.6029 88.238 7
      vertex 97.0176 88.4921 3
      vertex 96.6029 88.238 3
    endloop
  endfacet
  facet normal 0.522548 -0.85261 0
    outer loop
      vertex 99.8324 82.9679 3
      vertex 100.247 83.222 7
      vertex 99.8324 82.9679 7
    endloop
  endfacet
  facet normal 0.522548 -0.85261 0
    outer loop
      vertex 100.247 83.222 7
      vertex 99.8324 82.9679 3
      vertex 100.247 83.222 3
    endloop
  endfacet
  facet normal 0.522548 0.85261 -0
    outer loop
      vertex 100.247 88.238 3
      vertex 99.8324 88.4921 7
      vertex 100.247 88.238 7
    endloop
  endfacet
  facet normal 0.522548 0.85261 0
    outer loop
      vertex 99.8324 88.4921 7
      vertex 100.247 88.238 3
      vertex 99.8324 88.4921 3
    endloop
  endfacet
  facet normal 0.233334 0.972397 -0
    outer loop
      vertex 99.3829 88.6783 3
      vertex 98.9099 88.7918 7
      vertex 99.3829 88.6783 7
    endloop
  endfacet
  facet normal 0.233334 0.972397 0
    outer loop
      vertex 98.9099 88.7918 7
      vertex 99.3829 88.6783 3
      vertex 98.9099 88.7918 3
    endloop
  endfacet
  facet normal -0.852666 0.522456 0
    outer loop
      vertex 95.6629 87.1374 3
      vertex 95.917 87.5521 7
      vertex 95.917 87.5521 3
    endloop
  endfacet
  facet normal -0.852666 0.522456 0
    outer loop
      vertex 95.917 87.5521 7
      vertex 95.6629 87.1374 3
      vertex 95.6629 87.1374 7
    endloop
  endfacet
  facet normal -0.760329 -0.649538 0
    outer loop
      vertex 96.233 83.538 3
      vertex 95.917 83.9079 7
      vertex 95.917 83.9079 3
    endloop
  endfacet
  facet normal -0.760329 -0.649538 0
    outer loop
      vertex 95.917 83.9079 7
      vertex 96.233 83.538 3
      vertex 96.233 83.538 7
    endloop
  endfacet
  facet normal -0.760329 0.649538 0
    outer loop
      vertex 95.917 87.5521 3
      vertex 96.233 87.922 7
      vertex 96.233 87.922 3
    endloop
  endfacet
  facet normal -0.760329 0.649538 0
    outer loop
      vertex 96.233 87.922 7
      vertex 95.917 87.5521 3
      vertex 95.917 87.5521 7
    endloop
  endfacet
  facet normal -0.923841 -0.382775 0
    outer loop
      vertex 95.6629 84.3226 3
      vertex 95.4767 84.772 7
      vertex 95.4767 84.772 3
    endloop
  endfacet
  facet normal -0.923841 -0.382775 0
    outer loop
      vertex 95.4767 84.772 7
      vertex 95.6629 84.3226 3
      vertex 95.6629 84.3226 7
    endloop
  endfacet
  facet normal 0.233334 -0.972397 0
    outer loop
      vertex 98.9099 82.6682 3
      vertex 99.3829 82.7817 7
      vertex 98.9099 82.6682 7
    endloop
  endfacet
  facet normal 0.233334 -0.972397 0
    outer loop
      vertex 99.3829 82.7817 7
      vertex 98.9099 82.6682 3
      vertex 99.3829 82.7817 3
    endloop
  endfacet
  facet normal 0.760329 0.649538 0
    outer loop
      vertex 100.933 87.5521 7
      vertex 100.617 87.922 3
      vertex 100.617 87.922 7
    endloop
  endfacet
  facet normal 0.760329 0.649538 0
    outer loop
      vertex 100.617 87.922 3
      vertex 100.933 87.5521 7
      vertex 100.933 87.5521 3
    endloop
  endfacet
  facet normal -0.852666 -0.522456 0
    outer loop
      vertex 95.917 83.9079 3
      vertex 95.6629 84.3226 7
      vertex 95.6629 84.3226 3
    endloop
  endfacet
  facet normal -0.852666 -0.522456 0
    outer loop
      vertex 95.6629 84.3226 7
      vertex 95.917 83.9079 3
      vertex 95.917 83.9079 7
    endloop
  endfacet
  facet normal 0 0 1
    outer loop
      vertex 99.875 85.73 7
      vertex 101.525 85.73 7
      vertex 101.487 86.215 7
    endloop
  endfacet
  facet normal 0 0 1
    outer loop
      vertex 99.8571 85.9568 7
      vertex 101.487 86.215 7
      vertex 101.373 86.688 7
    endloop
  endfacet
  facet normal 0 0 1
    outer loop
      vertex 101.525 85.73 7
      vertex 99.875 85.73 7
      vertex 101.487 85.2451 7
    endloop
  endfacet
  facet normal 0 0 1
    outer loop
      vertex 99.804 86.1781 7
      vertex 101.373 86.688 7
      vertex 101.187 87.1374 7
    endloop
  endfacet
  facet normal -0 0 1
    outer loop
      vertex 99.8571 85.5032 7
      vertex 101.487 85.2451 7
      vertex 99.875 85.73 7
    endloop
  endfacet
  facet normal 0 0 1
    outer loop
      vertex 99.717 86.3883 7
      vertex 101.187 87.1374 7
      vertex 100.933 87.5521 7
    endloop
  endfacet
  facet normal 0 0 1
    outer loop
      vertex 101.487 85.2451 7
      vertex 99.8571 85.5032 7
      vertex 101.373 84.772 7
    endloop
  endfacet
  facet normal 0 0 1
    outer loop
      vertex 99.5981 86.5823 7
      vertex 100.933 87.5521 7
      vertex 100.617 87.922 7
    endloop
  endfacet
  facet normal -0 0 1
    outer loop
      vertex 99.804 85.2819 7
      vertex 101.373 84.772 7
      vertex 99.8571 85.5032 7
    endloop
  endfacet
  facet normal 0 0 1
    outer loop
      vertex 99.4503 86.7553 7
      vertex 100.617 87.922 7
      vertex 100.247 88.238 7
    endloop
  endfacet
  facet normal 0 0 1
    outer loop
      vertex 101.373 84.772 7
      vertex 99.804 85.2819 7
      vertex 101.187 84.3226 7
    endloop
  endfacet
  facet normal -0 0 1
    outer loop
      vertex 99.717 85.0717 7
      vertex 101.187 84.3226 7
      vertex 99.804 85.2819 7
    endloop
  endfacet
  facet normal 0 0 1
    outer loop
      vertex 101.487 86.215 7
      vertex 99.8571 85.9568 7
      vertex 99.875 85.73 7
    endloop
  endfacet
  facet normal 0 0 1
    outer loop
      vertex 99.2773 86.9031 7
      vertex 100.247 88.238 7
      vertex 99.8324 88.4921 7
    endloop
  endfacet
  facet normal 0 0 1
    outer loop
      vertex 101.373 86.688 7
      vertex 99.804 86.1781 7
      vertex 99.8571 85.9568 7
    endloop
  endfacet
  facet normal 0 0 1
    outer loop
      vertex 101.187 87.1374 7
      vertex 99.717 86.3883 7
      vertex 99.804 86.1781 7
    endloop
  endfacet
  facet normal 0 0 1
    outer loop
      vertex 100.933 87.5521 7
      vertex 99.5981 86.5823 7
      vertex 99.717 86.3883 7
    endloop
  endfacet
  facet normal 0 0 1
    outer loop
      vertex 100.617 87.922 7
      vertex 99.4503 86.7553 7
      vertex 99.5981 86.5823 7
    endloop
  endfacet
  facet normal 0 0 1
    outer loop
      vertex 99.0833 87.022 7
      vertex 99.8324 88.4921 7
      vertex 99.3829 88.6783 7
    endloop
  endfacet
  facet normal 0 0 1
    outer loop
      vertex 100.247 88.238 7
      vertex 99.2773 86.9031 7
      vertex 99.4503 86.7553 7
    endloop
  endfacet
  facet normal 0 0 1
    outer loop
      vertex 99.8324 88.4921 7
      vertex 99.0833 87.022 7
      vertex 99.2773 86.9031 7
    endloop
  endfacet
  facet normal 0 0 1
    outer loop
      vertex 98.8731 87.109 7
      vertex 99.3829 88.6783 7
      vertex 98.9099 88.7918 7
    endloop
  endfacet
  facet normal 0 0 1
    outer loop
      vertex 99.3829 88.6783 7
      vertex 98.8731 87.109 7
      vertex 99.0833 87.022 7
    endloop
  endfacet
  facet normal 0 0 1
    outer loop
      vertex 98.9099 88.7918 7
      vertex 98.6518 87.1621 7
      vertex 98.8731 87.109 7
    endloop
  endfacet
  facet normal 0 0 1
    outer loop
      vertex 98.425 88.83 7
      vertex 98.6518 87.1621 7
      vertex 98.9099 88.7918 7
    endloop
  endfacet
  facet normal 0 0 1
    outer loop
      vertex 98.425 88.83 7
      vertex 98.425 87.18 7
      vertex 98.6518 87.1621 7
    endloop
  endfacet
  facet normal 0 0 1
    outer loop
      vertex 98.425 88.83 7
      vertex 98.1982 87.1621 7
      vertex 98.425 87.18 7
    endloop
  endfacet
  facet normal -0 0 1
    outer loop
      vertex 97.9401 88.7918 7
      vertex 98.1982 87.1621 7
      vertex 98.425 88.83 7
    endloop
  endfacet
  facet normal 0 0 1
    outer loop
      vertex 98.1982 87.1621 7
      vertex 97.9401 88.7918 7
      vertex 97.9769 87.109 7
    endloop
  endfacet
  facet normal -0 0 1
    outer loop
      vertex 97.467 88.6783 7
      vertex 97.9769 87.109 7
      vertex 97.9401 88.7918 7
    endloop
  endfacet
  facet normal 0 0 1
    outer loop
      vertex 97.9769 87.109 7
      vertex 97.467 88.6783 7
      vertex 97.7667 87.022 7
    endloop
  endfacet
  facet normal -0 0 1
    outer loop
      vertex 97.0176 88.4921 7
      vertex 97.7667 87.022 7
      vertex 97.467 88.6783 7
    endloop
  endfacet
  facet normal 0 0 1
    outer loop
      vertex 97.7667 87.022 7
      vertex 97.0176 88.4921 7
      vertex 97.5727 86.9031 7
    endloop
  endfacet
  facet normal -0 0 1
    outer loop
      vertex 96.6029 88.238 7
      vertex 97.5727 86.9031 7
      vertex 97.0176 88.4921 7
    endloop
  endfacet
  facet normal 0 0 1
    outer loop
      vertex 97.5727 86.9031 7
      vertex 96.6029 88.238 7
      vertex 97.3997 86.7553 7
    endloop
  endfacet
  facet normal -0 0 1
    outer loop
      vertex 96.233 87.922 7
      vertex 97.3997 86.7553 7
      vertex 96.6029 88.238 7
    endloop
  endfacet
  facet normal 0 0 1
    outer loop
      vertex 97.3997 86.7553 7
      vertex 96.233 87.922 7
      vertex 97.2519 86.5823 7
    endloop
  endfacet
  facet normal -0 0 1
    outer loop
      vertex 95.917 87.5521 7
      vertex 97.2519 86.5823 7
      vertex 96.233 87.922 7
    endloop
  endfacet
  facet normal 0 0 1
    outer loop
      vertex 97.2519 86.5823 7
      vertex 95.917 87.5521 7
      vertex 97.133 86.3883 7
    endloop
  endfacet
  facet normal -0 0 1
    outer loop
      vertex 95.6629 87.1374 7
      vertex 97.133 86.3883 7
      vertex 95.917 87.5521 7
    endloop
  endfacet
  facet normal 0 0 1
    outer loop
      vertex 101.187 84.3226 7
      vertex 99.717 85.0717 7
      vertex 100.933 83.9079 7
    endloop
  endfacet
  facet normal -0 0 1
    outer loop
      vertex 99.5981 84.8777 7
      vertex 100.933 83.9079 7
      vertex 99.717 85.0717 7
    endloop
  endfacet
  facet normal 0 0 1
    outer loop
      vertex 100.933 83.9079 7
      vertex 99.5981 84.8777 7
      vertex 100.617 83.538 7
    endloop
  endfacet
  facet normal -0 0 1
    outer loop
      vertex 99.4503 84.7047 7
      vertex 100.617 83.538 7
      vertex 99.5981 84.8777 7
    endloop
  endfacet
  facet normal 0 0 1
    outer loop
      vertex 100.617 83.538 7
      vertex 99.4503 84.7047 7
      vertex 100.247 83.222 7
    endloop
  endfacet
  facet normal -0 0 1
    outer loop
      vertex 99.2773 84.5569 7
      vertex 100.247 83.222 7
      vertex 99.4503 84.7047 7
    endloop
  endfacet
  facet normal 0 0 1
    outer loop
      vertex 100.247 83.222 7
      vertex 99.2773 84.5569 7
      vertex 99.8324 82.9679 7
    endloop
  endfacet
  facet normal -0 0 1
    outer loop
      vertex 99.0833 84.438 7
      vertex 99.8324 82.9679 7
      vertex 99.2773 84.5569 7
    endloop
  endfacet
  facet normal 0 0 1
    outer loop
      vertex 99.8324 82.9679 7
      vertex 99.0833 84.438 7
      vertex 99.3829 82.7817 7
    endloop
  endfacet
  facet normal -0 0 1
    outer loop
      vertex 98.8731 84.351 7
      vertex 99.3829 82.7817 7
      vertex 99.0833 84.438 7
    endloop
  endfacet
  facet normal 0 0 1
    outer loop
      vertex 99.3829 82.7817 7
      vertex 98.8731 84.351 7
      vertex 98.9099 82.6682 7
    endloop
  endfacet
  facet normal -0 0 1
    outer loop
      vertex 98.6518 84.2979 7
      vertex 98.9099 82.6682 7
      vertex 98.8731 84.351 7
    endloop
  endfacet
  facet normal -0 0 1
    outer loop
      vertex 98.425 84.28 7
      vertex 98.9099 82.6682 7
      vertex 98.6518 84.2979 7
    endloop
  endfacet
  facet normal 0 0 1
    outer loop
      vertex 98.425 84.28 7
      vertex 98.425 82.63 7
      vertex 98.9099 82.6682 7
    endloop
  endfacet
  facet normal 0 0 1
    outer loop
      vertex 98.1982 84.2979 7
      vertex 98.425 82.63 7
      vertex 98.425 84.28 7
    endloop
  endfacet
  facet normal 0 0 1
    outer loop
      vertex 97.9401 82.6682 7
      vertex 98.1982 84.2979 7
      vertex 97.9769 84.351 7
    endloop
  endfacet
  facet normal 0 0 1
    outer loop
      vertex 98.1982 84.2979 7
      vertex 97.9401 82.6682 7
      vertex 98.425 82.63 7
    endloop
  endfacet
  facet normal 0 0 1
    outer loop
      vertex 97.467 82.7817 7
      vertex 97.9769 84.351 7
      vertex 97.7667 84.438 7
    endloop
  endfacet
  facet normal 0 0 1
    outer loop
      vertex 97.0176 82.9679 7
      vertex 97.7667 84.438 7
      vertex 97.5727 84.5569 7
    endloop
  endfacet
  facet normal 0 0 1
    outer loop
      vertex 97.9769 84.351 7
      vertex 97.467 82.7817 7
      vertex 97.9401 82.6682 7
    endloop
  endfacet
  facet normal 0 0 1
    outer loop
      vertex 96.6029 83.222 7
      vertex 97.5727 84.5569 7
      vertex 97.3997 84.7047 7
    endloop
  endfacet
  facet normal 0 0 1
    outer loop
      vertex 96.233 83.538 7
      vertex 97.3997 84.7047 7
      vertex 97.2519 84.8777 7
    endloop
  endfacet
  facet normal 0 0 1
    outer loop
      vertex 95.917 83.9079 7
      vertex 97.2519 84.8777 7
      vertex 97.133 85.0717 7
    endloop
  endfacet
  facet normal 0 0 1
    outer loop
      vertex 95.6629 84.3226 7
      vertex 97.133 85.0717 7
      vertex 97.046 85.2819 7
    endloop
  endfacet
  facet normal 0 0 1
    outer loop
      vertex 97.7667 84.438 7
      vertex 97.0176 82.9679 7
      vertex 97.467 82.7817 7
    endloop
  endfacet
  facet normal 0 0 1
    outer loop
      vertex 95.4767 84.772 7
      vertex 97.046 85.2819 7
      vertex 96.9929 85.5032 7
    endloop
  endfacet
  facet normal 0 0 1
    outer loop
      vertex 95.3632 85.2451 7
      vertex 96.9929 85.5032 7
      vertex 96.975 85.73 7
    endloop
  endfacet
  facet normal 0 0 1
    outer loop
      vertex 97.133 86.3883 7
      vertex 95.6629 87.1374 7
      vertex 97.046 86.1781 7
    endloop
  endfacet
  facet normal 0 0 1
    outer loop
      vertex 97.5727 84.5569 7
      vertex 96.6029 83.222 7
      vertex 97.0176 82.9679 7
    endloop
  endfacet
  facet normal -0 0 1
    outer loop
      vertex 95.4767 86.688 7
      vertex 97.046 86.1781 7
      vertex 95.6629 87.1374 7
    endloop
  endfacet
  facet normal 0 0 1
    outer loop
      vertex 97.3997 84.7047 7
      vertex 96.233 83.538 7
      vertex 96.6029 83.222 7
    endloop
  endfacet
  facet normal 0 0 1
    outer loop
      vertex 97.046 86.1781 7
      vertex 95.4767 86.688 7
      vertex 96.9929 85.9568 7
    endloop
  endfacet
  facet normal 0 0 1
    outer loop
      vertex 97.2519 84.8777 7
      vertex 95.917 83.9079 7
      vertex 96.233 83.538 7
    endloop
  endfacet
  facet normal -0 0 1
    outer loop
      vertex 95.3632 86.215 7
      vertex 96.9929 85.9568 7
      vertex 95.4767 86.688 7
    endloop
  endfacet
  facet normal 0 0 1
    outer loop
      vertex 97.133 85.0717 7
      vertex 95.6629 84.3226 7
      vertex 95.917 83.9079 7
    endloop
  endfacet
  facet normal 0 0 1
    outer loop
      vertex 96.9929 85.9568 7
      vertex 95.3632 86.215 7
      vertex 96.975 85.73 7
    endloop
  endfacet
  facet normal 0 0 1
    outer loop
      vertex 97.046 85.2819 7
      vertex 95.4767 84.772 7
      vertex 95.6629 84.3226 7
    endloop
  endfacet
  facet normal 0 0 1
    outer loop
      vertex 95.325 85.73 7
      vertex 96.975 85.73 7
      vertex 95.3632 86.215 7
    endloop
  endfacet
  facet normal 0 0 1
    outer loop
      vertex 96.9929 85.5032 7
      vertex 95.3632 85.2451 7
      vertex 95.4767 84.772 7
    endloop
  endfacet
  facet normal 0 0 1
    outer loop
      vertex 96.975 85.73 7
      vertex 95.325 85.73 7
      vertex 95.3632 85.2451 7
    endloop
  endfacet
  facet normal 0.649436 -0.760416 0
    outer loop
      vertex 100.247 83.222 3
      vertex 100.617 83.538 7
      vertex 100.247 83.222 7
    endloop
  endfacet
  facet normal 0.649436 -0.760416 0
    outer loop
      vertex 100.617 83.538 7
      vertex 100.247 83.222 3
      vertex 100.617 83.538 3
    endloop
  endfacet
  facet normal 0.0785358 -0.996911 0
    outer loop
      vertex 98.425 82.63 3
      vertex 98.9099 82.6682 7
      vertex 98.425 82.63 7
    endloop
  endfacet
  facet normal 0.0785358 -0.996911 0
    outer loop
      vertex 98.9099 82.6682 7
      vertex 98.425 82.63 3
      vertex 98.9099 82.6682 3
    endloop
  endfacet
  facet normal -0.382775 -0.923841 0
    outer loop
      vertex 97.0176 82.9679 3
      vertex 97.467 82.7817 7
      vertex 97.0176 82.9679 7
    endloop
  endfacet
  facet normal -0.382775 -0.923841 -0
    outer loop
      vertex 97.467 82.7817 7
      vertex 97.0176 82.9679 3
      vertex 97.467 82.7817 3
    endloop
  endfacet
  facet normal 0.923987 -0.382424 0
    outer loop
      vertex 101.187 84.3226 7
      vertex 101.373 84.772 3
      vertex 101.373 84.772 7
    endloop
  endfacet
  facet normal 0.923987 -0.382424 0
    outer loop
      vertex 101.373 84.772 3
      vertex 101.187 84.3226 7
      vertex 101.187 84.3226 3
    endloop
  endfacet
  facet normal -0.0785358 -0.996911 0
    outer loop
      vertex 97.9401 82.6682 3
      vertex 98.425 82.63 7
      vertex 97.9401 82.6682 7
    endloop
  endfacet
  facet normal -0.0785358 -0.996911 -0
    outer loop
      vertex 98.425 82.63 7
      vertex 97.9401 82.6682 3
      vertex 98.425 82.63 3
    endloop
  endfacet
  facet normal -0.972408 -0.233287 0
    outer loop
      vertex 95.4767 84.772 3
      vertex 95.3632 85.2451 7
      vertex 95.3632 85.2451 3
    endloop
  endfacet
  facet normal -0.972408 -0.233287 0
    outer loop
      vertex 95.3632 85.2451 7
      vertex 95.4767 84.772 3
      vertex 95.4767 84.772 7
    endloop
  endfacet
  facet normal -0.923841 0.382775 0
    outer loop
      vertex 95.4767 86.688 3
      vertex 95.6629 87.1374 7
      vertex 95.6629 87.1374 3
    endloop
  endfacet
  facet normal -0.923841 0.382775 0
    outer loop
      vertex 95.6629 87.1374 7
      vertex 95.4767 86.688 3
      vertex 95.4767 86.688 7
    endloop
  endfacet
  facet normal -0.233429 0.972374 0
    outer loop
      vertex 70.8307 -13.2369 3
      vertex 70.3729 -13.3468 18
      vertex 70.8307 -13.2369 18
    endloop
  endfacet
  facet normal -0.233429 0.972374 0
    outer loop
      vertex 70.3729 -13.3468 18
      vertex 70.8307 -13.2369 3
      vertex 70.3729 -13.3468 3
    endloop
  endfacet
  facet normal 0.972374 0.233429 0
    outer loop
      vertex 74.2631 -15.7307 18
      vertex 74.1532 -15.2729 3
      vertex 74.1532 -15.2729 18
    endloop
  endfacet
  facet normal 0.972374 0.233429 0
    outer loop
      vertex 74.1532 -15.2729 3
      vertex 74.2631 -15.7307 18
      vertex 74.2631 -15.7307 3
    endloop
  endfacet
  facet normal 0.996923 0.0783858 0
    outer loop
      vertex 74.3 -16.2 18
      vertex 74.2631 -15.7307 3
      vertex 74.2631 -15.7307 18
    endloop
  endfacet
  facet normal 0.996923 0.0783858 0
    outer loop
      vertex 74.2631 -15.7307 3
      vertex 74.3 -16.2 18
      vertex 74.3 -16.2 3
    endloop
  endfacet
  facet normal -0.38279 0.923836 0
    outer loop
      vertex 70.3729 -13.3468 3
      vertex 69.938 -13.527 18
      vertex 70.3729 -13.3468 18
    endloop
  endfacet
  facet normal -0.38279 0.923836 0
    outer loop
      vertex 69.938 -13.527 18
      vertex 70.3729 -13.3468 3
      vertex 69.938 -13.527 3
    endloop
  endfacet
  facet normal 0.0783858 -0.996923 0
    outer loop
      vertex 71.3 -19.2 3
      vertex 71.7693 -19.1631 18
      vertex 71.3 -19.2 18
    endloop
  endfacet
  facet normal 0.0783858 -0.996923 0
    outer loop
      vertex 71.7693 -19.1631 18
      vertex 71.3 -19.2 3
      vertex 71.7693 -19.1631 3
    endloop
  endfacet
  facet normal 0.996923 -0.0783858 0
    outer loop
      vertex 74.2631 -16.6693 18
      vertex 74.3 -16.2 3
      vertex 74.3 -16.2 18
    endloop
  endfacet
  facet normal 0.996923 -0.0783858 0
    outer loop
      vertex 74.3 -16.2 3
      vertex 74.2631 -16.6693 18
      vertex 74.2631 -16.6693 3
    endloop
  endfacet
  facet normal 0.760275 0.649601 0
    outer loop
      vertex 73.7271 -14.4366 18
      vertex 73.4213 -14.0787 3
      vertex 73.4213 -14.0787 18
    endloop
  endfacet
  facet normal 0.760275 0.649601 0
    outer loop
      vertex 73.4213 -14.0787 3
      vertex 73.7271 -14.4366 18
      vertex 73.7271 -14.4366 3
    endloop
  endfacet
  facet normal 0.522378 0.852714 -0
    outer loop
      vertex 73.0634 -13.7729 3
      vertex 72.662 -13.527 18
      vertex 73.0634 -13.7729 18
    endloop
  endfacet
  facet normal 0.522378 0.852714 0
    outer loop
      vertex 72.662 -13.527 18
      vertex 73.0634 -13.7729 3
      vertex 72.662 -13.527 3
    endloop
  endfacet
  facet normal -0.760275 0.649601 0
    outer loop
      vertex 68.8729 -14.4366 3
      vertex 69.1787 -14.0787 18
      vertex 69.1787 -14.0787 3
    endloop
  endfacet
  facet normal -0.760275 0.649601 0
    outer loop
      vertex 69.1787 -14.0787 18
      vertex 68.8729 -14.4366 3
      vertex 68.8729 -14.4366 18
    endloop
  endfacet
  facet normal -0.996923 0.0783858 0
    outer loop
      vertex 68.3 -16.2 3
      vertex 68.3369 -15.7307 18
      vertex 68.3369 -15.7307 3
    endloop
  endfacet
  facet normal -0.996923 0.0783858 0
    outer loop
      vertex 68.3369 -15.7307 18
      vertex 68.3 -16.2 3
      vertex 68.3 -16.2 18
    endloop
  endfacet
  facet normal 0.0783858 0.996923 -0
    outer loop
      vertex 71.7693 -13.2369 3
      vertex 71.3 -13.2 18
      vertex 71.7693 -13.2369 18
    endloop
  endfacet
  facet normal 0.0783858 0.996923 0
    outer loop
      vertex 71.3 -13.2 18
      vertex 71.7693 -13.2369 3
      vertex 71.3 -13.2 3
    endloop
  endfacet
  facet normal 0.972374 -0.233429 0
    outer loop
      vertex 74.1532 -17.1271 18
      vertex 74.2631 -16.6693 3
      vertex 74.2631 -16.6693 18
    endloop
  endfacet
  facet normal 0.972374 -0.233429 0
    outer loop
      vertex 74.2631 -16.6693 3
      vertex 74.1532 -17.1271 18
      vertex 74.1532 -17.1271 3
    endloop
  endfacet
  facet normal -0.649601 0.760275 0
    outer loop
      vertex 69.5366 -13.7729 3
      vertex 69.1787 -14.0787 18
      vertex 69.5366 -13.7729 18
    endloop
  endfacet
  facet normal -0.649601 0.760275 0
    outer loop
      vertex 69.1787 -14.0787 18
      vertex 69.5366 -13.7729 3
      vertex 69.1787 -14.0787 3
    endloop
  endfacet
  facet normal -0.522378 -0.852714 0
    outer loop
      vertex 69.5366 -18.6271 3
      vertex 69.938 -18.873 18
      vertex 69.5366 -18.6271 18
    endloop
  endfacet
  facet normal -0.522378 -0.852714 -0
    outer loop
      vertex 69.938 -18.873 18
      vertex 69.5366 -18.6271 3
      vertex 69.938 -18.873 3
    endloop
  endfacet
  facet normal 0.38279 -0.923836 0
    outer loop
      vertex 72.2271 -19.0532 3
      vertex 72.662 -18.873 18
      vertex 72.2271 -19.0532 18
    endloop
  endfacet
  facet normal 0.38279 -0.923836 0
    outer loop
      vertex 72.662 -18.873 18
      vertex 72.2271 -19.0532 3
      vertex 72.662 -18.873 3
    endloop
  endfacet
  facet normal 0.852714 -0.522378 0
    outer loop
      vertex 73.7271 -17.9634 18
      vertex 73.973 -17.562 3
      vertex 73.973 -17.562 18
    endloop
  endfacet
  facet normal 0.852714 -0.522378 0
    outer loop
      vertex 73.973 -17.562 3
      vertex 73.7271 -17.9634 18
      vertex 73.7271 -17.9634 3
    endloop
  endfacet
  facet normal -0.233429 -0.972374 0
    outer loop
      vertex 70.3729 -19.0532 3
      vertex 70.8307 -19.1631 18
      vertex 70.3729 -19.0532 18
    endloop
  endfacet
  facet normal -0.233429 -0.972374 -0
    outer loop
      vertex 70.8307 -19.1631 18
      vertex 70.3729 -19.0532 3
      vertex 70.8307 -19.1631 3
    endloop
  endfacet
  facet normal -0.852714 0.522378 0
    outer loop
      vertex 68.627 -14.838 3
      vertex 68.8729 -14.4366 18
      vertex 68.8729 -14.4366 3
    endloop
  endfacet
  facet normal -0.852714 0.522378 0
    outer loop
      vertex 68.8729 -14.4366 18
      vertex 68.627 -14.838 3
      vertex 68.627 -14.838 18
    endloop
  endfacet
  facet normal 0.233429 0.972374 -0
    outer loop
      vertex 72.2271 -13.3468 3
      vertex 71.7693 -13.2369 18
      vertex 72.2271 -13.3468 18
    endloop
  endfacet
  facet normal 0.233429 0.972374 0
    outer loop
      vertex 71.7693 -13.2369 18
      vertex 72.2271 -13.3468 3
      vertex 71.7693 -13.2369 3
    endloop
  endfacet
  facet normal -0.760275 -0.649601 0
    outer loop
      vertex 69.1787 -18.3213 3
      vertex 68.8729 -17.9634 18
      vertex 68.8729 -17.9634 3
    endloop
  endfacet
  facet normal -0.760275 -0.649601 0
    outer loop
      vertex 68.8729 -17.9634 18
      vertex 69.1787 -18.3213 3
      vertex 69.1787 -18.3213 18
    endloop
  endfacet
  facet normal 0.522378 -0.852714 0
    outer loop
      vertex 72.662 -18.873 3
      vertex 73.0634 -18.6271 18
      vertex 72.662 -18.873 18
    endloop
  endfacet
  facet normal 0.522378 -0.852714 0
    outer loop
      vertex 73.0634 -18.6271 18
      vertex 72.662 -18.873 3
      vertex 73.0634 -18.6271 3
    endloop
  endfacet
  facet normal 0.649601 -0.760275 0
    outer loop
      vertex 73.0634 -18.6271 3
      vertex 73.4213 -18.3213 18
      vertex 73.0634 -18.6271 18
    endloop
  endfacet
  facet normal 0.649601 -0.760275 0
    outer loop
      vertex 73.4213 -18.3213 18
      vertex 73.0634 -18.6271 3
      vertex 73.4213 -18.3213 3
    endloop
  endfacet
  facet normal 0.233429 -0.972374 0
    outer loop
      vertex 71.7693 -19.1631 3
      vertex 72.2271 -19.0532 18
      vertex 71.7693 -19.1631 18
    endloop
  endfacet
  facet normal 0.233429 -0.972374 0
    outer loop
      vertex 72.2271 -19.0532 18
      vertex 71.7693 -19.1631 3
      vertex 72.2271 -19.0532 3
    endloop
  endfacet
  facet normal -0.0783858 -0.996923 0
    outer loop
      vertex 70.8307 -19.1631 3
      vertex 71.3 -19.2 18
      vertex 70.8307 -19.1631 18
    endloop
  endfacet
  facet normal -0.0783858 -0.996923 -0
    outer loop
      vertex 71.3 -19.2 18
      vertex 70.8307 -19.1631 3
      vertex 71.3 -19.2 3
    endloop
  endfacet
  facet normal 0.649601 0.760275 -0
    outer loop
      vertex 73.4213 -14.0787 3
      vertex 73.0634 -13.7729 18
      vertex 73.4213 -14.0787 18
    endloop
  endfacet
  facet normal 0.649601 0.760275 0
    outer loop
      vertex 73.0634 -13.7729 18
      vertex 73.4213 -14.0787 3
      vertex 73.0634 -13.7729 3
    endloop
  endfacet
  facet normal -0.972374 -0.233429 0
    outer loop
      vertex 68.4468 -17.1271 3
      vertex 68.3369 -16.6693 18
      vertex 68.3369 -16.6693 3
    endloop
  endfacet
  facet normal -0.972374 -0.233429 0
    outer loop
      vertex 68.3369 -16.6693 18
      vertex 68.4468 -17.1271 3
      vertex 68.4468 -17.1271 18
    endloop
  endfacet
  facet normal -0.38279 -0.923836 0
    outer loop
      vertex 69.938 -18.873 3
      vertex 70.3729 -19.0532 18
      vertex 69.938 -18.873 18
    endloop
  endfacet
  facet normal -0.38279 -0.923836 -0
    outer loop
      vertex 70.3729 -19.0532 18
      vertex 69.938 -18.873 3
      vertex 70.3729 -19.0532 3
    endloop
  endfacet
  facet normal 0 0 1
    outer loop
      vertex 72.6 -16.2 18
      vertex 74.3 -16.2 18
      vertex 74.2631 -15.7307 18
    endloop
  endfacet
  facet normal 0 0 1
    outer loop
      vertex 72.584 -15.9966 18
      vertex 74.2631 -15.7307 18
      vertex 74.1532 -15.2729 18
    endloop
  endfacet
  facet normal 0 0 1
    outer loop
      vertex 74.3 -16.2 18
      vertex 72.6 -16.2 18
      vertex 74.2631 -16.6693 18
    endloop
  endfacet
  facet normal 0 0 1
    outer loop
      vertex 72.5364 -15.7983 18
      vertex 74.1532 -15.2729 18
      vertex 73.973 -14.838 18
    endloop
  endfacet
  facet normal -0 0 1
    outer loop
      vertex 72.584 -16.4034 18
      vertex 74.2631 -16.6693 18
      vertex 72.6 -16.2 18
    endloop
  endfacet
  facet normal 0 0 1
    outer loop
      vertex 72.4583 -15.6098 18
      vertex 73.973 -14.838 18
      vertex 73.7271 -14.4366 18
    endloop
  endfacet
  facet normal 0 0 1
    outer loop
      vertex 74.2631 -16.6693 18
      vertex 72.584 -16.4034 18
      vertex 74.1532 -17.1271 18
    endloop
  endfacet
  facet normal 0 0 1
    outer loop
      vertex 72.3517 -15.4359 18
      vertex 73.7271 -14.4366 18
      vertex 73.4213 -14.0787 18
    endloop
  endfacet
  facet normal -0 0 1
    outer loop
      vertex 72.5364 -16.6017 18
      vertex 74.1532 -17.1271 18
      vertex 72.584 -16.4034 18
    endloop
  endfacet
  facet normal 0 0 1
    outer loop
      vertex 72.2192 -15.2808 18
      vertex 73.4213 -14.0787 18
      vertex 73.0634 -13.7729 18
    endloop
  endfacet
  facet normal 0 0 1
    outer loop
      vertex 74.1532 -17.1271 18
      vertex 72.5364 -16.6017 18
      vertex 73.973 -17.562 18
    endloop
  endfacet
  facet normal 0 0 1
    outer loop
      vertex 72.0641 -15.1483 18
      vertex 73.0634 -13.7729 18
      vertex 72.662 -13.527 18
    endloop
  endfacet
  facet normal -0 0 1
    outer loop
      vertex 72.4583 -16.7902 18
      vertex 73.973 -17.562 18
      vertex 72.5364 -16.6017 18
    endloop
  endfacet
  facet normal 0 0 1
    outer loop
      vertex 73.973 -17.562 18
      vertex 72.4583 -16.7902 18
      vertex 73.7271 -17.9634 18
    endloop
  endfacet
  facet normal 0 0 1
    outer loop
      vertex 74.2631 -15.7307 18
      vertex 72.584 -15.9966 18
      vertex 72.6 -16.2 18
    endloop
  endfacet
  facet normal 0 0 1
    outer loop
      vertex 74.1532 -15.2729 18
      vertex 72.5364 -15.7983 18
      vertex 72.584 -15.9966 18
    endloop
  endfacet
  facet normal 0 0 1
    outer loop
      vertex 73.973 -14.838 18
      vertex 72.4583 -15.6098 18
      vertex 72.5364 -15.7983 18
    endloop
  endfacet
  facet normal 0 0 1
    outer loop
      vertex 73.7271 -14.4366 18
      vertex 72.3517 -15.4359 18
      vertex 72.4583 -15.6098 18
    endloop
  endfacet
  facet normal 0 0 1
    outer loop
      vertex 71.8902 -15.0417 18
      vertex 72.662 -13.527 18
      vertex 72.2271 -13.3468 18
    endloop
  endfacet
  facet normal 0 0 1
    outer loop
      vertex 73.4213 -14.0787 18
      vertex 72.2192 -15.2808 18
      vertex 72.3517 -15.4359 18
    endloop
  endfacet
  facet normal 0 0 1
    outer loop
      vertex 73.0634 -13.7729 18
      vertex 72.0641 -15.1483 18
      vertex 72.2192 -15.2808 18
    endloop
  endfacet
  facet normal 0 0 1
    outer loop
      vertex 72.662 -13.527 18
      vertex 71.8902 -15.0417 18
      vertex 72.0641 -15.1483 18
    endloop
  endfacet
  facet normal 0 0 1
    outer loop
      vertex 71.7017 -14.9636 18
      vertex 72.2271 -13.3468 18
      vertex 71.7693 -13.2369 18
    endloop
  endfacet
  facet normal 0 0 1
    outer loop
      vertex 72.2271 -13.3468 18
      vertex 71.7017 -14.9636 18
      vertex 71.8902 -15.0417 18
    endloop
  endfacet
  facet normal 0 0 1
    outer loop
      vertex 71.7693 -13.2369 18
      vertex 71.5034 -14.916 18
      vertex 71.7017 -14.9636 18
    endloop
  endfacet
  facet normal 0 0 1
    outer loop
      vertex 71.3 -13.2 18
      vertex 71.5034 -14.916 18
      vertex 71.7693 -13.2369 18
    endloop
  endfacet
  facet normal 0 0 1
    outer loop
      vertex 71.3 -13.2 18
      vertex 71.3 -14.9 18
      vertex 71.5034 -14.916 18
    endloop
  endfacet
  facet normal 0 0 1
    outer loop
      vertex 71.3 -13.2 18
      vertex 71.0966 -14.916 18
      vertex 71.3 -14.9 18
    endloop
  endfacet
  facet normal -0 0 1
    outer loop
      vertex 70.8307 -13.2369 18
      vertex 71.0966 -14.916 18
      vertex 71.3 -13.2 18
    endloop
  endfacet
  facet normal 0 0 1
    outer loop
      vertex 71.0966 -14.916 18
      vertex 70.8307 -13.2369 18
      vertex 70.8983 -14.9636 18
    endloop
  endfacet
  facet normal -0 0 1
    outer loop
      vertex 70.3729 -13.3468 18
      vertex 70.8983 -14.9636 18
      vertex 70.8307 -13.2369 18
    endloop
  endfacet
  facet normal 0 0 1
    outer loop
      vertex 70.8983 -14.9636 18
      vertex 70.3729 -13.3468 18
      vertex 70.7098 -15.0417 18
    endloop
  endfacet
  facet normal -0 0 1
    outer loop
      vertex 69.938 -13.527 18
      vertex 70.7098 -15.0417 18
      vertex 70.3729 -13.3468 18
    endloop
  endfacet
  facet normal 0 0 1
    outer loop
      vertex 70.7098 -15.0417 18
      vertex 69.938 -13.527 18
      vertex 70.5359 -15.1483 18
    endloop
  endfacet
  facet normal -0 0 1
    outer loop
      vertex 69.5366 -13.7729 18
      vertex 70.5359 -15.1483 18
      vertex 69.938 -13.527 18
    endloop
  endfacet
  facet normal 0 0 1
    outer loop
      vertex 70.5359 -15.1483 18
      vertex 69.5366 -13.7729 18
      vertex 70.3808 -15.2808 18
    endloop
  endfacet
  facet normal -0 0 1
    outer loop
      vertex 69.1787 -14.0787 18
      vertex 70.3808 -15.2808 18
      vertex 69.5366 -13.7729 18
    endloop
  endfacet
  facet normal 0 0 1
    outer loop
      vertex 70.3808 -15.2808 18
      vertex 69.1787 -14.0787 18
      vertex 70.2483 -15.4359 18
    endloop
  endfacet
  facet normal 0 0 1
    outer loop
      vertex 70.2483 -15.4359 18
      vertex 68.8729 -14.4366 18
      vertex 70.1417 -15.6098 18
    endloop
  endfacet
  facet normal -0 0 1
    outer loop
      vertex 68.8729 -14.4366 18
      vertex 70.2483 -15.4359 18
      vertex 69.1787 -14.0787 18
    endloop
  endfacet
  facet normal -0 0 1
    outer loop
      vertex 72.3517 -16.9641 18
      vertex 73.7271 -17.9634 18
      vertex 72.4583 -16.7902 18
    endloop
  endfacet
  facet normal 0 0 1
    outer loop
      vertex 73.7271 -17.9634 18
      vertex 72.3517 -16.9641 18
      vertex 73.4213 -18.3213 18
    endloop
  endfacet
  facet normal -0 0 1
    outer loop
      vertex 72.2192 -17.1192 18
      vertex 73.4213 -18.3213 18
      vertex 72.3517 -16.9641 18
    endloop
  endfacet
  facet normal 0 0 1
    outer loop
      vertex 73.4213 -18.3213 18
      vertex 72.2192 -17.1192 18
      vertex 73.0634 -18.6271 18
    endloop
  endfacet
  facet normal -0 0 1
    outer loop
      vertex 72.0641 -17.2517 18
      vertex 73.0634 -18.6271 18
      vertex 72.2192 -17.1192 18
    endloop
  endfacet
  facet normal 0 0 1
    outer loop
      vertex 73.0634 -18.6271 18
      vertex 72.0641 -17.2517 18
      vertex 72.662 -18.873 18
    endloop
  endfacet
  facet normal -0 0 1
    outer loop
      vertex 71.8902 -17.3583 18
      vertex 72.662 -18.873 18
      vertex 72.0641 -17.2517 18
    endloop
  endfacet
  facet normal 0 0 1
    outer loop
      vertex 72.662 -18.873 18
      vertex 71.8902 -17.3583 18
      vertex 72.2271 -19.0532 18
    endloop
  endfacet
  facet normal -0 0 1
    outer loop
      vertex 71.7017 -17.4364 18
      vertex 72.2271 -19.0532 18
      vertex 71.8902 -17.3583 18
    endloop
  endfacet
  facet normal 0 0 1
    outer loop
      vertex 72.2271 -19.0532 18
      vertex 71.7017 -17.4364 18
      vertex 71.7693 -19.1631 18
    endloop
  endfacet
  facet normal -0 0 1
    outer loop
      vertex 71.5034 -17.484 18
      vertex 71.7693 -19.1631 18
      vertex 71.7017 -17.4364 18
    endloop
  endfacet
  facet normal -0 0 1
    outer loop
      vertex 71.3 -17.5 18
      vertex 71.7693 -19.1631 18
      vertex 71.5034 -17.484 18
    endloop
  endfacet
  facet normal 0 0 1
    outer loop
      vertex 71.3 -17.5 18
      vertex 71.3 -19.2 18
      vertex 71.7693 -19.1631 18
    endloop
  endfacet
  facet normal 0 0 1
    outer loop
      vertex 71.0966 -17.484 18
      vertex 71.3 -19.2 18
      vertex 71.3 -17.5 18
    endloop
  endfacet
  facet normal 0 0 1
    outer loop
      vertex 70.8307 -19.1631 18
      vertex 71.0966 -17.484 18
      vertex 70.8983 -17.4364 18
    endloop
  endfacet
  facet normal 0 0 1
    outer loop
      vertex 71.0966 -17.484 18
      vertex 70.8307 -19.1631 18
      vertex 71.3 -19.2 18
    endloop
  endfacet
  facet normal 0 0 1
    outer loop
      vertex 70.3729 -19.0532 18
      vertex 70.8983 -17.4364 18
      vertex 70.7098 -17.3583 18
    endloop
  endfacet
  facet normal 0 0 1
    outer loop
      vertex 69.938 -18.873 18
      vertex 70.7098 -17.3583 18
      vertex 70.5359 -17.2517 18
    endloop
  endfacet
  facet normal 0 0 1
    outer loop
      vertex 69.5366 -18.6271 18
      vertex 70.5359 -17.2517 18
      vertex 70.3808 -17.1192 18
    endloop
  endfacet
  facet normal 0 0 1
    outer loop
      vertex 70.8983 -17.4364 18
      vertex 70.3729 -19.0532 18
      vertex 70.8307 -19.1631 18
    endloop
  endfacet
  facet normal 0 0 1
    outer loop
      vertex 69.1787 -18.3213 18
      vertex 70.3808 -17.1192 18
      vertex 70.2483 -16.9641 18
    endloop
  endfacet
  facet normal 0 0 1
    outer loop
      vertex 68.8729 -17.9634 18
      vertex 70.2483 -16.9641 18
      vertex 70.1417 -16.7902 18
    endloop
  endfacet
  facet normal 0 0 1
    outer loop
      vertex 68.627 -17.562 18
      vertex 70.1417 -16.7902 18
      vertex 70.0636 -16.6017 18
    endloop
  endfacet
  facet normal 0 0 1
    outer loop
      vertex 68.4468 -17.1271 18
      vertex 70.0636 -16.6017 18
      vertex 70.016 -16.4034 18
    endloop
  endfacet
  facet normal 0 0 1
    outer loop
      vertex 70.7098 -17.3583 18
      vertex 69.938 -18.873 18
      vertex 70.3729 -19.0532 18
    endloop
  endfacet
  facet normal 0 0 1
    outer loop
      vertex 68.3369 -16.6693 18
      vertex 70.016 -16.4034 18
      vertex 70 -16.2 18
    endloop
  endfacet
  facet normal -0 0 1
    outer loop
      vertex 68.627 -14.838 18
      vertex 70.1417 -15.6098 18
      vertex 68.8729 -14.4366 18
    endloop
  endfacet
  facet normal 0 0 1
    outer loop
      vertex 70.1417 -15.6098 18
      vertex 68.627 -14.838 18
      vertex 70.0636 -15.7983 18
    endloop
  endfacet
  facet normal 0 0 1
    outer loop
      vertex 70.5359 -17.2517 18
      vertex 69.5366 -18.6271 18
      vertex 69.938 -18.873 18
    endloop
  endfacet
  facet normal -0 0 1
    outer loop
      vertex 68.4468 -15.2729 18
      vertex 70.0636 -15.7983 18
      vertex 68.627 -14.838 18
    endloop
  endfacet
  facet normal 0 0 1
    outer loop
      vertex 70.3808 -17.1192 18
      vertex 69.1787 -18.3213 18
      vertex 69.5366 -18.6271 18
    endloop
  endfacet
  facet normal 0 0 1
    outer loop
      vertex 70.0636 -15.7983 18
      vertex 68.4468 -15.2729 18
      vertex 70.016 -15.9966 18
    endloop
  endfacet
  facet normal 0 0 1
    outer loop
      vertex 70.2483 -16.9641 18
      vertex 68.8729 -17.9634 18
      vertex 69.1787 -18.3213 18
    endloop
  endfacet
  facet normal -0 0 1
    outer loop
      vertex 68.3369 -15.7307 18
      vertex 70.016 -15.9966 18
      vertex 68.4468 -15.2729 18
    endloop
  endfacet
  facet normal 0 0 1
    outer loop
      vertex 70.1417 -16.7902 18
      vertex 68.627 -17.562 18
      vertex 68.8729 -17.9634 18
    endloop
  endfacet
  facet normal 0 0 1
    outer loop
      vertex 70.016 -15.9966 18
      vertex 68.3369 -15.7307 18
      vertex 70 -16.2 18
    endloop
  endfacet
  facet normal 0 0 1
    outer loop
      vertex 70.0636 -16.6017 18
      vertex 68.4468 -17.1271 18
      vertex 68.627 -17.562 18
    endloop
  endfacet
  facet normal 0 0 1
    outer loop
      vertex 68.3 -16.2 18
      vertex 70 -16.2 18
      vertex 68.3369 -15.7307 18
    endloop
  endfacet
  facet normal 0 0 1
    outer loop
      vertex 70.016 -16.4034 18
      vertex 68.3369 -16.6693 18
      vertex 68.4468 -17.1271 18
    endloop
  endfacet
  facet normal 0 0 1
    outer loop
      vertex 70 -16.2 18
      vertex 68.3 -16.2 18
      vertex 68.3369 -16.6693 18
    endloop
  endfacet
  facet normal 0.38279 0.923836 -0
    outer loop
      vertex 72.662 -13.527 3
      vertex 72.2271 -13.3468 18
      vertex 72.662 -13.527 18
    endloop
  endfacet
  facet normal 0.38279 0.923836 0
    outer loop
      vertex 72.2271 -13.3468 18
      vertex 72.662 -13.527 3
      vertex 72.2271 -13.3468 3
    endloop
  endfacet
  facet normal -0.522378 0.852714 0
    outer loop
      vertex 69.938 -13.527 3
      vertex 69.5366 -13.7729 18
      vertex 69.938 -13.527 18
    endloop
  endfacet
  facet normal -0.522378 0.852714 0
    outer loop
      vertex 69.5366 -13.7729 18
      vertex 69.938 -13.527 3
      vertex 69.5366 -13.7729 3
    endloop
  endfacet
  facet normal -0.923836 0.38279 0
    outer loop
      vertex 68.4468 -15.2729 3
      vertex 68.627 -14.838 18
      vertex 68.627 -14.838 3
    endloop
  endfacet
  facet normal -0.923836 0.38279 0
    outer loop
      vertex 68.627 -14.838 18
      vertex 68.4468 -15.2729 3
      vertex 68.4468 -15.2729 18
    endloop
  endfacet
  facet normal 0.852714 0.522378 0
    outer loop
      vertex 73.973 -14.838 18
      vertex 73.7271 -14.4366 3
      vertex 73.7271 -14.4366 18
    endloop
  endfacet
  facet normal 0.852714 0.522378 0
    outer loop
      vertex 73.7271 -14.4366 3
      vertex 73.973 -14.838 18
      vertex 73.973 -14.838 3
    endloop
  endfacet
  facet normal 0.923836 -0.38279 0
    outer loop
      vertex 73.973 -17.562 18
      vertex 74.1532 -17.1271 3
      vertex 74.1532 -17.1271 18
    endloop
  endfacet
  facet normal 0.923836 -0.38279 0
    outer loop
      vertex 74.1532 -17.1271 3
      vertex 73.973 -17.562 18
      vertex 73.973 -17.562 3
    endloop
  endfacet
  facet normal -0.0783858 0.996923 0
    outer loop
      vertex 71.3 -13.2 3
      vertex 70.8307 -13.2369 18
      vertex 71.3 -13.2 18
    endloop
  endfacet
  facet normal -0.0783858 0.996923 0
    outer loop
      vertex 70.8307 -13.2369 18
      vertex 71.3 -13.2 3
      vertex 70.8307 -13.2369 3
    endloop
  endfacet
  facet normal -0.923836 -0.38279 0
    outer loop
      vertex 68.627 -17.562 3
      vertex 68.4468 -17.1271 18
      vertex 68.4468 -17.1271 3
    endloop
  endfacet
  facet normal -0.923836 -0.38279 0
    outer loop
      vertex 68.4468 -17.1271 18
      vertex 68.627 -17.562 3
      vertex 68.627 -17.562 18
    endloop
  endfacet
  facet normal 0.923836 0.38279 0
    outer loop
      vertex 74.1532 -15.2729 18
      vertex 73.973 -14.838 3
      vertex 73.973 -14.838 18
    endloop
  endfacet
  facet normal 0.923836 0.38279 0
    outer loop
      vertex 73.973 -14.838 3
      vertex 74.1532 -15.2729 18
      vertex 74.1532 -15.2729 3
    endloop
  endfacet
  facet normal 0.760275 -0.649601 0
    outer loop
      vertex 73.4213 -18.3213 18
      vertex 73.7271 -17.9634 3
      vertex 73.7271 -17.9634 18
    endloop
  endfacet
  facet normal 0.760275 -0.649601 0
    outer loop
      vertex 73.7271 -17.9634 3
      vertex 73.4213 -18.3213 18
      vertex 73.4213 -18.3213 3
    endloop
  endfacet
  facet normal -0.972374 0.233429 0
    outer loop
      vertex 68.3369 -15.7307 3
      vertex 68.4468 -15.2729 18
      vertex 68.4468 -15.2729 3
    endloop
  endfacet
  facet normal -0.972374 0.233429 0
    outer loop
      vertex 68.4468 -15.2729 18
      vertex 68.3369 -15.7307 3
      vertex 68.3369 -15.7307 18
    endloop
  endfacet
  facet normal -0.649601 -0.760275 0
    outer loop
      vertex 69.1787 -18.3213 3
      vertex 69.5366 -18.6271 18
      vertex 69.1787 -18.3213 18
    endloop
  endfacet
  facet normal -0.649601 -0.760275 -0
    outer loop
      vertex 69.5366 -18.6271 18
      vertex 69.1787 -18.3213 3
      vertex 69.5366 -18.6271 3
    endloop
  endfacet
  facet normal -0.852714 -0.522378 0
    outer loop
      vertex 68.8729 -17.9634 3
      vertex 68.627 -17.562 18
      vertex 68.627 -17.562 3
    endloop
  endfacet
  facet normal -0.852714 -0.522378 0
    outer loop
      vertex 68.627 -17.562 18
      vertex 68.8729 -17.9634 3
      vertex 68.8729 -17.9634 18
    endloop
  endfacet
  facet normal -0.996923 -0.0783858 0
    outer loop
      vertex 68.3369 -16.6693 3
      vertex 68.3 -16.2 18
      vertex 68.3 -16.2 3
    endloop
  endfacet
  facet normal -0.996923 -0.0783858 0
    outer loop
      vertex 68.3 -16.2 18
      vertex 68.3369 -16.6693 3
      vertex 68.3369 -16.6693 18
    endloop
  endfacet
  facet normal -0.233453 0.972368 0
    outer loop
      vertex 8.6307 -13.2369 3
      vertex 8.17295 -13.3468 18
      vertex 8.6307 -13.2369 18
    endloop
  endfacet
  facet normal -0.233453 0.972368 0
    outer loop
      vertex 8.17295 -13.3468 18
      vertex 8.6307 -13.2369 3
      vertex 8.17295 -13.3468 3
    endloop
  endfacet
  facet normal 0.972374 0.233429 0
    outer loop
      vertex 12.0631 -15.7307 18
      vertex 11.9532 -15.2729 3
      vertex 11.9532 -15.2729 18
    endloop
  endfacet
  facet normal 0.972374 0.233429 0
    outer loop
      vertex 11.9532 -15.2729 3
      vertex 12.0631 -15.7307 18
      vertex 12.0631 -15.7307 3
    endloop
  endfacet
  facet normal 0.996923 0.0783858 0
    outer loop
      vertex 12.1 -16.2 18
      vertex 12.0631 -15.7307 3
      vertex 12.0631 -15.7307 18
    endloop
  endfacet
  facet normal 0.996923 0.0783858 0
    outer loop
      vertex 12.0631 -15.7307 3
      vertex 12.1 -16.2 18
      vertex 12.1 -16.2 3
    endloop
  endfacet
  facet normal -0.760349 -0.649515 0
    outer loop
      vertex 6.97868 -18.3213 3
      vertex 6.67295 -17.9634 18
      vertex 6.67295 -17.9634 3
    endloop
  endfacet
  facet normal -0.760349 -0.649515 0
    outer loop
      vertex 6.67295 -17.9634 18
      vertex 6.97868 -18.3213 3
      vertex 6.97868 -18.3213 18
    endloop
  endfacet
  facet normal 0.996923 -0.0783858 0
    outer loop
      vertex 12.0631 -16.6693 18
      vertex 12.1 -16.2 3
      vertex 12.1 -16.2 18
    endloop
  endfacet
  facet normal 0.996923 -0.0783858 0
    outer loop
      vertex 12.1 -16.2 3
      vertex 12.0631 -16.6693 18
      vertex 12.0631 -16.6693 3
    endloop
  endfacet
  facet normal 0.760275 0.649601 0
    outer loop
      vertex 11.5271 -14.4366 18
      vertex 11.2213 -14.0787 3
      vertex 11.2213 -14.0787 18
    endloop
  endfacet
  facet normal 0.760275 0.649601 0
    outer loop
      vertex 11.2213 -14.0787 3
      vertex 11.5271 -14.4366 18
      vertex 11.5271 -14.4366 3
    endloop
  endfacet
  facet normal 0.522378 0.852714 -0
    outer loop
      vertex 10.8634 -13.7729 3
      vertex 10.462 -13.527 18
      vertex 10.8634 -13.7729 18
    endloop
  endfacet
  facet normal 0.522378 0.852714 0
    outer loop
      vertex 10.462 -13.527 18
      vertex 10.8634 -13.7729 3
      vertex 10.462 -13.527 3
    endloop
  endfacet
  facet normal 0.0783858 0.996923 -0
    outer loop
      vertex 9.5693 -13.2369 3
      vertex 9.1 -13.2 18
      vertex 9.5693 -13.2369 18
    endloop
  endfacet
  facet normal 0.0783858 0.996923 0
    outer loop
      vertex 9.1 -13.2 18
      vertex 9.5693 -13.2369 3
      vertex 9.1 -13.2 3
    endloop
  endfacet
  facet normal -0.996918 -0.0784491 0
    outer loop
      vertex 6.13693 -16.6693 3
      vertex 6.1 -16.2 18
      vertex 6.1 -16.2 3
    endloop
  endfacet
  facet normal -0.996918 -0.0784491 0
    outer loop
      vertex 6.1 -16.2 18
      vertex 6.13693 -16.6693 3
      vertex 6.13693 -16.6693 18
    endloop
  endfacet
  facet normal -0.649538 0.760329 0
    outer loop
      vertex 7.33664 -13.7729 3
      vertex 6.97868 -14.0787 18
      vertex 7.33664 -13.7729 18
    endloop
  endfacet
  facet normal -0.649538 0.760329 0
    outer loop
      vertex 6.97868 -14.0787 18
      vertex 7.33664 -13.7729 3
      vertex 6.97868 -14.0787 3
    endloop
  endfacet
  facet normal -0.382775 -0.923842 0
    outer loop
      vertex 7.73803 -18.873 3
      vertex 8.17295 -19.0532 18
      vertex 7.73803 -18.873 18
    endloop
  endfacet
  facet normal -0.382775 -0.923842 -0
    outer loop
      vertex 8.17295 -19.0532 18
      vertex 7.73803 -18.873 3
      vertex 8.17295 -19.0532 3
    endloop
  endfacet
  facet normal 0.38279 -0.923836 0
    outer loop
      vertex 10.0271 -19.0532 3
      vertex 10.462 -18.873 18
      vertex 10.0271 -19.0532 18
    endloop
  endfacet
  facet normal 0.38279 -0.923836 0
    outer loop
      vertex 10.462 -18.873 18
      vertex 10.0271 -19.0532 3
      vertex 10.462 -18.873 3
    endloop
  endfacet
  facet normal 0.972374 -0.233429 0
    outer loop
      vertex 11.9532 -17.1271 18
      vertex 12.0631 -16.6693 3
      vertex 12.0631 -16.6693 18
    endloop
  endfacet
  facet normal 0.972374 -0.233429 0
    outer loop
      vertex 12.0631 -16.6693 3
      vertex 11.9532 -17.1271 18
      vertex 11.9532 -17.1271 3
    endloop
  endfacet
  facet normal -0.522387 0.852708 0
    outer loop
      vertex 7.73803 -13.527 3
      vertex 7.33664 -13.7729 18
      vertex 7.73803 -13.527 18
    endloop
  endfacet
  facet normal -0.522387 0.852708 0
    outer loop
      vertex 7.33664 -13.7729 18
      vertex 7.73803 -13.527 3
      vertex 7.33664 -13.7729 3
    endloop
  endfacet
  facet normal -0.649538 -0.760329 0
    outer loop
      vertex 6.97868 -18.3213 3
      vertex 7.33664 -18.6271 18
      vertex 6.97868 -18.3213 18
    endloop
  endfacet
  facet normal -0.649538 -0.760329 -0
    outer loop
      vertex 7.33664 -18.6271 18
      vertex 6.97868 -18.3213 3
      vertex 7.33664 -18.6271 3
    endloop
  endfacet
  facet normal 0.923836 -0.38279 0
    outer loop
      vertex 11.773 -17.562 18
      vertex 11.9532 -17.1271 3
      vertex 11.9532 -17.1271 18
    endloop
  endfacet
  facet normal 0.923836 -0.38279 0
    outer loop
      vertex 11.9532 -17.1271 3
      vertex 11.773 -17.562 18
      vertex 11.773 -17.562 3
    endloop
  endfacet
  facet normal -0.972374 -0.233429 0
    outer loop
      vertex 6.24683 -17.1271 3
      vertex 6.13693 -16.6693 18
      vertex 6.13693 -16.6693 3
    endloop
  endfacet
  facet normal -0.972374 -0.233429 0
    outer loop
      vertex 6.13693 -16.6693 18
      vertex 6.24683 -17.1271 3
      vertex 6.24683 -17.1271 18
    endloop
  endfacet
  facet normal -0.382775 0.923842 0
    outer loop
      vertex 8.17295 -13.3468 3
      vertex 7.73803 -13.527 18
      vertex 8.17295 -13.3468 18
    endloop
  endfacet
  facet normal -0.382775 0.923842 0
    outer loop
      vertex 7.73803 -13.527 18
      vertex 8.17295 -13.3468 3
      vertex 7.73803 -13.527 3
    endloop
  endfacet
  facet normal 0.852714 -0.522378 0
    outer loop
      vertex 11.5271 -17.9634 18
      vertex 11.773 -17.562 3
      vertex 11.773 -17.562 18
    endloop
  endfacet
  facet normal 0.852714 -0.522378 0
    outer loop
      vertex 11.773 -17.562 3
      vertex 11.5271 -17.9634 18
      vertex 11.5271 -17.9634 3
    endloop
  endfacet
  facet normal 0.0783858 -0.996923 0
    outer loop
      vertex 9.1 -19.2 3
      vertex 9.5693 -19.1631 18
      vertex 9.1 -19.2 18
    endloop
  endfacet
  facet normal 0.0783858 -0.996923 0
    outer loop
      vertex 9.5693 -19.1631 18
      vertex 9.1 -19.2 3
      vertex 9.5693 -19.1631 3
    endloop
  endfacet
  facet normal 0.233429 0.972374 -0
    outer loop
      vertex 10.0271 -13.3468 3
      vertex 9.5693 -13.2369 18
      vertex 10.0271 -13.3468 18
    endloop
  endfacet
  facet normal 0.233429 0.972374 0
    outer loop
      vertex 9.5693 -13.2369 18
      vertex 10.0271 -13.3468 3
      vertex 9.5693 -13.2369 3
    endloop
  endfacet
  facet normal -0.522387 -0.852708 0
    outer loop
      vertex 7.33664 -18.6271 3
      vertex 7.73803 -18.873 18
      vertex 7.33664 -18.6271 18
    endloop
  endfacet
  facet normal -0.522387 -0.852708 -0
    outer loop
      vertex 7.73803 -18.873 18
      vertex 7.33664 -18.6271 3
      vertex 7.73803 -18.873 3
    endloop
  endfacet
  facet normal -0.0783858 -0.996923 0
    outer loop
      vertex 8.6307 -19.1631 3
      vertex 9.1 -19.2 18
      vertex 8.6307 -19.1631 18
    endloop
  endfacet
  facet normal -0.0783858 -0.996923 -0
    outer loop
      vertex 9.1 -19.2 18
      vertex 8.6307 -19.1631 3
      vertex 9.1 -19.2 3
    endloop
  endfacet
  facet normal 0.649601 0.760275 -0
    outer loop
      vertex 11.2213 -14.0787 3
      vertex 10.8634 -13.7729 18
      vertex 11.2213 -14.0787 18
    endloop
  endfacet
  facet normal 0.649601 0.760275 0
    outer loop
      vertex 10.8634 -13.7729 18
      vertex 11.2213 -14.0787 3
      vertex 10.8634 -13.7729 3
    endloop
  endfacet
  facet normal 0.233429 -0.972374 0
    outer loop
      vertex 9.5693 -19.1631 3
      vertex 10.0271 -19.0532 18
      vertex 9.5693 -19.1631 18
    endloop
  endfacet
  facet normal 0.233429 -0.972374 0
    outer loop
      vertex 10.0271 -19.0532 18
      vertex 9.5693 -19.1631 3
      vertex 10.0271 -19.0532 3
    endloop
  endfacet
  facet normal 0.38279 0.923836 -0
    outer loop
      vertex 10.462 -13.527 3
      vertex 10.0271 -13.3468 18
      vertex 10.462 -13.527 18
    endloop
  endfacet
  facet normal 0.38279 0.923836 0
    outer loop
      vertex 10.0271 -13.3468 18
      vertex 10.462 -13.527 3
      vertex 10.0271 -13.3468 3
    endloop
  endfacet
  facet normal -0.852648 -0.522486 0
    outer loop
      vertex 6.67295 -17.9634 3
      vertex 6.42698 -17.562 18
      vertex 6.42698 -17.562 3
    endloop
  endfacet
  facet normal -0.852648 -0.522486 0
    outer loop
      vertex 6.42698 -17.562 18
      vertex 6.67295 -17.9634 3
      vertex 6.67295 -17.9634 18
    endloop
  endfacet
  facet normal 0.852714 0.522378 0
    outer loop
      vertex 11.773 -14.838 18
      vertex 11.5271 -14.4366 3
      vertex 11.5271 -14.4366 18
    endloop
  endfacet
  facet normal 0.852714 0.522378 0
    outer loop
      vertex 11.5271 -14.4366 3
      vertex 11.773 -14.838 18
      vertex 11.773 -14.838 3
    endloop
  endfacet
  facet normal -0.0783858 0.996923 0
    outer loop
      vertex 9.1 -13.2 3
      vertex 8.6307 -13.2369 18
      vertex 9.1 -13.2 18
    endloop
  endfacet
  facet normal -0.0783858 0.996923 0
    outer loop
      vertex 8.6307 -13.2369 18
      vertex 9.1 -13.2 3
      vertex 8.6307 -13.2369 3
    endloop
  endfacet
  facet normal -0.972374 0.233429 0
    outer loop
      vertex 6.13693 -15.7307 3
      vertex 6.24683 -15.2729 18
      vertex 6.24683 -15.2729 3
    endloop
  endfacet
  facet normal -0.972374 0.233429 0
    outer loop
      vertex 6.24683 -15.2729 18
      vertex 6.13693 -15.7307 3
      vertex 6.13693 -15.7307 18
    endloop
  endfacet
  facet normal -0.923873 -0.382699 0
    outer loop
      vertex 6.42698 -17.562 3
      vertex 6.24683 -17.1271 18
      vertex 6.24683 -17.1271 3
    endloop
  endfacet
  facet normal -0.923873 -0.382699 0
    outer loop
      vertex 6.24683 -17.1271 18
      vertex 6.42698 -17.562 3
      vertex 6.42698 -17.562 18
    endloop
  endfacet
  facet normal 0.522378 -0.852714 0
    outer loop
      vertex 10.462 -18.873 3
      vertex 10.8634 -18.6271 18
      vertex 10.462 -18.873 18
    endloop
  endfacet
  facet normal 0.522378 -0.852714 0
    outer loop
      vertex 10.8634 -18.6271 18
      vertex 10.462 -18.873 3
      vertex 10.8634 -18.6271 3
    endloop
  endfacet
  facet normal 0.923836 0.38279 0
    outer loop
      vertex 11.9532 -15.2729 18
      vertex 11.773 -14.838 3
      vertex 11.773 -14.838 18
    endloop
  endfacet
  facet normal 0.923836 0.38279 0
    outer loop
      vertex 11.773 -14.838 3
      vertex 11.9532 -15.2729 18
      vertex 11.9532 -15.2729 3
    endloop
  endfacet
  facet normal -0.760349 0.649515 0
    outer loop
      vertex 6.67295 -14.4366 3
      vertex 6.97868 -14.0787 18
      vertex 6.97868 -14.0787 3
    endloop
  endfacet
  facet normal -0.760349 0.649515 0
    outer loop
      vertex 6.97868 -14.0787 18
      vertex 6.67295 -14.4366 3
      vertex 6.67295 -14.4366 18
    endloop
  endfacet
  facet normal -0.996918 0.0784491 0
    outer loop
      vertex 6.1 -16.2 3
      vertex 6.13693 -15.7307 18
      vertex 6.13693 -15.7307 3
    endloop
  endfacet
  facet normal -0.996918 0.0784491 0
    outer loop
      vertex 6.13693 -15.7307 18
      vertex 6.1 -16.2 3
      vertex 6.1 -16.2 18
    endloop
  endfacet
  facet normal -0.233453 -0.972368 0
    outer loop
      vertex 8.17295 -19.0532 3
      vertex 8.6307 -19.1631 18
      vertex 8.17295 -19.0532 18
    endloop
  endfacet
  facet normal -0.233453 -0.972368 -0
    outer loop
      vertex 8.6307 -19.1631 18
      vertex 8.17295 -19.0532 3
      vertex 8.6307 -19.1631 3
    endloop
  endfacet
  facet normal 0 0 1
    outer loop
      vertex 10.4 -16.2 18
      vertex 12.1 -16.2 18
      vertex 12.0631 -15.7307 18
    endloop
  endfacet
  facet normal 0 0 1
    outer loop
      vertex 10.384 -15.9966 18
      vertex 12.0631 -15.7307 18
      vertex 11.9532 -15.2729 18
    endloop
  endfacet
  facet normal 0 0 1
    outer loop
      vertex 12.1 -16.2 18
      vertex 10.4 -16.2 18
      vertex 12.0631 -16.6693 18
    endloop
  endfacet
  facet normal 0 0 1
    outer loop
      vertex 10.3364 -15.7983 18
      vertex 11.9532 -15.2729 18
      vertex 11.773 -14.838 18
    endloop
  endfacet
  facet normal -0 0 1
    outer loop
      vertex 10.384 -16.4034 18
      vertex 12.0631 -16.6693 18
      vertex 10.4 -16.2 18
    endloop
  endfacet
  facet normal 0 0 1
    outer loop
      vertex 10.2583 -15.6098 18
      vertex 11.773 -14.838 18
      vertex 11.5271 -14.4366 18
    endloop
  endfacet
  facet normal 0 0 1
    outer loop
      vertex 12.0631 -16.6693 18
      vertex 10.384 -16.4034 18
      vertex 11.9532 -17.1271 18
    endloop
  endfacet
  facet normal 0 0 1
    outer loop
      vertex 10.1517 -15.4359 18
      vertex 11.5271 -14.4366 18
      vertex 11.2213 -14.0787 18
    endloop
  endfacet
  facet normal -0 0 1
    outer loop
      vertex 10.3364 -16.6017 18
      vertex 11.9532 -17.1271 18
      vertex 10.384 -16.4034 18
    endloop
  endfacet
  facet normal 0 0 1
    outer loop
      vertex 10.0192 -15.2808 18
      vertex 11.2213 -14.0787 18
      vertex 10.8634 -13.7729 18
    endloop
  endfacet
  facet normal 0 0 1
    outer loop
      vertex 11.9532 -17.1271 18
      vertex 10.3364 -16.6017 18
      vertex 11.773 -17.562 18
    endloop
  endfacet
  facet normal 0 0 1
    outer loop
      vertex 9.86412 -15.1483 18
      vertex 10.8634 -13.7729 18
      vertex 10.462 -13.527 18
    endloop
  endfacet
  facet normal -0 0 1
    outer loop
      vertex 10.2583 -16.7902 18
      vertex 11.773 -17.562 18
      vertex 10.3364 -16.6017 18
    endloop
  endfacet
  facet normal 0 0 1
    outer loop
      vertex 11.773 -17.562 18
      vertex 10.2583 -16.7902 18
      vertex 11.5271 -17.9634 18
    endloop
  endfacet
  facet normal 0 0 1
    outer loop
      vertex 12.0631 -15.7307 18
      vertex 10.384 -15.9966 18
      vertex 10.4 -16.2 18
    endloop
  endfacet
  facet normal 0 0 1
    outer loop
      vertex 11.9532 -15.2729 18
      vertex 10.3364 -15.7983 18
      vertex 10.384 -15.9966 18
    endloop
  endfacet
  facet normal 0 0 1
    outer loop
      vertex 11.773 -14.838 18
      vertex 10.2583 -15.6098 18
      vertex 10.3364 -15.7983 18
    endloop
  endfacet
  facet normal 0 0 1
    outer loop
      vertex 11.5271 -14.4366 18
      vertex 10.1517 -15.4359 18
      vertex 10.2583 -15.6098 18
    endloop
  endfacet
  facet normal 0 0 1
    outer loop
      vertex 9.69019 -15.0417 18
      vertex 10.462 -13.527 18
      vertex 10.0271 -13.3468 18
    endloop
  endfacet
  facet normal 0 0 1
    outer loop
      vertex 11.2213 -14.0787 18
      vertex 10.0192 -15.2808 18
      vertex 10.1517 -15.4359 18
    endloop
  endfacet
  facet normal 0 0 1
    outer loop
      vertex 10.8634 -13.7729 18
      vertex 9.86412 -15.1483 18
      vertex 10.0192 -15.2808 18
    endloop
  endfacet
  facet normal 0 0 1
    outer loop
      vertex 10.462 -13.527 18
      vertex 9.69019 -15.0417 18
      vertex 9.86412 -15.1483 18
    endloop
  endfacet
  facet normal 0 0 1
    outer loop
      vertex 9.50172 -14.9636 18
      vertex 10.0271 -13.3468 18
      vertex 9.5693 -13.2369 18
    endloop
  endfacet
  facet normal 0 0 1
    outer loop
      vertex 10.0271 -13.3468 18
      vertex 9.50172 -14.9636 18
      vertex 9.69019 -15.0417 18
    endloop
  endfacet
  facet normal 0 0 1
    outer loop
      vertex 9.5693 -13.2369 18
      vertex 9.30336 -14.916 18
      vertex 9.50172 -14.9636 18
    endloop
  endfacet
  facet normal 0 0 1
    outer loop
      vertex 9.1 -13.2 18
      vertex 9.30336 -14.916 18
      vertex 9.5693 -13.2369 18
    endloop
  endfacet
  facet normal 0 0 1
    outer loop
      vertex 9.1 -13.2 18
      vertex 9.1 -14.9 18
      vertex 9.30336 -14.916 18
    endloop
  endfacet
  facet normal 0 0 1
    outer loop
      vertex 9.1 -13.2 18
      vertex 8.89664 -14.916 18
      vertex 9.1 -14.9 18
    endloop
  endfacet
  facet normal -0 0 1
    outer loop
      vertex 8.6307 -13.2369 18
      vertex 8.89664 -14.916 18
      vertex 9.1 -13.2 18
    endloop
  endfacet
  facet normal 0 0 1
    outer loop
      vertex 8.89664 -14.916 18
      vertex 8.6307 -13.2369 18
      vertex 8.69828 -14.9636 18
    endloop
  endfacet
  facet normal -0 0 1
    outer loop
      vertex 8.17295 -13.3468 18
      vertex 8.69828 -14.9636 18
      vertex 8.6307 -13.2369 18
    endloop
  endfacet
  facet normal 0 0 1
    outer loop
      vertex 8.69828 -14.9636 18
      vertex 8.17295 -13.3468 18
      vertex 8.50981 -15.0417 18
    endloop
  endfacet
  facet normal -0 0 1
    outer loop
      vertex 7.73803 -13.527 18
      vertex 8.50981 -15.0417 18
      vertex 8.17295 -13.3468 18
    endloop
  endfacet
  facet normal 0 0 1
    outer loop
      vertex 8.50981 -15.0417 18
      vertex 7.73803 -13.527 18
      vertex 8.33588 -15.1483 18
    endloop
  endfacet
  facet normal -0 0 1
    outer loop
      vertex 7.33664 -13.7729 18
      vertex 8.33588 -15.1483 18
      vertex 7.73803 -13.527 18
    endloop
  endfacet
  facet normal 0 0 1
    outer loop
      vertex 8.33588 -15.1483 18
      vertex 7.33664 -13.7729 18
      vertex 8.18076 -15.2808 18
    endloop
  endfacet
  facet normal -0 0 1
    outer loop
      vertex 6.97868 -14.0787 18
      vertex 8.18076 -15.2808 18
      vertex 7.33664 -13.7729 18
    endloop
  endfacet
  facet normal 0 0 1
    outer loop
      vertex 8.18076 -15.2808 18
      vertex 6.97868 -14.0787 18
      vertex 8.04828 -15.4359 18
    endloop
  endfacet
  facet normal 0 0 1
    outer loop
      vertex 8.04828 -15.4359 18
      vertex 6.67295 -14.4366 18
      vertex 7.94169 -15.6098 18
    endloop
  endfacet
  facet normal -0 0 1
    outer loop
      vertex 6.67295 -14.4366 18
      vertex 8.04828 -15.4359 18
      vertex 6.97868 -14.0787 18
    endloop
  endfacet
  facet normal -0 0 1
    outer loop
      vertex 10.1517 -16.9641 18
      vertex 11.5271 -17.9634 18
      vertex 10.2583 -16.7902 18
    endloop
  endfacet
  facet normal 0 0 1
    outer loop
      vertex 11.5271 -17.9634 18
      vertex 10.1517 -16.9641 18
      vertex 11.2213 -18.3213 18
    endloop
  endfacet
  facet normal -0 0 1
    outer loop
      vertex 10.0192 -17.1192 18
      vertex 11.2213 -18.3213 18
      vertex 10.1517 -16.9641 18
    endloop
  endfacet
  facet normal 0 0 1
    outer loop
      vertex 11.2213 -18.3213 18
      vertex 10.0192 -17.1192 18
      vertex 10.8634 -18.6271 18
    endloop
  endfacet
  facet normal -0 0 1
    outer loop
      vertex 9.86412 -17.2517 18
      vertex 10.8634 -18.6271 18
      vertex 10.0192 -17.1192 18
    endloop
  endfacet
  facet normal 0 0 1
    outer loop
      vertex 10.8634 -18.6271 18
      vertex 9.86412 -17.2517 18
      vertex 10.462 -18.873 18
    endloop
  endfacet
  facet normal -0 0 1
    outer loop
      vertex 9.69019 -17.3583 18
      vertex 10.462 -18.873 18
      vertex 9.86412 -17.2517 18
    endloop
  endfacet
  facet normal 0 0 1
    outer loop
      vertex 10.462 -18.873 18
      vertex 9.69019 -17.3583 18
      vertex 10.0271 -19.0532 18
    endloop
  endfacet
  facet normal -0 0 1
    outer loop
      vertex 9.50172 -17.4364 18
      vertex 10.0271 -19.0532 18
      vertex 9.69019 -17.3583 18
    endloop
  endfacet
  facet normal 0 0 1
    outer loop
      vertex 10.0271 -19.0532 18
      vertex 9.50172 -17.4364 18
      vertex 9.5693 -19.1631 18
    endloop
  endfacet
  facet normal -0 0 1
    outer loop
      vertex 9.30336 -17.484 18
      vertex 9.5693 -19.1631 18
      vertex 9.50172 -17.4364 18
    endloop
  endfacet
  facet normal -0 0 1
    outer loop
      vertex 9.1 -17.5 18
      vertex 9.5693 -19.1631 18
      vertex 9.30336 -17.484 18
    endloop
  endfacet
  facet normal 0 0 1
    outer loop
      vertex 9.1 -17.5 18
      vertex 9.1 -19.2 18
      vertex 9.5693 -19.1631 18
    endloop
  endfacet
  facet normal 0 0 1
    outer loop
      vertex 8.89664 -17.484 18
      vertex 9.1 -19.2 18
      vertex 9.1 -17.5 18
    endloop
  endfacet
  facet normal 0 0 1
    outer loop
      vertex 8.6307 -19.1631 18
      vertex 8.89664 -17.484 18
      vertex 8.69828 -17.4364 18
    endloop
  endfacet
  facet normal 0 0 1
    outer loop
      vertex 8.89664 -17.484 18
      vertex 8.6307 -19.1631 18
      vertex 9.1 -19.2 18
    endloop
  endfacet
  facet normal 0 0 1
    outer loop
      vertex 8.17295 -19.0532 18
      vertex 8.69828 -17.4364 18
      vertex 8.50981 -17.3583 18
    endloop
  endfacet
  facet normal 0 0 1
    outer loop
      vertex 7.73803 -18.873 18
      vertex 8.50981 -17.3583 18
      vertex 8.33588 -17.2517 18
    endloop
  endfacet
  facet normal 0 0 1
    outer loop
      vertex 7.33664 -18.6271 18
      vertex 8.33588 -17.2517 18
      vertex 8.18076 -17.1192 18
    endloop
  endfacet
  facet normal 0 0 1
    outer loop
      vertex 8.69828 -17.4364 18
      vertex 8.17295 -19.0532 18
      vertex 8.6307 -19.1631 18
    endloop
  endfacet
  facet normal 0 0 1
    outer loop
      vertex 6.97868 -18.3213 18
      vertex 8.18076 -17.1192 18
      vertex 8.04828 -16.9641 18
    endloop
  endfacet
  facet normal 0 0 1
    outer loop
      vertex 6.67295 -17.9634 18
      vertex 8.04828 -16.9641 18
      vertex 7.94169 -16.7902 18
    endloop
  endfacet
  facet normal 0 0 1
    outer loop
      vertex 6.42698 -17.562 18
      vertex 7.94169 -16.7902 18
      vertex 7.86363 -16.6017 18
    endloop
  endfacet
  facet normal 0 0 1
    outer loop
      vertex 6.24683 -17.1271 18
      vertex 7.86363 -16.6017 18
      vertex 7.816 -16.4034 18
    endloop
  endfacet
  facet normal 0 0 1
    outer loop
      vertex 8.50981 -17.3583 18
      vertex 7.73803 -18.873 18
      vertex 8.17295 -19.0532 18
    endloop
  endfacet
  facet normal 0 0 1
    outer loop
      vertex 6.13693 -16.6693 18
      vertex 7.816 -16.4034 18
      vertex 7.8 -16.2 18
    endloop
  endfacet
  facet normal -0 0 1
    outer loop
      vertex 6.42698 -14.838 18
      vertex 7.94169 -15.6098 18
      vertex 6.67295 -14.4366 18
    endloop
  endfacet
  facet normal 0 0 1
    outer loop
      vertex 7.94169 -15.6098 18
      vertex 6.42698 -14.838 18
      vertex 7.86363 -15.7983 18
    endloop
  endfacet
  facet normal 0 0 1
    outer loop
      vertex 8.33588 -17.2517 18
      vertex 7.33664 -18.6271 18
      vertex 7.73803 -18.873 18
    endloop
  endfacet
  facet normal -0 0 1
    outer loop
      vertex 6.24683 -15.2729 18
      vertex 7.86363 -15.7983 18
      vertex 6.42698 -14.838 18
    endloop
  endfacet
  facet normal 0 0 1
    outer loop
      vertex 8.18076 -17.1192 18
      vertex 6.97868 -18.3213 18
      vertex 7.33664 -18.6271 18
    endloop
  endfacet
  facet normal 0 0 1
    outer loop
      vertex 7.86363 -15.7983 18
      vertex 6.24683 -15.2729 18
      vertex 7.816 -15.9966 18
    endloop
  endfacet
  facet normal 0 0 1
    outer loop
      vertex 8.04828 -16.9641 18
      vertex 6.67295 -17.9634 18
      vertex 6.97868 -18.3213 18
    endloop
  endfacet
  facet normal -0 0 1
    outer loop
      vertex 6.13693 -15.7307 18
      vertex 7.816 -15.9966 18
      vertex 6.24683 -15.2729 18
    endloop
  endfacet
  facet normal 0 0 1
    outer loop
      vertex 7.94169 -16.7902 18
      vertex 6.42698 -17.562 18
      vertex 6.67295 -17.9634 18
    endloop
  endfacet
  facet normal 0 0 1
    outer loop
      vertex 7.816 -15.9966 18
      vertex 6.13693 -15.7307 18
      vertex 7.8 -16.2 18
    endloop
  endfacet
  facet normal 0 0 1
    outer loop
      vertex 7.86363 -16.6017 18
      vertex 6.24683 -17.1271 18
      vertex 6.42698 -17.562 18
    endloop
  endfacet
  facet normal 0 0 1
    outer loop
      vertex 6.1 -16.2 18
      vertex 7.8 -16.2 18
      vertex 6.13693 -15.7307 18
    endloop
  endfacet
  facet normal 0 0 1
    outer loop
      vertex 7.816 -16.4034 18
      vertex 6.13693 -16.6693 18
      vertex 6.24683 -17.1271 18
    endloop
  endfacet
  facet normal 0 0 1
    outer loop
      vertex 7.8 -16.2 18
      vertex 6.1 -16.2 18
      vertex 6.13693 -16.6693 18
    endloop
  endfacet
  facet normal -0.923873 0.382699 0
    outer loop
      vertex 6.24683 -15.2729 3
      vertex 6.42698 -14.838 18
      vertex 6.42698 -14.838 3
    endloop
  endfacet
  facet normal -0.923873 0.382699 0
    outer loop
      vertex 6.42698 -14.838 18
      vertex 6.24683 -15.2729 3
      vertex 6.24683 -15.2729 18
    endloop
  endfacet
  facet normal 0.649601 -0.760275 0
    outer loop
      vertex 10.8634 -18.6271 3
      vertex 11.2213 -18.3213 18
      vertex 10.8634 -18.6271 18
    endloop
  endfacet
  facet normal 0.649601 -0.760275 0
    outer loop
      vertex 11.2213 -18.3213 18
      vertex 10.8634 -18.6271 3
      vertex 11.2213 -18.3213 3
    endloop
  endfacet
  facet normal 0.760275 -0.649601 0
    outer loop
      vertex 11.2213 -18.3213 18
      vertex 11.5271 -17.9634 3
      vertex 11.5271 -17.9634 18
    endloop
  endfacet
  facet normal 0.760275 -0.649601 0
    outer loop
      vertex 11.5271 -17.9634 3
      vertex 11.2213 -18.3213 18
      vertex 11.2213 -18.3213 3
    endloop
  endfacet
  facet normal -0.852648 0.522486 0
    outer loop
      vertex 6.42698 -14.838 3
      vertex 6.67295 -14.4366 18
      vertex 6.67295 -14.4366 3
    endloop
  endfacet
  facet normal -0.852648 0.522486 0
    outer loop
      vertex 6.67295 -14.4366 18
      vertex 6.42698 -14.838 3
      vertex 6.42698 -14.838 18
    endloop
  endfacet
  facet normal -0.233429 0.972374 0
    outer loop
      vertex 70.8307 -42.2369 3
      vertex 70.3729 -42.3468 18
      vertex 70.8307 -42.2369 18
    endloop
  endfacet
  facet normal -0.233429 0.972374 0
    outer loop
      vertex 70.3729 -42.3468 18
      vertex 70.8307 -42.2369 3
      vertex 70.3729 -42.3468 3
    endloop
  endfacet
  facet normal 0.972374 0.233429 0
    outer loop
      vertex 74.2631 -44.7307 18
      vertex 74.1532 -44.2729 3
      vertex 74.1532 -44.2729 18
    endloop
  endfacet
  facet normal 0.972374 0.233429 0
    outer loop
      vertex 74.1532 -44.2729 3
      vertex 74.2631 -44.7307 18
      vertex 74.2631 -44.7307 3
    endloop
  endfacet
  facet normal 0.996923 0.0783858 0
    outer loop
      vertex 74.3 -45.2 18
      vertex 74.2631 -44.7307 3
      vertex 74.2631 -44.7307 18
    endloop
  endfacet
  facet normal 0.996923 0.0783858 0
    outer loop
      vertex 74.2631 -44.7307 3
      vertex 74.3 -45.2 18
      vertex 74.3 -45.2 3
    endloop
  endfacet
  facet normal -0.38279 0.923836 0
    outer loop
      vertex 70.3729 -42.3468 3
      vertex 69.938 -42.527 18
      vertex 70.3729 -42.3468 18
    endloop
  endfacet
  facet normal -0.38279 0.923836 0
    outer loop
      vertex 69.938 -42.527 18
      vertex 70.3729 -42.3468 3
      vertex 69.938 -42.527 3
    endloop
  endfacet
  facet normal 0.0783858 -0.996923 0
    outer loop
      vertex 71.3 -48.2 3
      vertex 71.7693 -48.1631 18
      vertex 71.3 -48.2 18
    endloop
  endfacet
  facet normal 0.0783858 -0.996923 0
    outer loop
      vertex 71.7693 -48.1631 18
      vertex 71.3 -48.2 3
      vertex 71.7693 -48.1631 3
    endloop
  endfacet
  facet normal 0.996923 -0.0783858 0
    outer loop
      vertex 74.2631 -45.6693 18
      vertex 74.3 -45.2 3
      vertex 74.3 -45.2 18
    endloop
  endfacet
  facet normal 0.996923 -0.0783858 0
    outer loop
      vertex 74.3 -45.2 3
      vertex 74.2631 -45.6693 18
      vertex 74.2631 -45.6693 3
    endloop
  endfacet
  facet normal 0.760275 0.649601 0
    outer loop
      vertex 73.7271 -43.4366 18
      vertex 73.4213 -43.0787 3
      vertex 73.4213 -43.0787 18
    endloop
  endfacet
  facet normal 0.760275 0.649601 0
    outer loop
      vertex 73.4213 -43.0787 3
      vertex 73.7271 -43.4366 18
      vertex 73.7271 -43.4366 3
    endloop
  endfacet
  facet normal 0.522378 0.852714 -0
    outer loop
      vertex 73.0634 -42.7729 3
      vertex 72.662 -42.527 18
      vertex 73.0634 -42.7729 18
    endloop
  endfacet
  facet normal 0.522378 0.852714 0
    outer loop
      vertex 72.662 -42.527 18
      vertex 73.0634 -42.7729 3
      vertex 72.662 -42.527 3
    endloop
  endfacet
  facet normal -0.760275 0.649601 0
    outer loop
      vertex 68.8729 -43.4366 3
      vertex 69.1787 -43.0787 18
      vertex 69.1787 -43.0787 3
    endloop
  endfacet
  facet normal -0.760275 0.649601 0
    outer loop
      vertex 69.1787 -43.0787 18
      vertex 68.8729 -43.4366 3
      vertex 68.8729 -43.4366 18
    endloop
  endfacet
  facet normal -0.996923 0.0783858 0
    outer loop
      vertex 68.3 -45.2 3
      vertex 68.3369 -44.7307 18
      vertex 68.3369 -44.7307 3
    endloop
  endfacet
  facet normal -0.996923 0.0783858 0
    outer loop
      vertex 68.3369 -44.7307 18
      vertex 68.3 -45.2 3
      vertex 68.3 -45.2 18
    endloop
  endfacet
  facet normal 0.0783858 0.996923 -0
    outer loop
      vertex 71.7693 -42.2369 3
      vertex 71.3 -42.2 18
      vertex 71.7693 -42.2369 18
    endloop
  endfacet
  facet normal 0.0783858 0.996923 0
    outer loop
      vertex 71.3 -42.2 18
      vertex 71.7693 -42.2369 3
      vertex 71.3 -42.2 3
    endloop
  endfacet
  facet normal 0.972374 -0.233429 0
    outer loop
      vertex 74.1532 -46.1271 18
      vertex 74.2631 -45.6693 3
      vertex 74.2631 -45.6693 18
    endloop
  endfacet
  facet normal 0.972374 -0.233429 0
    outer loop
      vertex 74.2631 -45.6693 3
      vertex 74.1532 -46.1271 18
      vertex 74.1532 -46.1271 3
    endloop
  endfacet
  facet normal -0.649601 0.760275 0
    outer loop
      vertex 69.5366 -42.7729 3
      vertex 69.1787 -43.0787 18
      vertex 69.5366 -42.7729 18
    endloop
  endfacet
  facet normal -0.649601 0.760275 0
    outer loop
      vertex 69.1787 -43.0787 18
      vertex 69.5366 -42.7729 3
      vertex 69.1787 -43.0787 3
    endloop
  endfacet
  facet normal -0.522378 -0.852714 0
    outer loop
      vertex 69.5366 -47.6271 3
      vertex 69.938 -47.873 18
      vertex 69.5366 -47.6271 18
    endloop
  endfacet
  facet normal -0.522378 -0.852714 -0
    outer loop
      vertex 69.938 -47.873 18
      vertex 69.5366 -47.6271 3
      vertex 69.938 -47.873 3
    endloop
  endfacet
  facet normal 0.38279 -0.923836 0
    outer loop
      vertex 72.2271 -48.0532 3
      vertex 72.662 -47.873 18
      vertex 72.2271 -48.0532 18
    endloop
  endfacet
  facet normal 0.38279 -0.923836 0
    outer loop
      vertex 72.662 -47.873 18
      vertex 72.2271 -48.0532 3
      vertex 72.662 -47.873 3
    endloop
  endfacet
  facet normal 0.852714 -0.522378 0
    outer loop
      vertex 73.7271 -46.9634 18
      vertex 73.973 -46.562 3
      vertex 73.973 -46.562 18
    endloop
  endfacet
  facet normal 0.852714 -0.522378 0
    outer loop
      vertex 73.973 -46.562 3
      vertex 73.7271 -46.9634 18
      vertex 73.7271 -46.9634 3
    endloop
  endfacet
  facet normal -0.233429 -0.972374 0
    outer loop
      vertex 70.3729 -48.0532 3
      vertex 70.8307 -48.1631 18
      vertex 70.3729 -48.0532 18
    endloop
  endfacet
  facet normal -0.233429 -0.972374 -0
    outer loop
      vertex 70.8307 -48.1631 18
      vertex 70.3729 -48.0532 3
      vertex 70.8307 -48.1631 3
    endloop
  endfacet
  facet normal -0.852714 0.522378 0
    outer loop
      vertex 68.627 -43.838 3
      vertex 68.8729 -43.4366 18
      vertex 68.8729 -43.4366 3
    endloop
  endfacet
  facet normal -0.852714 0.522378 0
    outer loop
      vertex 68.8729 -43.4366 18
      vertex 68.627 -43.838 3
      vertex 68.627 -43.838 18
    endloop
  endfacet
  facet normal 0.233429 0.972374 -0
    outer loop
      vertex 72.2271 -42.3468 3
      vertex 71.7693 -42.2369 18
      vertex 72.2271 -42.3468 18
    endloop
  endfacet
  facet normal 0.233429 0.972374 0
    outer loop
      vertex 71.7693 -42.2369 18
      vertex 72.2271 -42.3468 3
      vertex 71.7693 -42.2369 3
    endloop
  endfacet
  facet normal -0.760275 -0.649601 0
    outer loop
      vertex 69.1787 -47.3213 3
      vertex 68.8729 -46.9634 18
      vertex 68.8729 -46.9634 3
    endloop
  endfacet
  facet normal -0.760275 -0.649601 0
    outer loop
      vertex 68.8729 -46.9634 18
      vertex 69.1787 -47.3213 3
      vertex 69.1787 -47.3213 18
    endloop
  endfacet
  facet normal 0.522378 -0.852714 0
    outer loop
      vertex 72.662 -47.873 3
      vertex 73.0634 -47.6271 18
      vertex 72.662 -47.873 18
    endloop
  endfacet
  facet normal 0.522378 -0.852714 0
    outer loop
      vertex 73.0634 -47.6271 18
      vertex 72.662 -47.873 3
      vertex 73.0634 -47.6271 3
    endloop
  endfacet
  facet normal 0.649601 -0.760275 0
    outer loop
      vertex 73.0634 -47.6271 3
      vertex 73.4213 -47.3213 18
      vertex 73.0634 -47.6271 18
    endloop
  endfacet
  facet normal 0.649601 -0.760275 0
    outer loop
      vertex 73.4213 -47.3213 18
      vertex 73.0634 -47.6271 3
      vertex 73.4213 -47.3213 3
    endloop
  endfacet
  facet normal 0.233429 -0.972374 0
    outer loop
      vertex 71.7693 -48.1631 3
      vertex 72.2271 -48.0532 18
      vertex 71.7693 -48.1631 18
    endloop
  endfacet
  facet normal 0.233429 -0.972374 0
    outer loop
      vertex 72.2271 -48.0532 18
      vertex 71.7693 -48.1631 3
      vertex 72.2271 -48.0532 3
    endloop
  endfacet
  facet normal -0.0783858 -0.996923 0
    outer loop
      vertex 70.8307 -48.1631 3
      vertex 71.3 -48.2 18
      vertex 70.8307 -48.1631 18
    endloop
  endfacet
  facet normal -0.0783858 -0.996923 -0
    outer loop
      vertex 71.3 -48.2 18
      vertex 70.8307 -48.1631 3
      vertex 71.3 -48.2 3
    endloop
  endfacet
  facet normal 0.649601 0.760275 -0
    outer loop
      vertex 73.4213 -43.0787 3
      vertex 73.0634 -42.7729 18
      vertex 73.4213 -43.0787 18
    endloop
  endfacet
  facet normal 0.649601 0.760275 0
    outer loop
      vertex 73.0634 -42.7729 18
      vertex 73.4213 -43.0787 3
      vertex 73.0634 -42.7729 3
    endloop
  endfacet
  facet normal -0.38279 -0.923836 0
    outer loop
      vertex 69.938 -47.873 3
      vertex 70.3729 -48.0532 18
      vertex 69.938 -47.873 18
    endloop
  endfacet
  facet normal -0.38279 -0.923836 -0
    outer loop
      vertex 70.3729 -48.0532 18
      vertex 69.938 -47.873 3
      vertex 70.3729 -48.0532 3
    endloop
  endfacet
  facet normal 0 0 1
    outer loop
      vertex 72.6 -45.2 18
      vertex 74.3 -45.2 18
      vertex 74.2631 -44.7307 18
    endloop
  endfacet
  facet normal 0 0 1
    outer loop
      vertex 72.584 -44.9966 18
      vertex 74.2631 -44.7307 18
      vertex 74.1532 -44.2729 18
    endloop
  endfacet
  facet normal 0 0 1
    outer loop
      vertex 74.3 -45.2 18
      vertex 72.6 -45.2 18
      vertex 74.2631 -45.6693 18
    endloop
  endfacet
  facet normal 0 0 1
    outer loop
      vertex 72.5364 -44.7983 18
      vertex 74.1532 -44.2729 18
      vertex 73.973 -43.838 18
    endloop
  endfacet
  facet normal -0 0 1
    outer loop
      vertex 72.584 -45.4034 18
      vertex 74.2631 -45.6693 18
      vertex 72.6 -45.2 18
    endloop
  endfacet
  facet normal 0 0 1
    outer loop
      vertex 72.4583 -44.6098 18
      vertex 73.973 -43.838 18
      vertex 73.7271 -43.4366 18
    endloop
  endfacet
  facet normal 0 0 1
    outer loop
      vertex 74.2631 -45.6693 18
      vertex 72.584 -45.4034 18
      vertex 74.1532 -46.1271 18
    endloop
  endfacet
  facet normal 0 0 1
    outer loop
      vertex 72.3517 -44.4359 18
      vertex 73.7271 -43.4366 18
      vertex 73.4213 -43.0787 18
    endloop
  endfacet
  facet normal -0 0 1
    outer loop
      vertex 72.5364 -45.6017 18
      vertex 74.1532 -46.1271 18
      vertex 72.584 -45.4034 18
    endloop
  endfacet
  facet normal 0 0 1
    outer loop
      vertex 72.2192 -44.2808 18
      vertex 73.4213 -43.0787 18
      vertex 73.0634 -42.7729 18
    endloop
  endfacet
  facet normal 0 0 1
    outer loop
      vertex 74.1532 -46.1271 18
      vertex 72.5364 -45.6017 18
      vertex 73.973 -46.562 18
    endloop
  endfacet
  facet normal 0 0 1
    outer loop
      vertex 72.0641 -44.1483 18
      vertex 73.0634 -42.7729 18
      vertex 72.662 -42.527 18
    endloop
  endfacet
  facet normal -0 0 1
    outer loop
      vertex 72.4583 -45.7902 18
      vertex 73.973 -46.562 18
      vertex 72.5364 -45.6017 18
    endloop
  endfacet
  facet normal 0 0 1
    outer loop
      vertex 73.973 -46.562 18
      vertex 72.4583 -45.7902 18
      vertex 73.7271 -46.9634 18
    endloop
  endfacet
  facet normal 0 0 1
    outer loop
      vertex 74.2631 -44.7307 18
      vertex 72.584 -44.9966 18
      vertex 72.6 -45.2 18
    endloop
  endfacet
  facet normal 0 0 1
    outer loop
      vertex 74.1532 -44.2729 18
      vertex 72.5364 -44.7983 18
      vertex 72.584 -44.9966 18
    endloop
  endfacet
  facet normal 0 0 1
    outer loop
      vertex 73.973 -43.838 18
      vertex 72.4583 -44.6098 18
      vertex 72.5364 -44.7983 18
    endloop
  endfacet
  facet normal 0 0 1
    outer loop
      vertex 73.7271 -43.4366 18
      vertex 72.3517 -44.4359 18
      vertex 72.4583 -44.6098 18
    endloop
  endfacet
  facet normal 0 0 1
    outer loop
      vertex 71.8902 -44.0417 18
      vertex 72.662 -42.527 18
      vertex 72.2271 -42.3468 18
    endloop
  endfacet
  facet normal 0 0 1
    outer loop
      vertex 73.4213 -43.0787 18
      vertex 72.2192 -44.2808 18
      vertex 72.3517 -44.4359 18
    endloop
  endfacet
  facet normal 0 0 1
    outer loop
      vertex 73.0634 -42.7729 18
      vertex 72.0641 -44.1483 18
      vertex 72.2192 -44.2808 18
    endloop
  endfacet
  facet normal 0 0 1
    outer loop
      vertex 72.662 -42.527 18
      vertex 71.8902 -44.0417 18
      vertex 72.0641 -44.1483 18
    endloop
  endfacet
  facet normal 0 0 1
    outer loop
      vertex 71.7017 -43.9636 18
      vertex 72.2271 -42.3468 18
      vertex 71.7693 -42.2369 18
    endloop
  endfacet
  facet normal 0 0 1
    outer loop
      vertex 72.2271 -42.3468 18
      vertex 71.7017 -43.9636 18
      vertex 71.8902 -44.0417 18
    endloop
  endfacet
  facet normal 0 0 1
    outer loop
      vertex 71.7693 -42.2369 18
      vertex 71.5034 -43.916 18
      vertex 71.7017 -43.9636 18
    endloop
  endfacet
  facet normal 0 0 1
    outer loop
      vertex 71.3 -42.2 18
      vertex 71.5034 -43.916 18
      vertex 71.7693 -42.2369 18
    endloop
  endfacet
  facet normal 0 0 1
    outer loop
      vertex 71.3 -42.2 18
      vertex 71.3 -43.9 18
      vertex 71.5034 -43.916 18
    endloop
  endfacet
  facet normal 0 0 1
    outer loop
      vertex 71.3 -42.2 18
      vertex 71.0966 -43.916 18
      vertex 71.3 -43.9 18
    endloop
  endfacet
  facet normal -0 0 1
    outer loop
      vertex 70.8307 -42.2369 18
      vertex 71.0966 -43.916 18
      vertex 71.3 -42.2 18
    endloop
  endfacet
  facet normal 0 0 1
    outer loop
      vertex 71.0966 -43.916 18
      vertex 70.8307 -42.2369 18
      vertex 70.8983 -43.9636 18
    endloop
  endfacet
  facet normal -0 0 1
    outer loop
      vertex 70.3729 -42.3468 18
      vertex 70.8983 -43.9636 18
      vertex 70.8307 -42.2369 18
    endloop
  endfacet
  facet normal 0 0 1
    outer loop
      vertex 70.8983 -43.9636 18
      vertex 70.3729 -42.3468 18
      vertex 70.7098 -44.0417 18
    endloop
  endfacet
  facet normal -0 0 1
    outer loop
      vertex 69.938 -42.527 18
      vertex 70.7098 -44.0417 18
      vertex 70.3729 -42.3468 18
    endloop
  endfacet
  facet normal 0 0 1
    outer loop
      vertex 70.7098 -44.0417 18
      vertex 69.938 -42.527 18
      vertex 70.5359 -44.1483 18
    endloop
  endfacet
  facet normal -0 0 1
    outer loop
      vertex 69.5366 -42.7729 18
      vertex 70.5359 -44.1483 18
      vertex 69.938 -42.527 18
    endloop
  endfacet
  facet normal 0 0 1
    outer loop
      vertex 70.5359 -44.1483 18
      vertex 69.5366 -42.7729 18
      vertex 70.3808 -44.2808 18
    endloop
  endfacet
  facet normal -0 0 1
    outer loop
      vertex 69.1787 -43.0787 18
      vertex 70.3808 -44.2808 18
      vertex 69.5366 -42.7729 18
    endloop
  endfacet
  facet normal 0 0 1
    outer loop
      vertex 70.3808 -44.2808 18
      vertex 69.1787 -43.0787 18
      vertex 70.2483 -44.4359 18
    endloop
  endfacet
  facet normal 0 0 1
    outer loop
      vertex 70.2483 -44.4359 18
      vertex 68.8729 -43.4366 18
      vertex 70.1417 -44.6098 18
    endloop
  endfacet
  facet normal -0 0 1
    outer loop
      vertex 68.8729 -43.4366 18
      vertex 70.2483 -44.4359 18
      vertex 69.1787 -43.0787 18
    endloop
  endfacet
  facet normal -0 0 1
    outer loop
      vertex 72.3517 -45.9641 18
      vertex 73.7271 -46.9634 18
      vertex 72.4583 -45.7902 18
    endloop
  endfacet
  facet normal 0 0 1
    outer loop
      vertex 73.7271 -46.9634 18
      vertex 72.3517 -45.9641 18
      vertex 73.4213 -47.3213 18
    endloop
  endfacet
  facet normal -0 0 1
    outer loop
      vertex 72.2192 -46.1192 18
      vertex 73.4213 -47.3213 18
      vertex 72.3517 -45.9641 18
    endloop
  endfacet
  facet normal 0 0 1
    outer loop
      vertex 73.4213 -47.3213 18
      vertex 72.2192 -46.1192 18
      vertex 73.0634 -47.6271 18
    endloop
  endfacet
  facet normal -0 0 1
    outer loop
      vertex 72.0641 -46.2517 18
      vertex 73.0634 -47.6271 18
      vertex 72.2192 -46.1192 18
    endloop
  endfacet
  facet normal 0 0 1
    outer loop
      vertex 73.0634 -47.6271 18
      vertex 72.0641 -46.2517 18
      vertex 72.662 -47.873 18
    endloop
  endfacet
  facet normal -0 0 1
    outer loop
      vertex 71.8902 -46.3583 18
      vertex 72.662 -47.873 18
      vertex 72.0641 -46.2517 18
    endloop
  endfacet
  facet normal 0 0 1
    outer loop
      vertex 72.662 -47.873 18
      vertex 71.8902 -46.3583 18
      vertex 72.2271 -48.0532 18
    endloop
  endfacet
  facet normal -0 0 1
    outer loop
      vertex 71.7017 -46.4364 18
      vertex 72.2271 -48.0532 18
      vertex 71.8902 -46.3583 18
    endloop
  endfacet
  facet normal 0 0 1
    outer loop
      vertex 72.2271 -48.0532 18
      vertex 71.7017 -46.4364 18
      vertex 71.7693 -48.1631 18
    endloop
  endfacet
  facet normal -0 0 1
    outer loop
      vertex 71.5034 -46.484 18
      vertex 71.7693 -48.1631 18
      vertex 71.7017 -46.4364 18
    endloop
  endfacet
  facet normal -0 0 1
    outer loop
      vertex 71.3 -46.5 18
      vertex 71.7693 -48.1631 18
      vertex 71.5034 -46.484 18
    endloop
  endfacet
  facet normal 0 0 1
    outer loop
      vertex 71.3 -46.5 18
      vertex 71.3 -48.2 18
      vertex 71.7693 -48.1631 18
    endloop
  endfacet
  facet normal 0 0 1
    outer loop
      vertex 71.0966 -46.484 18
      vertex 71.3 -48.2 18
      vertex 71.3 -46.5 18
    endloop
  endfacet
  facet normal 0 0 1
    outer loop
      vertex 70.8307 -48.1631 18
      vertex 71.0966 -46.484 18
      vertex 70.8983 -46.4364 18
    endloop
  endfacet
  facet normal 0 0 1
    outer loop
      vertex 71.0966 -46.484 18
      vertex 70.8307 -48.1631 18
      vertex 71.3 -48.2 18
    endloop
  endfacet
  facet normal 0 0 1
    outer loop
      vertex 70.3729 -48.0532 18
      vertex 70.8983 -46.4364 18
      vertex 70.7098 -46.3583 18
    endloop
  endfacet
  facet normal 0 0 1
    outer loop
      vertex 69.938 -47.873 18
      vertex 70.7098 -46.3583 18
      vertex 70.5359 -46.2517 18
    endloop
  endfacet
  facet normal 0 0 1
    outer loop
      vertex 69.5366 -47.6271 18
      vertex 70.5359 -46.2517 18
      vertex 70.3808 -46.1192 18
    endloop
  endfacet
  facet normal 0 0 1
    outer loop
      vertex 70.8983 -46.4364 18
      vertex 70.3729 -48.0532 18
      vertex 70.8307 -48.1631 18
    endloop
  endfacet
  facet normal 0 0 1
    outer loop
      vertex 69.1787 -47.3213 18
      vertex 70.3808 -46.1192 18
      vertex 70.2483 -45.9641 18
    endloop
  endfacet
  facet normal 0 0 1
    outer loop
      vertex 68.8729 -46.9634 18
      vertex 70.2483 -45.9641 18
      vertex 70.1417 -45.7902 18
    endloop
  endfacet
  facet normal 0 0 1
    outer loop
      vertex 68.627 -46.562 18
      vertex 70.1417 -45.7902 18
      vertex 70.0636 -45.6017 18
    endloop
  endfacet
  facet normal 0 0 1
    outer loop
      vertex 68.4468 -46.1271 18
      vertex 70.0636 -45.6017 18
      vertex 70.016 -45.4034 18
    endloop
  endfacet
  facet normal 0 0 1
    outer loop
      vertex 70.7098 -46.3583 18
      vertex 69.938 -47.873 18
      vertex 70.3729 -48.0532 18
    endloop
  endfacet
  facet normal 0 0 1
    outer loop
      vertex 68.3369 -45.6693 18
      vertex 70.016 -45.4034 18
      vertex 70 -45.2 18
    endloop
  endfacet
  facet normal -0 0 1
    outer loop
      vertex 68.627 -43.838 18
      vertex 70.1417 -44.6098 18
      vertex 68.8729 -43.4366 18
    endloop
  endfacet
  facet normal 0 0 1
    outer loop
      vertex 70.1417 -44.6098 18
      vertex 68.627 -43.838 18
      vertex 70.0636 -44.7983 18
    endloop
  endfacet
  facet normal 0 0 1
    outer loop
      vertex 70.5359 -46.2517 18
      vertex 69.5366 -47.6271 18
      vertex 69.938 -47.873 18
    endloop
  endfacet
  facet normal -0 0 1
    outer loop
      vertex 68.4468 -44.2729 18
      vertex 70.0636 -44.7983 18
      vertex 68.627 -43.838 18
    endloop
  endfacet
  facet normal 0 0 1
    outer loop
      vertex 70.3808 -46.1192 18
      vertex 69.1787 -47.3213 18
      vertex 69.5366 -47.6271 18
    endloop
  endfacet
  facet normal 0 0 1
    outer loop
      vertex 70.0636 -44.7983 18
      vertex 68.4468 -44.2729 18
      vertex 70.016 -44.9966 18
    endloop
  endfacet
  facet normal 0 0 1
    outer loop
      vertex 70.2483 -45.9641 18
      vertex 68.8729 -46.9634 18
      vertex 69.1787 -47.3213 18
    endloop
  endfacet
  facet normal -0 0 1
    outer loop
      vertex 68.3369 -44.7307 18
      vertex 70.016 -44.9966 18
      vertex 68.4468 -44.2729 18
    endloop
  endfacet
  facet normal 0 0 1
    outer loop
      vertex 70.1417 -45.7902 18
      vertex 68.627 -46.562 18
      vertex 68.8729 -46.9634 18
    endloop
  endfacet
  facet normal 0 0 1
    outer loop
      vertex 70.016 -44.9966 18
      vertex 68.3369 -44.7307 18
      vertex 70 -45.2 18
    endloop
  endfacet
  facet normal 0 0 1
    outer loop
      vertex 70.0636 -45.6017 18
      vertex 68.4468 -46.1271 18
      vertex 68.627 -46.562 18
    endloop
  endfacet
  facet normal 0 0 1
    outer loop
      vertex 68.3 -45.2 18
      vertex 70 -45.2 18
      vertex 68.3369 -44.7307 18
    endloop
  endfacet
  facet normal 0 0 1
    outer loop
      vertex 70.016 -45.4034 18
      vertex 68.3369 -45.6693 18
      vertex 68.4468 -46.1271 18
    endloop
  endfacet
  facet normal 0 0 1
    outer loop
      vertex 70 -45.2 18
      vertex 68.3 -45.2 18
      vertex 68.3369 -45.6693 18
    endloop
  endfacet
  facet normal 0.38279 0.923836 -0
    outer loop
      vertex 72.662 -42.527 3
      vertex 72.2271 -42.3468 18
      vertex 72.662 -42.527 18
    endloop
  endfacet
  facet normal 0.38279 0.923836 0
    outer loop
      vertex 72.2271 -42.3468 18
      vertex 72.662 -42.527 3
      vertex 72.2271 -42.3468 3
    endloop
  endfacet
  facet normal -0.522378 0.852714 0
    outer loop
      vertex 69.938 -42.527 3
      vertex 69.5366 -42.7729 18
      vertex 69.938 -42.527 18
    endloop
  endfacet
  facet normal -0.522378 0.852714 0
    outer loop
      vertex 69.5366 -42.7729 18
      vertex 69.938 -42.527 3
      vertex 69.5366 -42.7729 3
    endloop
  endfacet
  facet normal -0.923836 0.38279 0
    outer loop
      vertex 68.4468 -44.2729 3
      vertex 68.627 -43.838 18
      vertex 68.627 -43.838 3
    endloop
  endfacet
  facet normal -0.923836 0.38279 0
    outer loop
      vertex 68.627 -43.838 18
      vertex 68.4468 -44.2729 3
      vertex 68.4468 -44.2729 18
    endloop
  endfacet
  facet normal 0.852714 0.522378 0
    outer loop
      vertex 73.973 -43.838 18
      vertex 73.7271 -43.4366 3
      vertex 73.7271 -43.4366 18
    endloop
  endfacet
  facet normal 0.852714 0.522378 0
    outer loop
      vertex 73.7271 -43.4366 3
      vertex 73.973 -43.838 18
      vertex 73.973 -43.838 3
    endloop
  endfacet
  facet normal 0.923836 -0.38279 0
    outer loop
      vertex 73.973 -46.562 18
      vertex 74.1532 -46.1271 3
      vertex 74.1532 -46.1271 18
    endloop
  endfacet
  facet normal 0.923836 -0.38279 0
    outer loop
      vertex 74.1532 -46.1271 3
      vertex 73.973 -46.562 18
      vertex 73.973 -46.562 3
    endloop
  endfacet
  facet normal -0.0783858 0.996923 0
    outer loop
      vertex 71.3 -42.2 3
      vertex 70.8307 -42.2369 18
      vertex 71.3 -42.2 18
    endloop
  endfacet
  facet normal -0.0783858 0.996923 0
    outer loop
      vertex 70.8307 -42.2369 18
      vertex 71.3 -42.2 3
      vertex 70.8307 -42.2369 3
    endloop
  endfacet
  facet normal -0.923836 -0.38279 0
    outer loop
      vertex 68.627 -46.562 3
      vertex 68.4468 -46.1271 18
      vertex 68.4468 -46.1271 3
    endloop
  endfacet
  facet normal -0.923836 -0.38279 0
    outer loop
      vertex 68.4468 -46.1271 18
      vertex 68.627 -46.562 3
      vertex 68.627 -46.562 18
    endloop
  endfacet
  facet normal 0.923836 0.38279 0
    outer loop
      vertex 74.1532 -44.2729 18
      vertex 73.973 -43.838 3
      vertex 73.973 -43.838 18
    endloop
  endfacet
  facet normal 0.923836 0.38279 0
    outer loop
      vertex 73.973 -43.838 3
      vertex 74.1532 -44.2729 18
      vertex 74.1532 -44.2729 3
    endloop
  endfacet
  facet normal 0.760275 -0.649601 0
    outer loop
      vertex 73.4213 -47.3213 18
      vertex 73.7271 -46.9634 3
      vertex 73.7271 -46.9634 18
    endloop
  endfacet
  facet normal 0.760275 -0.649601 0
    outer loop
      vertex 73.7271 -46.9634 3
      vertex 73.4213 -47.3213 18
      vertex 73.4213 -47.3213 3
    endloop
  endfacet
  facet normal -0.972374 0.233429 0
    outer loop
      vertex 68.3369 -44.7307 3
      vertex 68.4468 -44.2729 18
      vertex 68.4468 -44.2729 3
    endloop
  endfacet
  facet normal -0.972374 0.233429 0
    outer loop
      vertex 68.4468 -44.2729 18
      vertex 68.3369 -44.7307 3
      vertex 68.3369 -44.7307 18
    endloop
  endfacet
  facet normal -0.649601 -0.760275 0
    outer loop
      vertex 69.1787 -47.3213 3
      vertex 69.5366 -47.6271 18
      vertex 69.1787 -47.3213 18
    endloop
  endfacet
  facet normal -0.649601 -0.760275 -0
    outer loop
      vertex 69.5366 -47.6271 18
      vertex 69.1787 -47.3213 3
      vertex 69.5366 -47.6271 3
    endloop
  endfacet
  facet normal -0.972374 -0.233429 0
    outer loop
      vertex 68.4468 -46.1271 3
      vertex 68.3369 -45.6693 18
      vertex 68.3369 -45.6693 3
    endloop
  endfacet
  facet normal -0.972374 -0.233429 0
    outer loop
      vertex 68.3369 -45.6693 18
      vertex 68.4468 -46.1271 3
      vertex 68.4468 -46.1271 18
    endloop
  endfacet
  facet normal -0.852714 -0.522378 0
    outer loop
      vertex 68.8729 -46.9634 3
      vertex 68.627 -46.562 18
      vertex 68.627 -46.562 3
    endloop
  endfacet
  facet normal -0.852714 -0.522378 0
    outer loop
      vertex 68.627 -46.562 18
      vertex 68.8729 -46.9634 3
      vertex 68.8729 -46.9634 18
    endloop
  endfacet
  facet normal -0.996923 -0.0783858 0
    outer loop
      vertex 68.3369 -45.6693 3
      vertex 68.3 -45.2 18
      vertex 68.3 -45.2 3
    endloop
  endfacet
  facet normal -0.996923 -0.0783858 0
    outer loop
      vertex 68.3 -45.2 18
      vertex 68.3369 -45.6693 3
      vertex 68.3369 -45.6693 18
    endloop
  endfacet
  facet normal -0.233453 0.972368 0
    outer loop
      vertex 8.6307 -42.2369 3
      vertex 8.17295 -42.3468 18
      vertex 8.6307 -42.2369 18
    endloop
  endfacet
  facet normal -0.233453 0.972368 0
    outer loop
      vertex 8.17295 -42.3468 18
      vertex 8.6307 -42.2369 3
      vertex 8.17295 -42.3468 3
    endloop
  endfacet
  facet normal 0.972374 0.233429 0
    outer loop
      vertex 12.0631 -44.7307 18
      vertex 11.9532 -44.2729 3
      vertex 11.9532 -44.2729 18
    endloop
  endfacet
  facet normal 0.972374 0.233429 0
    outer loop
      vertex 11.9532 -44.2729 3
      vertex 12.0631 -44.7307 18
      vertex 12.0631 -44.7307 3
    endloop
  endfacet
  facet normal 0.996923 0.0783858 0
    outer loop
      vertex 12.1 -45.2 18
      vertex 12.0631 -44.7307 3
      vertex 12.0631 -44.7307 18
    endloop
  endfacet
  facet normal 0.996923 0.0783858 0
    outer loop
      vertex 12.0631 -44.7307 3
      vertex 12.1 -45.2 18
      vertex 12.1 -45.2 3
    endloop
  endfacet
  facet normal -0.760349 -0.649515 0
    outer loop
      vertex 6.97868 -47.3213 3
      vertex 6.67295 -46.9634 18
      vertex 6.67295 -46.9634 3
    endloop
  endfacet
  facet normal -0.760349 -0.649515 0
    outer loop
      vertex 6.67295 -46.9634 18
      vertex 6.97868 -47.3213 3
      vertex 6.97868 -47.3213 18
    endloop
  endfacet
  facet normal 0.996923 -0.0783858 0
    outer loop
      vertex 12.0631 -45.6693 18
      vertex 12.1 -45.2 3
      vertex 12.1 -45.2 18
    endloop
  endfacet
  facet normal 0.996923 -0.0783858 0
    outer loop
      vertex 12.1 -45.2 3
      vertex 12.0631 -45.6693 18
      vertex 12.0631 -45.6693 3
    endloop
  endfacet
  facet normal 0.760275 0.649601 0
    outer loop
      vertex 11.5271 -43.4366 18
      vertex 11.2213 -43.0787 3
      vertex 11.2213 -43.0787 18
    endloop
  endfacet
  facet normal 0.760275 0.649601 0
    outer loop
      vertex 11.2213 -43.0787 3
      vertex 11.5271 -43.4366 18
      vertex 11.5271 -43.4366 3
    endloop
  endfacet
  facet normal 0.522378 0.852714 -0
    outer loop
      vertex 10.8634 -42.7729 3
      vertex 10.462 -42.527 18
      vertex 10.8634 -42.7729 18
    endloop
  endfacet
  facet normal 0.522378 0.852714 0
    outer loop
      vertex 10.462 -42.527 18
      vertex 10.8634 -42.7729 3
      vertex 10.462 -42.527 3
    endloop
  endfacet
  facet normal 0.0783858 0.996923 -0
    outer loop
      vertex 9.5693 -42.2369 3
      vertex 9.1 -42.2 18
      vertex 9.5693 -42.2369 18
    endloop
  endfacet
  facet normal 0.0783858 0.996923 0
    outer loop
      vertex 9.1 -42.2 18
      vertex 9.5693 -42.2369 3
      vertex 9.1 -42.2 3
    endloop
  endfacet
  facet normal -0.996918 -0.0784491 0
    outer loop
      vertex 6.13693 -45.6693 3
      vertex 6.1 -45.2 18
      vertex 6.1 -45.2 3
    endloop
  endfacet
  facet normal -0.996918 -0.0784491 0
    outer loop
      vertex 6.1 -45.2 18
      vertex 6.13693 -45.6693 3
      vertex 6.13693 -45.6693 18
    endloop
  endfacet
  facet normal -0.649538 0.760329 0
    outer loop
      vertex 7.33664 -42.7729 3
      vertex 6.97868 -43.0787 18
      vertex 7.33664 -42.7729 18
    endloop
  endfacet
  facet normal -0.649538 0.760329 0
    outer loop
      vertex 6.97868 -43.0787 18
      vertex 7.33664 -42.7729 3
      vertex 6.97868 -43.0787 3
    endloop
  endfacet
  facet normal -0.382775 -0.923842 0
    outer loop
      vertex 7.73803 -47.873 3
      vertex 8.17295 -48.0532 18
      vertex 7.73803 -47.873 18
    endloop
  endfacet
  facet normal -0.382775 -0.923842 -0
    outer loop
      vertex 8.17295 -48.0532 18
      vertex 7.73803 -47.873 3
      vertex 8.17295 -48.0532 3
    endloop
  endfacet
  facet normal 0.38279 -0.923836 0
    outer loop
      vertex 10.0271 -48.0532 3
      vertex 10.462 -47.873 18
      vertex 10.0271 -48.0532 18
    endloop
  endfacet
  facet normal 0.38279 -0.923836 0
    outer loop
      vertex 10.462 -47.873 18
      vertex 10.0271 -48.0532 3
      vertex 10.462 -47.873 3
    endloop
  endfacet
  facet normal 0.972374 -0.233429 0
    outer loop
      vertex 11.9532 -46.1271 18
      vertex 12.0631 -45.6693 3
      vertex 12.0631 -45.6693 18
    endloop
  endfacet
  facet normal 0.972374 -0.233429 0
    outer loop
      vertex 12.0631 -45.6693 3
      vertex 11.9532 -46.1271 18
      vertex 11.9532 -46.1271 3
    endloop
  endfacet
  facet normal -0.522387 0.852708 0
    outer loop
      vertex 7.73803 -42.527 3
      vertex 7.33664 -42.7729 18
      vertex 7.73803 -42.527 18
    endloop
  endfacet
  facet normal -0.522387 0.852708 0
    outer loop
      vertex 7.33664 -42.7729 18
      vertex 7.73803 -42.527 3
      vertex 7.33664 -42.7729 3
    endloop
  endfacet
  facet normal -0.649538 -0.760329 0
    outer loop
      vertex 6.97868 -47.3213 3
      vertex 7.33664 -47.6271 18
      vertex 6.97868 -47.3213 18
    endloop
  endfacet
  facet normal -0.649538 -0.760329 -0
    outer loop
      vertex 7.33664 -47.6271 18
      vertex 6.97868 -47.3213 3
      vertex 7.33664 -47.6271 3
    endloop
  endfacet
  facet normal 0.923836 -0.38279 0
    outer loop
      vertex 11.773 -46.562 18
      vertex 11.9532 -46.1271 3
      vertex 11.9532 -46.1271 18
    endloop
  endfacet
  facet normal 0.923836 -0.38279 0
    outer loop
      vertex 11.9532 -46.1271 3
      vertex 11.773 -46.562 18
      vertex 11.773 -46.562 3
    endloop
  endfacet
  facet normal -0.972374 -0.233429 0
    outer loop
      vertex 6.24683 -46.1271 3
      vertex 6.13693 -45.6693 18
      vertex 6.13693 -45.6693 3
    endloop
  endfacet
  facet normal -0.972374 -0.233429 0
    outer loop
      vertex 6.13693 -45.6693 18
      vertex 6.24683 -46.1271 3
      vertex 6.24683 -46.1271 18
    endloop
  endfacet
  facet normal -0.382775 0.923842 0
    outer loop
      vertex 8.17295 -42.3468 3
      vertex 7.73803 -42.527 18
      vertex 8.17295 -42.3468 18
    endloop
  endfacet
  facet normal -0.382775 0.923842 0
    outer loop
      vertex 7.73803 -42.527 18
      vertex 8.17295 -42.3468 3
      vertex 7.73803 -42.527 3
    endloop
  endfacet
  facet normal 0.852714 -0.522378 0
    outer loop
      vertex 11.5271 -46.9634 18
      vertex 11.773 -46.562 3
      vertex 11.773 -46.562 18
    endloop
  endfacet
  facet normal 0.852714 -0.522378 0
    outer loop
      vertex 11.773 -46.562 3
      vertex 11.5271 -46.9634 18
      vertex 11.5271 -46.9634 3
    endloop
  endfacet
  facet normal 0.233429 0.972374 -0
    outer loop
      vertex 10.0271 -42.3468 3
      vertex 9.5693 -42.2369 18
      vertex 10.0271 -42.3468 18
    endloop
  endfacet
  facet normal 0.233429 0.972374 0
    outer loop
      vertex 9.5693 -42.2369 18
      vertex 10.0271 -42.3468 3
      vertex 9.5693 -42.2369 3
    endloop
  endfacet
  facet normal -0.522387 -0.852708 0
    outer loop
      vertex 7.33664 -47.6271 3
      vertex 7.73803 -47.873 18
      vertex 7.33664 -47.6271 18
    endloop
  endfacet
  facet normal -0.522387 -0.852708 -0
    outer loop
      vertex 7.73803 -47.873 18
      vertex 7.33664 -47.6271 3
      vertex 7.73803 -47.873 3
    endloop
  endfacet
  facet normal -0.0783858 -0.996923 0
    outer loop
      vertex 8.6307 -48.1631 3
      vertex 9.1 -48.2 18
      vertex 8.6307 -48.1631 18
    endloop
  endfacet
  facet normal -0.0783858 -0.996923 -0
    outer loop
      vertex 9.1 -48.2 18
      vertex 8.6307 -48.1631 3
      vertex 9.1 -48.2 3
    endloop
  endfacet
  facet normal 0.649601 0.760275 -0
    outer loop
      vertex 11.2213 -43.0787 3
      vertex 10.8634 -42.7729 18
      vertex 11.2213 -43.0787 18
    endloop
  endfacet
  facet normal 0.649601 0.760275 0
    outer loop
      vertex 10.8634 -42.7729 18
      vertex 11.2213 -43.0787 3
      vertex 10.8634 -42.7729 3
    endloop
  endfacet
  facet normal 0.233429 -0.972374 0
    outer loop
      vertex 9.5693 -48.1631 3
      vertex 10.0271 -48.0532 18
      vertex 9.5693 -48.1631 18
    endloop
  endfacet
  facet normal 0.233429 -0.972374 0
    outer loop
      vertex 10.0271 -48.0532 18
      vertex 9.5693 -48.1631 3
      vertex 10.0271 -48.0532 3
    endloop
  endfacet
  facet normal 0.38279 0.923836 -0
    outer loop
      vertex 10.462 -42.527 3
      vertex 10.0271 -42.3468 18
      vertex 10.462 -42.527 18
    endloop
  endfacet
  facet normal 0.38279 0.923836 0
    outer loop
      vertex 10.0271 -42.3468 18
      vertex 10.462 -42.527 3
      vertex 10.0271 -42.3468 3
    endloop
  endfacet
  facet normal -0.852648 -0.522486 0
    outer loop
      vertex 6.67295 -46.9634 3
      vertex 6.42698 -46.562 18
      vertex 6.42698 -46.562 3
    endloop
  endfacet
  facet normal -0.852648 -0.522486 0
    outer loop
      vertex 6.42698 -46.562 18
      vertex 6.67295 -46.9634 3
      vertex 6.67295 -46.9634 18
    endloop
  endfacet
  facet normal 0.852714 0.522378 0
    outer loop
      vertex 11.773 -43.838 18
      vertex 11.5271 -43.4366 3
      vertex 11.5271 -43.4366 18
    endloop
  endfacet
  facet normal 0.852714 0.522378 0
    outer loop
      vertex 11.5271 -43.4366 3
      vertex 11.773 -43.838 18
      vertex 11.773 -43.838 3
    endloop
  endfacet
  facet normal -0.972374 0.233429 0
    outer loop
      vertex 6.13693 -44.7307 3
      vertex 6.24683 -44.2729 18
      vertex 6.24683 -44.2729 3
    endloop
  endfacet
  facet normal -0.972374 0.233429 0
    outer loop
      vertex 6.24683 -44.2729 18
      vertex 6.13693 -44.7307 3
      vertex 6.13693 -44.7307 18
    endloop
  endfacet
  facet normal -0.923873 -0.382699 0
    outer loop
      vertex 6.42698 -46.562 3
      vertex 6.24683 -46.1271 18
      vertex 6.24683 -46.1271 3
    endloop
  endfacet
  facet normal -0.923873 -0.382699 0
    outer loop
      vertex 6.24683 -46.1271 18
      vertex 6.42698 -46.562 3
      vertex 6.42698 -46.562 18
    endloop
  endfacet
  facet normal 0.522378 -0.852714 0
    outer loop
      vertex 10.462 -47.873 3
      vertex 10.8634 -47.6271 18
      vertex 10.462 -47.873 18
    endloop
  endfacet
  facet normal 0.522378 -0.852714 0
    outer loop
      vertex 10.8634 -47.6271 18
      vertex 10.462 -47.873 3
      vertex 10.8634 -47.6271 3
    endloop
  endfacet
  facet normal -0.0783858 0.996923 0
    outer loop
      vertex 9.1 -42.2 3
      vertex 8.6307 -42.2369 18
      vertex 9.1 -42.2 18
    endloop
  endfacet
  facet normal -0.0783858 0.996923 0
    outer loop
      vertex 8.6307 -42.2369 18
      vertex 9.1 -42.2 3
      vertex 8.6307 -42.2369 3
    endloop
  endfacet
  facet normal 0.923836 0.38279 0
    outer loop
      vertex 11.9532 -44.2729 18
      vertex 11.773 -43.838 3
      vertex 11.773 -43.838 18
    endloop
  endfacet
  facet normal 0.923836 0.38279 0
    outer loop
      vertex 11.773 -43.838 3
      vertex 11.9532 -44.2729 18
      vertex 11.9532 -44.2729 3
    endloop
  endfacet
  facet normal -0.760349 0.649515 0
    outer loop
      vertex 6.67295 -43.4366 3
      vertex 6.97868 -43.0787 18
      vertex 6.97868 -43.0787 3
    endloop
  endfacet
  facet normal -0.760349 0.649515 0
    outer loop
      vertex 6.97868 -43.0787 18
      vertex 6.67295 -43.4366 3
      vertex 6.67295 -43.4366 18
    endloop
  endfacet
  facet normal 0.0783858 -0.996923 0
    outer loop
      vertex 9.1 -48.2 3
      vertex 9.5693 -48.1631 18
      vertex 9.1 -48.2 18
    endloop
  endfacet
  facet normal 0.0783858 -0.996923 0
    outer loop
      vertex 9.5693 -48.1631 18
      vertex 9.1 -48.2 3
      vertex 9.5693 -48.1631 3
    endloop
  endfacet
  facet normal -0.996918 0.0784491 0
    outer loop
      vertex 6.1 -45.2 3
      vertex 6.13693 -44.7307 18
      vertex 6.13693 -44.7307 3
    endloop
  endfacet
  facet normal -0.996918 0.0784491 0
    outer loop
      vertex 6.13693 -44.7307 18
      vertex 6.1 -45.2 3
      vertex 6.1 -45.2 18
    endloop
  endfacet
  facet normal -0.233453 -0.972368 0
    outer loop
      vertex 8.17295 -48.0532 3
      vertex 8.6307 -48.1631 18
      vertex 8.17295 -48.0532 18
    endloop
  endfacet
  facet normal -0.233453 -0.972368 -0
    outer loop
      vertex 8.6307 -48.1631 18
      vertex 8.17295 -48.0532 3
      vertex 8.6307 -48.1631 3
    endloop
  endfacet
  facet normal 0 0 1
    outer loop
      vertex 10.4 -45.2 18
      vertex 12.1 -45.2 18
      vertex 12.0631 -44.7307 18
    endloop
  endfacet
  facet normal 0 0 1
    outer loop
      vertex 10.384 -44.9966 18
      vertex 12.0631 -44.7307 18
      vertex 11.9532 -44.2729 18
    endloop
  endfacet
  facet normal 0 0 1
    outer loop
      vertex 12.1 -45.2 18
      vertex 10.4 -45.2 18
      vertex 12.0631 -45.6693 18
    endloop
  endfacet
  facet normal 0 0 1
    outer loop
      vertex 10.3364 -44.7983 18
      vertex 11.9532 -44.2729 18
      vertex 11.773 -43.838 18
    endloop
  endfacet
  facet normal -0 0 1
    outer loop
      vertex 10.384 -45.4034 18
      vertex 12.0631 -45.6693 18
      vertex 10.4 -45.2 18
    endloop
  endfacet
  facet normal 0 0 1
    outer loop
      vertex 10.2583 -44.6098 18
      vertex 11.773 -43.838 18
      vertex 11.5271 -43.4366 18
    endloop
  endfacet
  facet normal 0 0 1
    outer loop
      vertex 12.0631 -45.6693 18
      vertex 10.384 -45.4034 18
      vertex 11.9532 -46.1271 18
    endloop
  endfacet
  facet normal 0 0 1
    outer loop
      vertex 10.1517 -44.4359 18
      vertex 11.5271 -43.4366 18
      vertex 11.2213 -43.0787 18
    endloop
  endfacet
  facet normal -0 0 1
    outer loop
      vertex 10.3364 -45.6017 18
      vertex 11.9532 -46.1271 18
      vertex 10.384 -45.4034 18
    endloop
  endfacet
  facet normal 0 0 1
    outer loop
      vertex 10.0192 -44.2808 18
      vertex 11.2213 -43.0787 18
      vertex 10.8634 -42.7729 18
    endloop
  endfacet
  facet normal 0 0 1
    outer loop
      vertex 11.9532 -46.1271 18
      vertex 10.3364 -45.6017 18
      vertex 11.773 -46.562 18
    endloop
  endfacet
  facet normal 0 0 1
    outer loop
      vertex 9.86412 -44.1483 18
      vertex 10.8634 -42.7729 18
      vertex 10.462 -42.527 18
    endloop
  endfacet
  facet normal -0 0 1
    outer loop
      vertex 10.2583 -45.7902 18
      vertex 11.773 -46.562 18
      vertex 10.3364 -45.6017 18
    endloop
  endfacet
  facet normal 0 0 1
    outer loop
      vertex 11.773 -46.562 18
      vertex 10.2583 -45.7902 18
      vertex 11.5271 -46.9634 18
    endloop
  endfacet
  facet normal 0 0 1
    outer loop
      vertex 12.0631 -44.7307 18
      vertex 10.384 -44.9966 18
      vertex 10.4 -45.2 18
    endloop
  endfacet
  facet normal 0 0 1
    outer loop
      vertex 11.9532 -44.2729 18
      vertex 10.3364 -44.7983 18
      vertex 10.384 -44.9966 18
    endloop
  endfacet
  facet normal 0 0 1
    outer loop
      vertex 11.773 -43.838 18
      vertex 10.2583 -44.6098 18
      vertex 10.3364 -44.7983 18
    endloop
  endfacet
  facet normal 0 0 1
    outer loop
      vertex 11.5271 -43.4366 18
      vertex 10.1517 -44.4359 18
      vertex 10.2583 -44.6098 18
    endloop
  endfacet
  facet normal 0 0 1
    outer loop
      vertex 9.69019 -44.0417 18
      vertex 10.462 -42.527 18
      vertex 10.0271 -42.3468 18
    endloop
  endfacet
  facet normal 0 0 1
    outer loop
      vertex 11.2213 -43.0787 18
      vertex 10.0192 -44.2808 18
      vertex 10.1517 -44.4359 18
    endloop
  endfacet
  facet normal 0 0 1
    outer loop
      vertex 10.8634 -42.7729 18
      vertex 9.86412 -44.1483 18
      vertex 10.0192 -44.2808 18
    endloop
  endfacet
  facet normal 0 0 1
    outer loop
      vertex 10.462 -42.527 18
      vertex 9.69019 -44.0417 18
      vertex 9.86412 -44.1483 18
    endloop
  endfacet
  facet normal 0 0 1
    outer loop
      vertex 9.50172 -43.9636 18
      vertex 10.0271 -42.3468 18
      vertex 9.5693 -42.2369 18
    endloop
  endfacet
  facet normal 0 0 1
    outer loop
      vertex 10.0271 -42.3468 18
      vertex 9.50172 -43.9636 18
      vertex 9.69019 -44.0417 18
    endloop
  endfacet
  facet normal 0 0 1
    outer loop
      vertex 9.5693 -42.2369 18
      vertex 9.30336 -43.916 18
      vertex 9.50172 -43.9636 18
    endloop
  endfacet
  facet normal 0 0 1
    outer loop
      vertex 9.1 -42.2 18
      vertex 9.30336 -43.916 18
      vertex 9.5693 -42.2369 18
    endloop
  endfacet
  facet normal 0 0 1
    outer loop
      vertex 9.1 -42.2 18
      vertex 9.1 -43.9 18
      vertex 9.30336 -43.916 18
    endloop
  endfacet
  facet normal 0 0 1
    outer loop
      vertex 9.1 -42.2 18
      vertex 8.89664 -43.916 18
      vertex 9.1 -43.9 18
    endloop
  endfacet
  facet normal -0 0 1
    outer loop
      vertex 8.6307 -42.2369 18
      vertex 8.89664 -43.916 18
      vertex 9.1 -42.2 18
    endloop
  endfacet
  facet normal 0 0 1
    outer loop
      vertex 8.89664 -43.916 18
      vertex 8.6307 -42.2369 18
      vertex 8.69828 -43.9636 18
    endloop
  endfacet
  facet normal -0 0 1
    outer loop
      vertex 8.17295 -42.3468 18
      vertex 8.69828 -43.9636 18
      vertex 8.6307 -42.2369 18
    endloop
  endfacet
  facet normal 0 0 1
    outer loop
      vertex 8.69828 -43.9636 18
      vertex 8.17295 -42.3468 18
      vertex 8.50981 -44.0417 18
    endloop
  endfacet
  facet normal -0 0 1
    outer loop
      vertex 7.73803 -42.527 18
      vertex 8.50981 -44.0417 18
      vertex 8.17295 -42.3468 18
    endloop
  endfacet
  facet normal 0 0 1
    outer loop
      vertex 8.50981 -44.0417 18
      vertex 7.73803 -42.527 18
      vertex 8.33588 -44.1483 18
    endloop
  endfacet
  facet normal -0 0 1
    outer loop
      vertex 7.33664 -42.7729 18
      vertex 8.33588 -44.1483 18
      vertex 7.73803 -42.527 18
    endloop
  endfacet
  facet normal 0 0 1
    outer loop
      vertex 8.33588 -44.1483 18
      vertex 7.33664 -42.7729 18
      vertex 8.18076 -44.2808 18
    endloop
  endfacet
  facet normal -0 0 1
    outer loop
      vertex 6.97868 -43.0787 18
      vertex 8.18076 -44.2808 18
      vertex 7.33664 -42.7729 18
    endloop
  endfacet
  facet normal 0 0 1
    outer loop
      vertex 8.18076 -44.2808 18
      vertex 6.97868 -43.0787 18
      vertex 8.04828 -44.4359 18
    endloop
  endfacet
  facet normal 0 0 1
    outer loop
      vertex 8.04828 -44.4359 18
      vertex 6.67295 -43.4366 18
      vertex 7.94169 -44.6098 18
    endloop
  endfacet
  facet normal -0 0 1
    outer loop
      vertex 6.67295 -43.4366 18
      vertex 8.04828 -44.4359 18
      vertex 6.97868 -43.0787 18
    endloop
  endfacet
  facet normal -0 0 1
    outer loop
      vertex 10.1517 -45.9641 18
      vertex 11.5271 -46.9634 18
      vertex 10.2583 -45.7902 18
    endloop
  endfacet
  facet normal 0 0 1
    outer loop
      vertex 11.5271 -46.9634 18
      vertex 10.1517 -45.9641 18
      vertex 11.2213 -47.3213 18
    endloop
  endfacet
  facet normal -0 0 1
    outer loop
      vertex 10.0192 -46.1192 18
      vertex 11.2213 -47.3213 18
      vertex 10.1517 -45.9641 18
    endloop
  endfacet
  facet normal 0 0 1
    outer loop
      vertex 11.2213 -47.3213 18
      vertex 10.0192 -46.1192 18
      vertex 10.8634 -47.6271 18
    endloop
  endfacet
  facet normal -0 0 1
    outer loop
      vertex 9.86412 -46.2517 18
      vertex 10.8634 -47.6271 18
      vertex 10.0192 -46.1192 18
    endloop
  endfacet
  facet normal 0 0 1
    outer loop
      vertex 10.8634 -47.6271 18
      vertex 9.86412 -46.2517 18
      vertex 10.462 -47.873 18
    endloop
  endfacet
  facet normal -0 0 1
    outer loop
      vertex 9.69019 -46.3583 18
      vertex 10.462 -47.873 18
      vertex 9.86412 -46.2517 18
    endloop
  endfacet
  facet normal 0 0 1
    outer loop
      vertex 10.462 -47.873 18
      vertex 9.69019 -46.3583 18
      vertex 10.0271 -48.0532 18
    endloop
  endfacet
  facet normal -0 0 1
    outer loop
      vertex 9.50172 -46.4364 18
      vertex 10.0271 -48.0532 18
      vertex 9.69019 -46.3583 18
    endloop
  endfacet
  facet normal 0 0 1
    outer loop
      vertex 10.0271 -48.0532 18
      vertex 9.50172 -46.4364 18
      vertex 9.5693 -48.1631 18
    endloop
  endfacet
  facet normal -0 0 1
    outer loop
      vertex 9.30336 -46.484 18
      vertex 9.5693 -48.1631 18
      vertex 9.50172 -46.4364 18
    endloop
  endfacet
  facet normal -0 0 1
    outer loop
      vertex 9.1 -46.5 18
      vertex 9.5693 -48.1631 18
      vertex 9.30336 -46.484 18
    endloop
  endfacet
  facet normal 0 0 1
    outer loop
      vertex 9.1 -46.5 18
      vertex 9.1 -48.2 18
      vertex 9.5693 -48.1631 18
    endloop
  endfacet
  facet normal 0 0 1
    outer loop
      vertex 8.89664 -46.484 18
      vertex 9.1 -48.2 18
      vertex 9.1 -46.5 18
    endloop
  endfacet
  facet normal 0 0 1
    outer loop
      vertex 8.6307 -48.1631 18
      vertex 8.89664 -46.484 18
      vertex 8.69828 -46.4364 18
    endloop
  endfacet
  facet normal 0 0 1
    outer loop
      vertex 8.89664 -46.484 18
      vertex 8.6307 -48.1631 18
      vertex 9.1 -48.2 18
    endloop
  endfacet
  facet normal 0 0 1
    outer loop
      vertex 8.17295 -48.0532 18
      vertex 8.69828 -46.4364 18
      vertex 8.50981 -46.3583 18
    endloop
  endfacet
  facet normal 0 0 1
    outer loop
      vertex 7.73803 -47.873 18
      vertex 8.50981 -46.3583 18
      vertex 8.33588 -46.2517 18
    endloop
  endfacet
  facet normal 0 0 1
    outer loop
      vertex 7.33664 -47.6271 18
      vertex 8.33588 -46.2517 18
      vertex 8.18076 -46.1192 18
    endloop
  endfacet
  facet normal 0 0 1
    outer loop
      vertex 8.69828 -46.4364 18
      vertex 8.17295 -48.0532 18
      vertex 8.6307 -48.1631 18
    endloop
  endfacet
  facet normal 0 0 1
    outer loop
      vertex 6.97868 -47.3213 18
      vertex 8.18076 -46.1192 18
      vertex 8.04828 -45.9641 18
    endloop
  endfacet
  facet normal 0 0 1
    outer loop
      vertex 6.67295 -46.9634 18
      vertex 8.04828 -45.9641 18
      vertex 7.94169 -45.7902 18
    endloop
  endfacet
  facet normal 0 0 1
    outer loop
      vertex 6.42698 -46.562 18
      vertex 7.94169 -45.7902 18
      vertex 7.86363 -45.6017 18
    endloop
  endfacet
  facet normal 0 0 1
    outer loop
      vertex 6.24683 -46.1271 18
      vertex 7.86363 -45.6017 18
      vertex 7.816 -45.4034 18
    endloop
  endfacet
  facet normal 0 0 1
    outer loop
      vertex 8.50981 -46.3583 18
      vertex 7.73803 -47.873 18
      vertex 8.17295 -48.0532 18
    endloop
  endfacet
  facet normal 0 0 1
    outer loop
      vertex 6.13693 -45.6693 18
      vertex 7.816 -45.4034 18
      vertex 7.8 -45.2 18
    endloop
  endfacet
  facet normal -0 0 1
    outer loop
      vertex 6.42698 -43.838 18
      vertex 7.94169 -44.6098 18
      vertex 6.67295 -43.4366 18
    endloop
  endfacet
  facet normal 0 0 1
    outer loop
      vertex 7.94169 -44.6098 18
      vertex 6.42698 -43.838 18
      vertex 7.86363 -44.7983 18
    endloop
  endfacet
  facet normal 0 0 1
    outer loop
      vertex 8.33588 -46.2517 18
      vertex 7.33664 -47.6271 18
      vertex 7.73803 -47.873 18
    endloop
  endfacet
  facet normal -0 0 1
    outer loop
      vertex 6.24683 -44.2729 18
      vertex 7.86363 -44.7983 18
      vertex 6.42698 -43.838 18
    endloop
  endfacet
  facet normal 0 0 1
    outer loop
      vertex 8.18076 -46.1192 18
      vertex 6.97868 -47.3213 18
      vertex 7.33664 -47.6271 18
    endloop
  endfacet
  facet normal 0 0 1
    outer loop
      vertex 7.86363 -44.7983 18
      vertex 6.24683 -44.2729 18
      vertex 7.816 -44.9966 18
    endloop
  endfacet
  facet normal 0 0 1
    outer loop
      vertex 8.04828 -45.9641 18
      vertex 6.67295 -46.9634 18
      vertex 6.97868 -47.3213 18
    endloop
  endfacet
  facet normal -0 0 1
    outer loop
      vertex 6.13693 -44.7307 18
      vertex 7.816 -44.9966 18
      vertex 6.24683 -44.2729 18
    endloop
  endfacet
  facet normal 0 0 1
    outer loop
      vertex 7.94169 -45.7902 18
      vertex 6.42698 -46.562 18
      vertex 6.67295 -46.9634 18
    endloop
  endfacet
  facet normal 0 0 1
    outer loop
      vertex 7.816 -44.9966 18
      vertex 6.13693 -44.7307 18
      vertex 7.8 -45.2 18
    endloop
  endfacet
  facet normal 0 0 1
    outer loop
      vertex 7.86363 -45.6017 18
      vertex 6.24683 -46.1271 18
      vertex 6.42698 -46.562 18
    endloop
  endfacet
  facet normal 0 0 1
    outer loop
      vertex 6.1 -45.2 18
      vertex 7.8 -45.2 18
      vertex 6.13693 -44.7307 18
    endloop
  endfacet
  facet normal 0 0 1
    outer loop
      vertex 7.816 -45.4034 18
      vertex 6.13693 -45.6693 18
      vertex 6.24683 -46.1271 18
    endloop
  endfacet
  facet normal 0 0 1
    outer loop
      vertex 7.8 -45.2 18
      vertex 6.1 -45.2 18
      vertex 6.13693 -45.6693 18
    endloop
  endfacet
  facet normal -0.923873 0.382699 0
    outer loop
      vertex 6.24683 -44.2729 3
      vertex 6.42698 -43.838 18
      vertex 6.42698 -43.838 3
    endloop
  endfacet
  facet normal -0.923873 0.382699 0
    outer loop
      vertex 6.42698 -43.838 18
      vertex 6.24683 -44.2729 3
      vertex 6.24683 -44.2729 18
    endloop
  endfacet
  facet normal 0.649601 -0.760275 0
    outer loop
      vertex 10.8634 -47.6271 3
      vertex 11.2213 -47.3213 18
      vertex 10.8634 -47.6271 18
    endloop
  endfacet
  facet normal 0.649601 -0.760275 0
    outer loop
      vertex 11.2213 -47.3213 18
      vertex 10.8634 -47.6271 3
      vertex 11.2213 -47.3213 3
    endloop
  endfacet
  facet normal 0.760275 -0.649601 0
    outer loop
      vertex 11.2213 -47.3213 18
      vertex 11.5271 -46.9634 3
      vertex 11.5271 -46.9634 18
    endloop
  endfacet
  facet normal 0.760275 -0.649601 0
    outer loop
      vertex 11.5271 -46.9634 3
      vertex 11.2213 -47.3213 18
      vertex 11.2213 -47.3213 3
    endloop
  endfacet
  facet normal -0.852648 0.522486 0
    outer loop
      vertex 6.42698 -43.838 3
      vertex 6.67295 -43.4366 18
      vertex 6.67295 -43.4366 3
    endloop
  endfacet
  facet normal -0.852648 0.522486 0
    outer loop
      vertex 6.67295 -43.4366 18
      vertex 6.42698 -43.838 3
      vertex 6.42698 -43.838 18
    endloop
  endfacet
  facet normal 1 -0 0
    outer loop
      vertex 106.6 -50 3
      vertex 106.6 100 0
      vertex 106.6 100 3
    endloop
  endfacet
  facet normal 1 0 0
    outer loop
      vertex 106.6 100 0
      vertex 106.6 -50 3
      vertex 106.6 -50 0
    endloop
  endfacet
  facet normal 0 0 1
    outer loop
      vertex 95.4767 84.772 3
      vertex 6.12327 84.772 3
      vertex 95.6629 84.3226 3
    endloop
  endfacet
  facet normal 0 0 1
    outer loop
      vertex 95.6629 84.3226 3
      vertex 6.23683 41.7649 3
      vertex 6.275 41.28 3
    endloop
  endfacet
  facet normal 0 0 1
    outer loop
      vertex 5.93712 84.3226 3
      vertex 95.6629 84.3226 3
      vertex 6.12327 84.772 3
    endloop
  endfacet
  facet normal 0 0 1
    outer loop
      vertex 95.6629 84.3226 3
      vertex 6.12327 42.238 3
      vertex 6.23683 41.7649 3
    endloop
  endfacet
  facet normal 0 0 1
    outer loop
      vertex 5.93712 42.6874 3
      vertex 95.6629 84.3226 3
      vertex 5.93712 84.3226 3
    endloop
  endfacet
  facet normal 0 0 1
    outer loop
      vertex 95.6629 84.3226 3
      vertex 5.93712 42.6874 3
      vertex 6.12327 42.238 3
    endloop
  endfacet
  facet normal -0 0 1
    outer loop
      vertex 5.68295 83.9079 3
      vertex 5.93712 42.6874 3
      vertex 5.93712 84.3226 3
    endloop
  endfacet
  facet normal 0 0 1
    outer loop
      vertex 5.68295 83.9079 3
      vertex 5.68295 43.1021 3
      vertex 5.93712 42.6874 3
    endloop
  endfacet
  facet normal -0 0 1
    outer loop
      vertex 5.36703 83.538 3
      vertex 5.68295 43.1021 3
      vertex 5.68295 83.9079 3
    endloop
  endfacet
  facet normal 0 0 1
    outer loop
      vertex 5.36703 83.538 3
      vertex 5.36703 43.472 3
      vertex 5.68295 43.1021 3
    endloop
  endfacet
  facet normal -0 0 1
    outer loop
      vertex 4.99713 83.222 3
      vertex 5.36703 43.472 3
      vertex 5.36703 83.538 3
    endloop
  endfacet
  facet normal 0 0 1
    outer loop
      vertex 4.99713 83.222 3
      vertex 4.99713 43.788 3
      vertex 5.36703 43.472 3
    endloop
  endfacet
  facet normal -0 0 1
    outer loop
      vertex 4.58237 82.9679 3
      vertex 4.99713 43.788 3
      vertex 4.99713 83.222 3
    endloop
  endfacet
  facet normal 0 0 1
    outer loop
      vertex 4.58237 82.9679 3
      vertex 4.58237 44.0421 3
      vertex 4.99713 43.788 3
    endloop
  endfacet
  facet normal -0 0 1
    outer loop
      vertex 4.13295 82.7817 3
      vertex 4.58237 44.0421 3
      vertex 4.58237 82.9679 3
    endloop
  endfacet
  facet normal 0 0 1
    outer loop
      vertex 4.13295 82.7817 3
      vertex 4.13295 44.2283 3
      vertex 4.58237 44.0421 3
    endloop
  endfacet
  facet normal -0 0 1
    outer loop
      vertex 3.65995 82.6682 3
      vertex 4.13295 44.2283 3
      vertex 4.13295 82.7817 3
    endloop
  endfacet
  facet normal 0 0 1
    outer loop
      vertex 3.65995 82.6682 3
      vertex 3.65995 44.3418 3
      vertex 4.13295 44.2283 3
    endloop
  endfacet
  facet normal -0 0 1
    outer loop
      vertex 3.175 82.63 3
      vertex 3.65995 44.3418 3
      vertex 3.65995 82.6682 3
    endloop
  endfacet
  facet normal 0 0 1
    outer loop
      vertex 3.175 82.63 3
      vertex 3.175 44.38 3
      vertex 3.65995 44.3418 3
    endloop
  endfacet
  facet normal 0 0 1
    outer loop
      vertex 2.69005 82.6682 3
      vertex 3.175 44.38 3
      vertex 3.175 82.63 3
    endloop
  endfacet
  facet normal 0 0 1
    outer loop
      vertex 2.69005 82.6682 3
      vertex 2.69005 44.3418 3
      vertex 3.175 44.38 3
    endloop
  endfacet
  facet normal 0 0 1
    outer loop
      vertex 2.21705 82.7817 3
      vertex 2.69005 44.3418 3
      vertex 2.69005 82.6682 3
    endloop
  endfacet
  facet normal 0 0 1
    outer loop
      vertex 2.21705 82.7817 3
      vertex 2.21705 44.2283 3
      vertex 2.69005 44.3418 3
    endloop
  endfacet
  facet normal 0 0 1
    outer loop
      vertex 1.76763 82.9679 3
      vertex 2.21705 44.2283 3
      vertex 2.21705 82.7817 3
    endloop
  endfacet
  facet normal 0 0 1
    outer loop
      vertex 1.76763 82.9679 3
      vertex 1.76763 44.0421 3
      vertex 2.21705 44.2283 3
    endloop
  endfacet
  facet normal 0 0 1
    outer loop
      vertex 1.35287 83.222 3
      vertex 1.76763 44.0421 3
      vertex 1.76763 82.9679 3
    endloop
  endfacet
  facet normal 0 0 1
    outer loop
      vertex 1.35287 83.222 3
      vertex 1.35287 43.788 3
      vertex 1.76763 44.0421 3
    endloop
  endfacet
  facet normal 0 0 1
    outer loop
      vertex 0.982968 83.538 3
      vertex 1.35287 43.788 3
      vertex 1.35287 83.222 3
    endloop
  endfacet
  facet normal 0 0 1
    outer loop
      vertex 0.982968 83.538 3
      vertex 0.982968 43.472 3
      vertex 1.35287 43.788 3
    endloop
  endfacet
  facet normal 0 0 1
    outer loop
      vertex 0.667047 83.9079 3
      vertex 0.982968 43.472 3
      vertex 0.982968 83.538 3
    endloop
  endfacet
  facet normal 0 0 1
    outer loop
      vertex 0.667047 83.9079 3
      vertex 0.667047 43.1021 3
      vertex 0.982968 43.472 3
    endloop
  endfacet
  facet normal 0 0 1
    outer loop
      vertex 0.412879 84.3226 3
      vertex 0.667047 43.1021 3
      vertex 0.667047 83.9079 3
    endloop
  endfacet
  facet normal 0 0 1
    outer loop
      vertex 0.412879 84.3226 3
      vertex 0.412879 42.6874 3
      vertex 0.667047 43.1021 3
    endloop
  endfacet
  facet normal 0 0 1
    outer loop
      vertex 0.226725 84.772 3
      vertex 0.412879 42.6874 3
      vertex 0.412879 84.3226 3
    endloop
  endfacet
  facet normal 0 0 1
    outer loop
      vertex 0.226725 84.772 3
      vertex 0.226725 42.238 3
      vertex 0.412879 42.6874 3
    endloop
  endfacet
  facet normal 0 0 1
    outer loop
      vertex 0.113166 85.2451 3
      vertex 0.226725 42.238 3
      vertex 0.226725 84.772 3
    endloop
  endfacet
  facet normal 0 0 1
    outer loop
      vertex 0.113166 85.2451 3
      vertex 0.113166 41.7649 3
      vertex 0.226725 42.238 3
    endloop
  endfacet
  facet normal 0 0 1
    outer loop
      vertex -5 100 3
      vertex 0.113166 85.2451 3
      vertex 0.0749998 85.73 3
    endloop
  endfacet
  facet normal 0 0 1
    outer loop
      vertex 0.113166 85.2451 3
      vertex -5 100 3
      vertex 0.113166 41.7649 3
    endloop
  endfacet
  facet normal 0 0 1
    outer loop
      vertex 11.773 -17.562 3
      vertex 68.627 -17.562 3
      vertex 11.9532 -17.1271 3
    endloop
  endfacet
  facet normal 0 0 1
    outer loop
      vertex 68.627 -43.838 3
      vertex 12.0631 -44.7307 3
      vertex 12.1 -45.2 3
    endloop
  endfacet
  facet normal 0 0 1
    outer loop
      vertex 68.627 -17.562 3
      vertex 11.773 -17.562 3
      vertex 68.627 -43.838 3
    endloop
  endfacet
  facet normal 0 0 1
    outer loop
      vertex 68.627 -43.838 3
      vertex 11.9532 -44.2729 3
      vertex 12.0631 -44.7307 3
    endloop
  endfacet
  facet normal 0 0 1
    outer loop
      vertex 11.773 -43.838 3
      vertex 68.627 -43.838 3
      vertex 11.773 -17.562 3
    endloop
  endfacet
  facet normal 0 0 1
    outer loop
      vertex 68.627 -43.838 3
      vertex 11.773 -43.838 3
      vertex 11.9532 -44.2729 3
    endloop
  endfacet
  facet normal -0 0 1
    outer loop
      vertex 11.5271 -17.9634 3
      vertex 11.773 -43.838 3
      vertex 11.773 -17.562 3
    endloop
  endfacet
  facet normal 0 0 1
    outer loop
      vertex 11.5271 -17.9634 3
      vertex 11.5271 -43.4366 3
      vertex 11.773 -43.838 3
    endloop
  endfacet
  facet normal -0 0 1
    outer loop
      vertex 11.2213 -18.3213 3
      vertex 11.5271 -43.4366 3
      vertex 11.5271 -17.9634 3
    endloop
  endfacet
  facet normal 0 0 1
    outer loop
      vertex 11.2213 -18.3213 3
      vertex 11.2213 -43.0787 3
      vertex 11.5271 -43.4366 3
    endloop
  endfacet
  facet normal -0 0 1
    outer loop
      vertex 10.8634 -18.6271 3
      vertex 11.2213 -43.0787 3
      vertex 11.2213 -18.3213 3
    endloop
  endfacet
  facet normal 0 0 1
    outer loop
      vertex 10.8634 -18.6271 3
      vertex 10.8634 -42.7729 3
      vertex 11.2213 -43.0787 3
    endloop
  endfacet
  facet normal -0 0 1
    outer loop
      vertex 10.462 -18.873 3
      vertex 10.8634 -42.7729 3
      vertex 10.8634 -18.6271 3
    endloop
  endfacet
  facet normal 0 0 1
    outer loop
      vertex 10.462 -18.873 3
      vertex 10.462 -42.527 3
      vertex 10.8634 -42.7729 3
    endloop
  endfacet
  facet normal -0 0 1
    outer loop
      vertex 10.0271 -19.0532 3
      vertex 10.462 -42.527 3
      vertex 10.462 -18.873 3
    endloop
  endfacet
  facet normal 0 0 1
    outer loop
      vertex 10.0271 -19.0532 3
      vertex 10.0271 -42.3468 3
      vertex 10.462 -42.527 3
    endloop
  endfacet
  facet normal -0 0 1
    outer loop
      vertex 9.5693 -19.1631 3
      vertex 10.0271 -42.3468 3
      vertex 10.0271 -19.0532 3
    endloop
  endfacet
  facet normal 0 0 1
    outer loop
      vertex 9.5693 -19.1631 3
      vertex 9.5693 -42.2369 3
      vertex 10.0271 -42.3468 3
    endloop
  endfacet
  facet normal -0 0 1
    outer loop
      vertex 9.1 -19.2 3
      vertex 9.5693 -42.2369 3
      vertex 9.5693 -19.1631 3
    endloop
  endfacet
  facet normal 0 0 1
    outer loop
      vertex 9.1 -19.2 3
      vertex 9.1 -42.2 3
      vertex 9.5693 -42.2369 3
    endloop
  endfacet
  facet normal 0 0 1
    outer loop
      vertex 8.6307 -19.1631 3
      vertex 9.1 -42.2 3
      vertex 9.1 -19.2 3
    endloop
  endfacet
  facet normal 0 0 1
    outer loop
      vertex 8.6307 -19.1631 3
      vertex 8.6307 -42.2369 3
      vertex 9.1 -42.2 3
    endloop
  endfacet
  facet normal 0 0 1
    outer loop
      vertex 8.17295 -19.0532 3
      vertex 8.6307 -42.2369 3
      vertex 8.6307 -19.1631 3
    endloop
  endfacet
  facet normal 0 0 1
    outer loop
      vertex 8.17295 -19.0532 3
      vertex 8.17295 -42.3468 3
      vertex 8.6307 -42.2369 3
    endloop
  endfacet
  facet normal 0 0 1
    outer loop
      vertex 7.73803 -18.873 3
      vertex 8.17295 -42.3468 3
      vertex 8.17295 -19.0532 3
    endloop
  endfacet
  facet normal 0 0 1
    outer loop
      vertex 7.73803 -18.873 3
      vertex 7.73803 -42.527 3
      vertex 8.17295 -42.3468 3
    endloop
  endfacet
  facet normal 0 0 1
    outer loop
      vertex 7.33664 -18.6271 3
      vertex 7.73803 -42.527 3
      vertex 7.73803 -18.873 3
    endloop
  endfacet
  facet normal 0 0 1
    outer loop
      vertex 7.33664 -18.6271 3
      vertex 7.33664 -42.7729 3
      vertex 7.73803 -42.527 3
    endloop
  endfacet
  facet normal 0 0 1
    outer loop
      vertex 6.97868 -18.3213 3
      vertex 7.33664 -42.7729 3
      vertex 7.33664 -18.6271 3
    endloop
  endfacet
  facet normal 0 0 1
    outer loop
      vertex 6.97868 -18.3213 3
      vertex 6.97868 -43.0787 3
      vertex 7.33664 -42.7729 3
    endloop
  endfacet
  facet normal 0 0 1
    outer loop
      vertex 6.67295 -17.9634 3
      vertex 6.97868 -43.0787 3
      vertex 6.97868 -18.3213 3
    endloop
  endfacet
  facet normal 0 0 1
    outer loop
      vertex 6.67295 -17.9634 3
      vertex 6.67295 -43.4366 3
      vertex 6.97868 -43.0787 3
    endloop
  endfacet
  facet normal 0 0 1
    outer loop
      vertex -5 -50 3
      vertex 6.67295 -17.9634 3
      vertex 6.42698 -17.562 3
    endloop
  endfacet
  facet normal 0 0 1
    outer loop
      vertex 6.67295 -17.9634 3
      vertex -5 -50 3
      vertex 6.67295 -43.4366 3
    endloop
  endfacet
  facet normal 0 0 1
    outer loop
      vertex -5 -50 3
      vertex 6.42698 -17.562 3
      vertex 6.24683 -17.1271 3
    endloop
  endfacet
  facet normal 0 0 1
    outer loop
      vertex 6.67295 -43.4366 3
      vertex -5 -50 3
      vertex 6.42698 -43.838 3
    endloop
  endfacet
  facet normal 0 0 1
    outer loop
      vertex -5 -50 3
      vertex 6.24683 -17.1271 3
      vertex 6.13693 -16.6693 3
    endloop
  endfacet
  facet normal 0 0 1
    outer loop
      vertex 6.42698 -43.838 3
      vertex -5 -50 3
      vertex 6.24683 -44.2729 3
    endloop
  endfacet
  facet normal 0 0 1
    outer loop
      vertex -5 -50 3
      vertex 6.13693 -16.6693 3
      vertex 6.1 -16.2 3
    endloop
  endfacet
  facet normal 0 0 1
    outer loop
      vertex 6.24683 -44.2729 3
      vertex -5 -50 3
      vertex 6.13693 -44.7307 3
    endloop
  endfacet
  facet normal -0 0 1
    outer loop
      vertex 74.1532 -17.1271 3
      vertex 106.6 -50 3
      vertex 74.2631 -16.6693 3
    endloop
  endfacet
  facet normal 0 0 1
    outer loop
      vertex 106.6 -50 3
      vertex 74.2631 -44.7307 3
      vertex 74.3 -45.2 3
    endloop
  endfacet
  facet normal -0 0 1
    outer loop
      vertex 73.973 -17.562 3
      vertex 106.6 -50 3
      vertex 74.1532 -17.1271 3
    endloop
  endfacet
  facet normal 0 0 1
    outer loop
      vertex 106.6 -50 3
      vertex 74.1532 -44.2729 3
      vertex 74.2631 -44.7307 3
    endloop
  endfacet
  facet normal -0 0 1
    outer loop
      vertex 73.7271 -17.9634 3
      vertex 106.6 -50 3
      vertex 73.973 -17.562 3
    endloop
  endfacet
  facet normal 0 0 1
    outer loop
      vertex 106.6 -50 3
      vertex 73.973 -43.838 3
      vertex 74.1532 -44.2729 3
    endloop
  endfacet
  facet normal -0 0 1
    outer loop
      vertex 73.7271 -43.4366 3
      vertex 106.6 -50 3
      vertex 73.7271 -17.9634 3
    endloop
  endfacet
  facet normal 0 0 1
    outer loop
      vertex 106.6 -50 3
      vertex 73.7271 -43.4366 3
      vertex 73.973 -43.838 3
    endloop
  endfacet
  facet normal -0 0 1
    outer loop
      vertex 73.4213 -18.3213 3
      vertex 73.7271 -43.4366 3
      vertex 73.7271 -17.9634 3
    endloop
  endfacet
  facet normal 0 0 1
    outer loop
      vertex 73.4213 -18.3213 3
      vertex 73.4213 -43.0787 3
      vertex 73.7271 -43.4366 3
    endloop
  endfacet
  facet normal -0 0 1
    outer loop
      vertex 73.0634 -18.6271 3
      vertex 73.4213 -43.0787 3
      vertex 73.4213 -18.3213 3
    endloop
  endfacet
  facet normal 0 0 1
    outer loop
      vertex 73.0634 -18.6271 3
      vertex 73.0634 -42.7729 3
      vertex 73.4213 -43.0787 3
    endloop
  endfacet
  facet normal -0 0 1
    outer loop
      vertex 72.662 -18.873 3
      vertex 73.0634 -42.7729 3
      vertex 73.0634 -18.6271 3
    endloop
  endfacet
  facet normal 0 0 1
    outer loop
      vertex 72.662 -18.873 3
      vertex 72.662 -42.527 3
      vertex 73.0634 -42.7729 3
    endloop
  endfacet
  facet normal -0 0 1
    outer loop
      vertex 72.2271 -19.0532 3
      vertex 72.662 -42.527 3
      vertex 72.662 -18.873 3
    endloop
  endfacet
  facet normal 0 0 1
    outer loop
      vertex 72.2271 -19.0532 3
      vertex 72.2271 -42.3468 3
      vertex 72.662 -42.527 3
    endloop
  endfacet
  facet normal -0 0 1
    outer loop
      vertex 71.7693 -19.1631 3
      vertex 72.2271 -42.3468 3
      vertex 72.2271 -19.0532 3
    endloop
  endfacet
  facet normal 0 0 1
    outer loop
      vertex 71.7693 -19.1631 3
      vertex 71.7693 -42.2369 3
      vertex 72.2271 -42.3468 3
    endloop
  endfacet
  facet normal -0 0 1
    outer loop
      vertex 71.3 -19.2 3
      vertex 71.7693 -42.2369 3
      vertex 71.7693 -19.1631 3
    endloop
  endfacet
  facet normal 0 0 1
    outer loop
      vertex 71.3 -19.2 3
      vertex 71.3 -42.2 3
      vertex 71.7693 -42.2369 3
    endloop
  endfacet
  facet normal 0 0 1
    outer loop
      vertex 70.8307 -19.1631 3
      vertex 71.3 -42.2 3
      vertex 71.3 -19.2 3
    endloop
  endfacet
  facet normal 0 0 1
    outer loop
      vertex 70.8307 -19.1631 3
      vertex 70.8307 -42.2369 3
      vertex 71.3 -42.2 3
    endloop
  endfacet
  facet normal 0 0 1
    outer loop
      vertex 70.3729 -19.0532 3
      vertex 70.8307 -42.2369 3
      vertex 70.8307 -19.1631 3
    endloop
  endfacet
  facet normal 0 0 1
    outer loop
      vertex 70.3729 -19.0532 3
      vertex 70.3729 -42.3468 3
      vertex 70.8307 -42.2369 3
    endloop
  endfacet
  facet normal 0 0 1
    outer loop
      vertex 69.938 -18.873 3
      vertex 70.3729 -42.3468 3
      vertex 70.3729 -19.0532 3
    endloop
  endfacet
  facet normal 0 0 1
    outer loop
      vertex 69.938 -18.873 3
      vertex 69.938 -42.527 3
      vertex 70.3729 -42.3468 3
    endloop
  endfacet
  facet normal 0 0 1
    outer loop
      vertex 69.5366 -18.6271 3
      vertex 69.938 -42.527 3
      vertex 69.938 -18.873 3
    endloop
  endfacet
  facet normal 0 0 1
    outer loop
      vertex 69.5366 -18.6271 3
      vertex 69.5366 -42.7729 3
      vertex 69.938 -42.527 3
    endloop
  endfacet
  facet normal 0 0 1
    outer loop
      vertex 69.1787 -18.3213 3
      vertex 69.5366 -42.7729 3
      vertex 69.5366 -18.6271 3
    endloop
  endfacet
  facet normal 0 0 1
    outer loop
      vertex 69.1787 -18.3213 3
      vertex 69.1787 -43.0787 3
      vertex 69.5366 -42.7729 3
    endloop
  endfacet
  facet normal 0 0 1
    outer loop
      vertex 68.8729 -17.9634 3
      vertex 69.1787 -43.0787 3
      vertex 69.1787 -18.3213 3
    endloop
  endfacet
  facet normal 0 0 1
    outer loop
      vertex 68.8729 -17.9634 3
      vertex 68.8729 -43.4366 3
      vertex 69.1787 -43.0787 3
    endloop
  endfacet
  facet normal 0 0 1
    outer loop
      vertex 68.627 -17.562 3
      vertex 68.8729 -43.4366 3
      vertex 68.8729 -17.9634 3
    endloop
  endfacet
  facet normal 0 0 1
    outer loop
      vertex 68.627 -17.562 3
      vertex 68.627 -43.838 3
      vertex 68.8729 -43.4366 3
    endloop
  endfacet
  facet normal 0 0 1
    outer loop
      vertex 68.3369 -16.6693 3
      vertex 12.0631 -16.6693 3
      vertex 68.4468 -17.1271 3
    endloop
  endfacet
  facet normal 0 0 1
    outer loop
      vertex 11.9532 -17.1271 3
      vertex 68.4468 -17.1271 3
      vertex 12.0631 -16.6693 3
    endloop
  endfacet
  facet normal 0 0 1
    outer loop
      vertex 12.0631 -16.6693 3
      vertex 68.3369 -16.6693 3
      vertex 12.1 -16.2 3
    endloop
  endfacet
  facet normal 0 0 1
    outer loop
      vertex 68.4468 -17.1271 3
      vertex 11.9532 -17.1271 3
      vertex 68.627 -17.562 3
    endloop
  endfacet
  facet normal -0 0 1
    outer loop
      vertex 12.1 -16.2 3
      vertex 68.3369 -16.6693 3
      vertex 68.3 -16.2 3
    endloop
  endfacet
  facet normal 0 0 1
    outer loop
      vertex 68.627 -43.838 3
      vertex 12.1 -45.2 3
      vertex 68.4468 -44.2729 3
    endloop
  endfacet
  facet normal 0 0 1
    outer loop
      vertex 101.487 41.7649 3
      vertex 106.6 100 3
      vertex 101.487 85.2451 3
    endloop
  endfacet
  facet normal 0 0 1
    outer loop
      vertex 106.6 100 3
      vertex 101.487 41.7649 3
      vertex 101.525 41.28 3
    endloop
  endfacet
  facet normal -0 0 1
    outer loop
      vertex 101.373 84.772 3
      vertex 101.487 41.7649 3
      vertex 101.487 85.2451 3
    endloop
  endfacet
  facet normal 0 0 1
    outer loop
      vertex 101.373 84.772 3
      vertex 101.373 42.238 3
      vertex 101.487 41.7649 3
    endloop
  endfacet
  facet normal -0 0 1
    outer loop
      vertex 101.187 84.3226 3
      vertex 101.373 42.238 3
      vertex 101.373 84.772 3
    endloop
  endfacet
  facet normal 0 0 1
    outer loop
      vertex 101.187 84.3226 3
      vertex 101.187 42.6874 3
      vertex 101.373 42.238 3
    endloop
  endfacet
  facet normal -0 0 1
    outer loop
      vertex 100.933 83.9079 3
      vertex 101.187 42.6874 3
      vertex 101.187 84.3226 3
    endloop
  endfacet
  facet normal 0 0 1
    outer loop
      vertex 100.933 83.9079 3
      vertex 100.933 43.1021 3
      vertex 101.187 42.6874 3
    endloop
  endfacet
  facet normal -0 0 1
    outer loop
      vertex 100.617 83.538 3
      vertex 100.933 43.1021 3
      vertex 100.933 83.9079 3
    endloop
  endfacet
  facet normal 0 0 1
    outer loop
      vertex 100.617 83.538 3
      vertex 100.617 43.472 3
      vertex 100.933 43.1021 3
    endloop
  endfacet
  facet normal -0 0 1
    outer loop
      vertex 100.247 83.222 3
      vertex 100.617 43.472 3
      vertex 100.617 83.538 3
    endloop
  endfacet
  facet normal 0 0 1
    outer loop
      vertex 100.247 83.222 3
      vertex 100.247 43.788 3
      vertex 100.617 43.472 3
    endloop
  endfacet
  facet normal -0 0 1
    outer loop
      vertex 99.8324 82.9679 3
      vertex 100.247 43.788 3
      vertex 100.247 83.222 3
    endloop
  endfacet
  facet normal 0 0 1
    outer loop
      vertex 99.8324 82.9679 3
      vertex 99.8324 44.0421 3
      vertex 100.247 43.788 3
    endloop
  endfacet
  facet normal -0 0 1
    outer loop
      vertex 99.3829 82.7817 3
      vertex 99.8324 44.0421 3
      vertex 99.8324 82.9679 3
    endloop
  endfacet
  facet normal 0 0 1
    outer loop
      vertex 99.3829 82.7817 3
      vertex 99.3829 44.2283 3
      vertex 99.8324 44.0421 3
    endloop
  endfacet
  facet normal -0 0 1
    outer loop
      vertex 98.9099 82.6682 3
      vertex 99.3829 44.2283 3
      vertex 99.3829 82.7817 3
    endloop
  endfacet
  facet normal 0 0 1
    outer loop
      vertex 98.9099 82.6682 3
      vertex 98.9099 44.3418 3
      vertex 99.3829 44.2283 3
    endloop
  endfacet
  facet normal -0 0 1
    outer loop
      vertex 98.425 82.63 3
      vertex 98.9099 44.3418 3
      vertex 98.9099 82.6682 3
    endloop
  endfacet
  facet normal 0 0 1
    outer loop
      vertex 98.425 82.63 3
      vertex 98.425 44.38 3
      vertex 98.9099 44.3418 3
    endloop
  endfacet
  facet normal 0 0 1
    outer loop
      vertex 97.9401 82.6682 3
      vertex 98.425 44.38 3
      vertex 98.425 82.63 3
    endloop
  endfacet
  facet normal 0 0 1
    outer loop
      vertex 97.9401 82.6682 3
      vertex 97.9401 44.3418 3
      vertex 98.425 44.38 3
    endloop
  endfacet
  facet normal 0 0 1
    outer loop
      vertex 97.467 82.7817 3
      vertex 97.9401 44.3418 3
      vertex 97.9401 82.6682 3
    endloop
  endfacet
  facet normal 0 0 1
    outer loop
      vertex 97.467 82.7817 3
      vertex 97.467 44.2283 3
      vertex 97.9401 44.3418 3
    endloop
  endfacet
  facet normal 0 0 1
    outer loop
      vertex 97.0176 82.9679 3
      vertex 97.467 44.2283 3
      vertex 97.467 82.7817 3
    endloop
  endfacet
  facet normal 0 0 1
    outer loop
      vertex 97.0176 82.9679 3
      vertex 97.0176 44.0421 3
      vertex 97.467 44.2283 3
    endloop
  endfacet
  facet normal 0 0 1
    outer loop
      vertex 96.6029 83.222 3
      vertex 97.0176 44.0421 3
      vertex 97.0176 82.9679 3
    endloop
  endfacet
  facet normal 0 0 1
    outer loop
      vertex 96.6029 83.222 3
      vertex 96.6029 43.788 3
      vertex 97.0176 44.0421 3
    endloop
  endfacet
  facet normal 0 0 1
    outer loop
      vertex 96.233 83.538 3
      vertex 96.6029 43.788 3
      vertex 96.6029 83.222 3
    endloop
  endfacet
  facet normal 0 0 1
    outer loop
      vertex 96.233 83.538 3
      vertex 96.233 43.472 3
      vertex 96.6029 43.788 3
    endloop
  endfacet
  facet normal 0 0 1
    outer loop
      vertex 95.917 83.9079 3
      vertex 96.233 43.472 3
      vertex 96.233 83.538 3
    endloop
  endfacet
  facet normal 0 0 1
    outer loop
      vertex 95.917 83.9079 3
      vertex 95.917 43.1021 3
      vertex 96.233 43.472 3
    endloop
  endfacet
  facet normal 0 0 1
    outer loop
      vertex 95.6629 84.3226 3
      vertex 95.917 43.1021 3
      vertex 95.917 83.9079 3
    endloop
  endfacet
  facet normal 0 0 1
    outer loop
      vertex 95.6629 84.3226 3
      vertex 95.6629 42.6874 3
      vertex 95.917 43.1021 3
    endloop
  endfacet
  facet normal 0 0 1
    outer loop
      vertex 95.3632 85.2451 3
      vertex 6.23683 85.2451 3
      vertex 95.4767 84.772 3
    endloop
  endfacet
  facet normal 0 0 1
    outer loop
      vertex 95.6629 84.3226 3
      vertex 6.275 41.28 3
      vertex 95.6629 42.6874 3
    endloop
  endfacet
  facet normal 0 0 1
    outer loop
      vertex 6.23683 85.2451 3
      vertex 95.3632 85.2451 3
      vertex 6.275 85.73 3
    endloop
  endfacet
  facet normal 0 0 1
    outer loop
      vertex 95.6629 42.6874 3
      vertex 6.275 41.28 3
      vertex 95.4767 42.238 3
    endloop
  endfacet
  facet normal -0 0 1
    outer loop
      vertex 6.275 85.73 3
      vertex 95.3632 85.2451 3
      vertex 95.325 85.73 3
    endloop
  endfacet
  facet normal 0 0 1
    outer loop
      vertex 95.4767 42.238 3
      vertex 6.275 41.28 3
      vertex 95.3632 41.7649 3
    endloop
  endfacet
  facet normal 0 0 1
    outer loop
      vertex 101.487 85.2451 3
      vertex 106.6 100 3
      vertex 101.525 85.73 3
    endloop
  endfacet
  facet normal 0 0 1
    outer loop
      vertex 106.6 100 3
      vertex 101.487 86.215 3
      vertex 101.525 85.73 3
    endloop
  endfacet
  facet normal 0 0 1
    outer loop
      vertex 106.6 100 3
      vertex 101.373 86.688 3
      vertex 101.487 86.215 3
    endloop
  endfacet
  facet normal 0 0 1
    outer loop
      vertex 106.6 100 3
      vertex 101.187 87.1374 3
      vertex 101.373 86.688 3
    endloop
  endfacet
  facet normal 0 0 1
    outer loop
      vertex 106.6 100 3
      vertex 100.933 87.5521 3
      vertex 101.187 87.1374 3
    endloop
  endfacet
  facet normal 0 0 1
    outer loop
      vertex 106.6 100 3
      vertex 100.617 87.922 3
      vertex 100.933 87.5521 3
    endloop
  endfacet
  facet normal 0 0 1
    outer loop
      vertex 106.6 100 3
      vertex 100.247 88.238 3
      vertex 100.617 87.922 3
    endloop
  endfacet
  facet normal 0 0 1
    outer loop
      vertex 106.6 100 3
      vertex 99.8324 88.4921 3
      vertex 100.247 88.238 3
    endloop
  endfacet
  facet normal 0 0 1
    outer loop
      vertex 106.6 100 3
      vertex 99.3829 88.6783 3
      vertex 99.8324 88.4921 3
    endloop
  endfacet
  facet normal 0 0 1
    outer loop
      vertex 106.6 100 3
      vertex 98.9099 88.7918 3
      vertex 99.3829 88.6783 3
    endloop
  endfacet
  facet normal 0 0 1
    outer loop
      vertex 106.6 100 3
      vertex 98.425 88.83 3
      vertex 98.9099 88.7918 3
    endloop
  endfacet
  facet normal 0 0 1
    outer loop
      vertex 106.6 100 3
      vertex 97.9401 88.7918 3
      vertex 98.425 88.83 3
    endloop
  endfacet
  facet normal 0 0 1
    outer loop
      vertex 106.6 100 3
      vertex 97.467 88.6783 3
      vertex 97.9401 88.7918 3
    endloop
  endfacet
  facet normal 0 0 1
    outer loop
      vertex 106.6 100 3
      vertex 97.0176 88.4921 3
      vertex 97.467 88.6783 3
    endloop
  endfacet
  facet normal 0 0 1
    outer loop
      vertex 106.6 100 3
      vertex 96.6029 88.238 3
      vertex 97.0176 88.4921 3
    endloop
  endfacet
  facet normal 0 0 1
    outer loop
      vertex 106.6 100 3
      vertex 96.233 87.922 3
      vertex 96.6029 88.238 3
    endloop
  endfacet
  facet normal 0 0 1
    outer loop
      vertex 95.3632 41.7649 3
      vertex 6.275 41.28 3
      vertex 95.325 41.28 3
    endloop
  endfacet
  facet normal 0 0 1
    outer loop
      vertex 6.275 85.73 3
      vertex 95.325 85.73 3
      vertex 95.3632 86.215 3
    endloop
  endfacet
  facet normal 0 0 1
    outer loop
      vertex 95.325 41.28 3
      vertex 74.2631 -15.7307 3
      vertex 74.3 -16.2 3
    endloop
  endfacet
  facet normal 0 0 1
    outer loop
      vertex 95.325 41.28 3
      vertex 74.1532 -15.2729 3
      vertex 74.2631 -15.7307 3
    endloop
  endfacet
  facet normal 0 0 1
    outer loop
      vertex 95.325 41.28 3
      vertex 73.973 -14.838 3
      vertex 74.1532 -15.2729 3
    endloop
  endfacet
  facet normal 0 0 1
    outer loop
      vertex 95.325 41.28 3
      vertex 73.7271 -14.4366 3
      vertex 73.973 -14.838 3
    endloop
  endfacet
  facet normal 0 0 1
    outer loop
      vertex 95.325 41.28 3
      vertex 73.4213 -14.0787 3
      vertex 73.7271 -14.4366 3
    endloop
  endfacet
  facet normal 0 0 1
    outer loop
      vertex 95.325 41.28 3
      vertex 73.0634 -13.7729 3
      vertex 73.4213 -14.0787 3
    endloop
  endfacet
  facet normal 0 0 1
    outer loop
      vertex 95.325 41.28 3
      vertex 72.662 -13.527 3
      vertex 73.0634 -13.7729 3
    endloop
  endfacet
  facet normal 0 0 1
    outer loop
      vertex 95.325 41.28 3
      vertex 72.2271 -13.3468 3
      vertex 72.662 -13.527 3
    endloop
  endfacet
  facet normal 0 0 1
    outer loop
      vertex 95.325 41.28 3
      vertex 71.7693 -13.2369 3
      vertex 72.2271 -13.3468 3
    endloop
  endfacet
  facet normal 0 0 1
    outer loop
      vertex 95.325 41.28 3
      vertex 71.3 -13.2 3
      vertex 71.7693 -13.2369 3
    endloop
  endfacet
  facet normal 0 0 1
    outer loop
      vertex 6.23683 86.215 3
      vertex 95.3632 86.215 3
      vertex 95.4767 86.688 3
    endloop
  endfacet
  facet normal 0 0 1
    outer loop
      vertex 95.325 41.28 3
      vertex 70.8307 -13.2369 3
      vertex 71.3 -13.2 3
    endloop
  endfacet
  facet normal 0 0 1
    outer loop
      vertex 6.23683 40.7951 3
      vertex 95.325 41.28 3
      vertex 6.275 41.28 3
    endloop
  endfacet
  facet normal 0 0 1
    outer loop
      vertex 95.325 41.28 3
      vertex 70.3729 -13.3468 3
      vertex 70.8307 -13.2369 3
    endloop
  endfacet
  facet normal 0 0 1
    outer loop
      vertex 6.12327 40.322 3
      vertex 95.325 41.28 3
      vertex 6.23683 40.7951 3
    endloop
  endfacet
  facet normal 0 0 1
    outer loop
      vertex 95.325 41.28 3
      vertex 69.938 -13.527 3
      vertex 70.3729 -13.3468 3
    endloop
  endfacet
  facet normal 0 0 1
    outer loop
      vertex 95.325 41.28 3
      vertex 6.12327 40.322 3
      vertex 69.938 -13.527 3
    endloop
  endfacet
  facet normal 0 0 1
    outer loop
      vertex 69.938 -13.527 3
      vertex 6.12327 40.322 3
      vertex 69.5366 -13.7729 3
    endloop
  endfacet
  facet normal -0 0 1
    outer loop
      vertex 5.93712 39.8726 3
      vertex 69.5366 -13.7729 3
      vertex 6.12327 40.322 3
    endloop
  endfacet
  facet normal 0 0 1
    outer loop
      vertex 68.4468 -44.2729 3
      vertex 12.1 -45.2 3
      vertex 68.3369 -44.7307 3
    endloop
  endfacet
  facet normal 0 0 1
    outer loop
      vertex 68.3369 -15.7307 3
      vertex 12.1 -16.2 3
      vertex 68.3 -16.2 3
    endloop
  endfacet
  facet normal 0 0 1
    outer loop
      vertex 12.0631 -15.7307 3
      vertex 68.3369 -15.7307 3
      vertex 68.4468 -15.2729 3
    endloop
  endfacet
  facet normal 0 0 1
    outer loop
      vertex 69.5366 -13.7729 3
      vertex 5.93712 39.8726 3
      vertex 69.1787 -14.0787 3
    endloop
  endfacet
  facet normal 0 0 1
    outer loop
      vertex 6.12327 86.688 3
      vertex 95.4767 86.688 3
      vertex 95.6629 87.1374 3
    endloop
  endfacet
  facet normal 0 0 1
    outer loop
      vertex 5.93712 87.1374 3
      vertex 95.6629 87.1374 3
      vertex 95.917 87.5521 3
    endloop
  endfacet
  facet normal 0 0 1
    outer loop
      vertex 68.3369 -15.7307 3
      vertex 12.0631 -15.7307 3
      vertex 12.1 -16.2 3
    endloop
  endfacet
  facet normal 0 0 1
    outer loop
      vertex 68.4468 -15.2729 3
      vertex 11.9532 -15.2729 3
      vertex 12.0631 -15.7307 3
    endloop
  endfacet
  facet normal 0 0 1
    outer loop
      vertex 68.4468 -15.2729 3
      vertex 11.773 -14.838 3
      vertex 11.9532 -15.2729 3
    endloop
  endfacet
  facet normal 0 0 1
    outer loop
      vertex 69.1787 -14.0787 3
      vertex 11.2213 -14.0787 3
      vertex 68.8729 -14.4366 3
    endloop
  endfacet
  facet normal 0 0 1
    outer loop
      vertex 68.627 -14.838 3
      vertex 11.773 -14.838 3
      vertex 68.4468 -15.2729 3
    endloop
  endfacet
  facet normal 0 -0 1
    outer loop
      vertex 11.5271 -14.4366 3
      vertex 68.8729 -14.4366 3
      vertex 11.2213 -14.0787 3
    endloop
  endfacet
  facet normal 0 -0 1
    outer loop
      vertex 11.773 -14.838 3
      vertex 68.627 -14.838 3
      vertex 11.5271 -14.4366 3
    endloop
  endfacet
  facet normal 0 0 1
    outer loop
      vertex 68.8729 -14.4366 3
      vertex 11.5271 -14.4366 3
      vertex 68.627 -14.838 3
    endloop
  endfacet
  facet normal 0 0 1
    outer loop
      vertex 11.2213 -14.0787 3
      vertex 5.68295 39.4579 3
      vertex 10.8634 -13.7729 3
    endloop
  endfacet
  facet normal 0 0 1
    outer loop
      vertex 5.68295 87.5521 3
      vertex 95.917 87.5521 3
      vertex 96.233 87.922 3
    endloop
  endfacet
  facet normal -0 0 1
    outer loop
      vertex 5.36703 39.088 3
      vertex 10.8634 -13.7729 3
      vertex 5.68295 39.4579 3
    endloop
  endfacet
  facet normal 0 0 1
    outer loop
      vertex 5.36703 87.922 3
      vertex 96.233 87.922 3
      vertex 106.6 100 3
    endloop
  endfacet
  facet normal 0 0 1
    outer loop
      vertex 10.8634 -13.7729 3
      vertex 5.36703 39.088 3
      vertex 10.462 -13.527 3
    endloop
  endfacet
  facet normal -0 0 1
    outer loop
      vertex 4.99713 38.772 3
      vertex 10.462 -13.527 3
      vertex 5.36703 39.088 3
    endloop
  endfacet
  facet normal 0 0 1
    outer loop
      vertex 10.462 -13.527 3
      vertex 4.99713 38.772 3
      vertex 10.0271 -13.3468 3
    endloop
  endfacet
  facet normal -0 0 1
    outer loop
      vertex 4.58237 38.5179 3
      vertex 10.0271 -13.3468 3
      vertex 4.99713 38.772 3
    endloop
  endfacet
  facet normal 0 0 1
    outer loop
      vertex 10.0271 -13.3468 3
      vertex 4.58237 38.5179 3
      vertex 9.5693 -13.2369 3
    endloop
  endfacet
  facet normal 0 -0 1
    outer loop
      vertex 11.2213 -14.0787 3
      vertex 69.1787 -14.0787 3
      vertex 5.68295 39.4579 3
    endloop
  endfacet
  facet normal -0 0 1
    outer loop
      vertex 5.68295 39.4579 3
      vertex 69.1787 -14.0787 3
      vertex 5.93712 39.8726 3
    endloop
  endfacet
  facet normal 0 0 1
    outer loop
      vertex 6.12327 84.772 3
      vertex 95.4767 84.772 3
      vertex 6.23683 85.2451 3
    endloop
  endfacet
  facet normal 0 0 1
    outer loop
      vertex 95.3632 86.215 3
      vertex 6.23683 86.215 3
      vertex 6.275 85.73 3
    endloop
  endfacet
  facet normal 0 0 1
    outer loop
      vertex 95.4767 86.688 3
      vertex 6.12327 86.688 3
      vertex 6.23683 86.215 3
    endloop
  endfacet
  facet normal 0 0 1
    outer loop
      vertex 95.6629 87.1374 3
      vertex 5.93712 87.1374 3
      vertex 6.12327 86.688 3
    endloop
  endfacet
  facet normal 0 0 1
    outer loop
      vertex 95.917 87.5521 3
      vertex 5.68295 87.5521 3
      vertex 5.93712 87.1374 3
    endloop
  endfacet
  facet normal 0 0 1
    outer loop
      vertex 96.233 87.922 3
      vertex 5.36703 87.922 3
      vertex 5.68295 87.5521 3
    endloop
  endfacet
  facet normal -0 0 1
    outer loop
      vertex -5 100 3
      vertex 5.36703 87.922 3
      vertex 106.6 100 3
    endloop
  endfacet
  facet normal 0 0 1
    outer loop
      vertex 5.36703 87.922 3
      vertex -5 100 3
      vertex 4.99713 88.238 3
    endloop
  endfacet
  facet normal 0 0 1
    outer loop
      vertex 4.99713 88.238 3
      vertex -5 100 3
      vertex 4.58237 88.4921 3
    endloop
  endfacet
  facet normal 0 0 1
    outer loop
      vertex 4.58237 88.4921 3
      vertex -5 100 3
      vertex 4.13295 88.6783 3
    endloop
  endfacet
  facet normal 0 0 1
    outer loop
      vertex 4.13295 88.6783 3
      vertex -5 100 3
      vertex 3.65995 88.7918 3
    endloop
  endfacet
  facet normal 0 0 1
    outer loop
      vertex 3.65995 88.7918 3
      vertex -5 100 3
      vertex 3.175 88.83 3
    endloop
  endfacet
  facet normal 0 0 1
    outer loop
      vertex 0.113166 41.7649 3
      vertex -5 100 3
      vertex 0.0749998 41.28 3
    endloop
  endfacet
  facet normal 0 0 1
    outer loop
      vertex 0.113166 86.215 3
      vertex -5 100 3
      vertex 0.0749998 85.73 3
    endloop
  endfacet
  facet normal 0 0 1
    outer loop
      vertex 0.226725 86.688 3
      vertex -5 100 3
      vertex 0.113166 86.215 3
    endloop
  endfacet
  facet normal 0 0 1
    outer loop
      vertex 0.412879 87.1374 3
      vertex -5 100 3
      vertex 0.226725 86.688 3
    endloop
  endfacet
  facet normal 0 0 1
    outer loop
      vertex 0.667047 87.5521 3
      vertex -5 100 3
      vertex 0.412879 87.1374 3
    endloop
  endfacet
  facet normal 0 0 1
    outer loop
      vertex 0.982968 87.922 3
      vertex -5 100 3
      vertex 0.667047 87.5521 3
    endloop
  endfacet
  facet normal 0 0 1
    outer loop
      vertex 1.35287 88.238 3
      vertex -5 100 3
      vertex 0.982968 87.922 3
    endloop
  endfacet
  facet normal 0 0 1
    outer loop
      vertex 1.76763 88.4921 3
      vertex -5 100 3
      vertex 1.35287 88.238 3
    endloop
  endfacet
  facet normal 0 0 1
    outer loop
      vertex 2.21705 88.6783 3
      vertex -5 100 3
      vertex 1.76763 88.4921 3
    endloop
  endfacet
  facet normal 0 0 1
    outer loop
      vertex 2.69005 88.7918 3
      vertex -5 100 3
      vertex 2.21705 88.6783 3
    endloop
  endfacet
  facet normal 0 0 1
    outer loop
      vertex 3.175 88.83 3
      vertex -5 100 3
      vertex 2.69005 88.7918 3
    endloop
  endfacet
  facet normal 0 0 1
    outer loop
      vertex 106.6 100 3
      vertex 101.525 41.28 3
      vertex 106.6 -50 3
    endloop
  endfacet
  facet normal -0 0 1
    outer loop
      vertex 101.487 40.7951 3
      vertex 106.6 -50 3
      vertex 101.525 41.28 3
    endloop
  endfacet
  facet normal -0 0 1
    outer loop
      vertex 101.373 40.322 3
      vertex 106.6 -50 3
      vertex 101.487 40.7951 3
    endloop
  endfacet
  facet normal -0 0 1
    outer loop
      vertex 101.187 39.8726 3
      vertex 106.6 -50 3
      vertex 101.373 40.322 3
    endloop
  endfacet
  facet normal -0 0 1
    outer loop
      vertex 100.933 39.4579 3
      vertex 106.6 -50 3
      vertex 101.187 39.8726 3
    endloop
  endfacet
  facet normal -0 0 1
    outer loop
      vertex 100.617 39.088 3
      vertex 106.6 -50 3
      vertex 100.933 39.4579 3
    endloop
  endfacet
  facet normal -0 0 1
    outer loop
      vertex 100.247 38.772 3
      vertex 106.6 -50 3
      vertex 100.617 39.088 3
    endloop
  endfacet
  facet normal -0 0 1
    outer loop
      vertex 99.8324 38.5179 3
      vertex 106.6 -50 3
      vertex 100.247 38.772 3
    endloop
  endfacet
  facet normal 0 0 1
    outer loop
      vertex 74.3 -16.2 3
      vertex 99.8324 38.5179 3
      vertex 99.3829 38.3317 3
    endloop
  endfacet
  facet normal 0 0 1
    outer loop
      vertex 74.3 -16.2 3
      vertex 99.3829 38.3317 3
      vertex 98.9099 38.2182 3
    endloop
  endfacet
  facet normal 0 0 1
    outer loop
      vertex 74.3 -16.2 3
      vertex 98.9099 38.2182 3
      vertex 98.425 38.18 3
    endloop
  endfacet
  facet normal 0 0 1
    outer loop
      vertex 74.3 -16.2 3
      vertex 98.425 38.18 3
      vertex 97.9401 38.2182 3
    endloop
  endfacet
  facet normal 0 0 1
    outer loop
      vertex 74.3 -16.2 3
      vertex 97.9401 38.2182 3
      vertex 97.467 38.3317 3
    endloop
  endfacet
  facet normal 0 0 1
    outer loop
      vertex 74.3 -16.2 3
      vertex 97.467 38.3317 3
      vertex 97.0176 38.5179 3
    endloop
  endfacet
  facet normal 0 0 1
    outer loop
      vertex 74.3 -16.2 3
      vertex 97.0176 38.5179 3
      vertex 96.6029 38.772 3
    endloop
  endfacet
  facet normal 0 0 1
    outer loop
      vertex 74.3 -16.2 3
      vertex 96.6029 38.772 3
      vertex 96.233 39.088 3
    endloop
  endfacet
  facet normal 0 0 1
    outer loop
      vertex 74.3 -16.2 3
      vertex 96.233 39.088 3
      vertex 95.917 39.4579 3
    endloop
  endfacet
  facet normal 0 0 1
    outer loop
      vertex 74.3 -16.2 3
      vertex 95.917 39.4579 3
      vertex 95.6629 39.8726 3
    endloop
  endfacet
  facet normal 0 0 1
    outer loop
      vertex 74.3 -16.2 3
      vertex 95.6629 39.8726 3
      vertex 95.4767 40.322 3
    endloop
  endfacet
  facet normal 0 0 1
    outer loop
      vertex 74.3 -16.2 3
      vertex 95.4767 40.322 3
      vertex 95.3632 40.7951 3
    endloop
  endfacet
  facet normal 0 0 1
    outer loop
      vertex 74.3 -16.2 3
      vertex 95.3632 40.7951 3
      vertex 95.325 41.28 3
    endloop
  endfacet
  facet normal 0 0 1
    outer loop
      vertex 99.8324 38.5179 3
      vertex 74.3 -16.2 3
      vertex 106.6 -50 3
    endloop
  endfacet
  facet normal -0 0 1
    outer loop
      vertex 74.2631 -16.6693 3
      vertex 106.6 -50 3
      vertex 74.3 -16.2 3
    endloop
  endfacet
  facet normal -0 0 1
    outer loop
      vertex 74.2631 -45.6693 3
      vertex 106.6 -50 3
      vertex 74.3 -45.2 3
    endloop
  endfacet
  facet normal -0 0 1
    outer loop
      vertex 74.1532 -46.1271 3
      vertex 106.6 -50 3
      vertex 74.2631 -45.6693 3
    endloop
  endfacet
  facet normal -0 0 1
    outer loop
      vertex 73.973 -46.562 3
      vertex 106.6 -50 3
      vertex 74.1532 -46.1271 3
    endloop
  endfacet
  facet normal -0 0 1
    outer loop
      vertex 73.7271 -46.9634 3
      vertex 106.6 -50 3
      vertex 73.973 -46.562 3
    endloop
  endfacet
  facet normal -0 0 1
    outer loop
      vertex 73.4213 -47.3213 3
      vertex 106.6 -50 3
      vertex 73.7271 -46.9634 3
    endloop
  endfacet
  facet normal -0 0 1
    outer loop
      vertex 73.0634 -47.6271 3
      vertex 106.6 -50 3
      vertex 73.4213 -47.3213 3
    endloop
  endfacet
  facet normal -0 0 1
    outer loop
      vertex 72.662 -47.873 3
      vertex 106.6 -50 3
      vertex 73.0634 -47.6271 3
    endloop
  endfacet
  facet normal -0 0 1
    outer loop
      vertex 72.2271 -48.0532 3
      vertex 106.6 -50 3
      vertex 72.662 -47.873 3
    endloop
  endfacet
  facet normal -0 0 1
    outer loop
      vertex 71.7693 -48.1631 3
      vertex 106.6 -50 3
      vertex 72.2271 -48.0532 3
    endloop
  endfacet
  facet normal -0 0 1
    outer loop
      vertex 71.3 -48.2 3
      vertex 106.6 -50 3
      vertex 71.7693 -48.1631 3
    endloop
  endfacet
  facet normal 0 0 1
    outer loop
      vertex 68.3369 -44.7307 3
      vertex 12.1 -45.2 3
      vertex 68.3 -45.2 3
    endloop
  endfacet
  facet normal 0 0 1
    outer loop
      vertex 68.3 -45.2 3
      vertex 12.1 -45.2 3
      vertex 68.3369 -45.6693 3
    endloop
  endfacet
  facet normal 0 0 1
    outer loop
      vertex 12.0631 -45.6693 3
      vertex 68.3369 -45.6693 3
      vertex 12.1 -45.2 3
    endloop
  endfacet
  facet normal 0 0 1
    outer loop
      vertex 68.3369 -45.6693 3
      vertex 12.0631 -45.6693 3
      vertex 68.4468 -46.1271 3
    endloop
  endfacet
  facet normal 0 0 1
    outer loop
      vertex 11.9532 -46.1271 3
      vertex 68.4468 -46.1271 3
      vertex 12.0631 -45.6693 3
    endloop
  endfacet
  facet normal 0 0 1
    outer loop
      vertex 68.4468 -46.1271 3
      vertex 11.9532 -46.1271 3
      vertex 68.627 -46.562 3
    endloop
  endfacet
  facet normal 0 0 1
    outer loop
      vertex 11.773 -46.562 3
      vertex 68.627 -46.562 3
      vertex 11.9532 -46.1271 3
    endloop
  endfacet
  facet normal 0 0 1
    outer loop
      vertex 68.627 -46.562 3
      vertex 11.773 -46.562 3
      vertex 68.8729 -46.9634 3
    endloop
  endfacet
  facet normal 0 0 1
    outer loop
      vertex 11.5271 -46.9634 3
      vertex 68.8729 -46.9634 3
      vertex 11.773 -46.562 3
    endloop
  endfacet
  facet normal 0 0 1
    outer loop
      vertex 68.8729 -46.9634 3
      vertex 11.5271 -46.9634 3
      vertex 69.1787 -47.3213 3
    endloop
  endfacet
  facet normal 0 0 1
    outer loop
      vertex 11.2213 -47.3213 3
      vertex 69.1787 -47.3213 3
      vertex 11.5271 -46.9634 3
    endloop
  endfacet
  facet normal 0 0 1
    outer loop
      vertex 69.1787 -47.3213 3
      vertex 11.2213 -47.3213 3
      vertex 69.5366 -47.6271 3
    endloop
  endfacet
  facet normal 0 0 1
    outer loop
      vertex 10.8634 -47.6271 3
      vertex 69.5366 -47.6271 3
      vertex 11.2213 -47.3213 3
    endloop
  endfacet
  facet normal 0 0 1
    outer loop
      vertex 69.5366 -47.6271 3
      vertex 10.8634 -47.6271 3
      vertex 69.938 -47.873 3
    endloop
  endfacet
  facet normal 0 0 1
    outer loop
      vertex 10.462 -47.873 3
      vertex 69.938 -47.873 3
      vertex 10.8634 -47.6271 3
    endloop
  endfacet
  facet normal 0 0 1
    outer loop
      vertex 69.938 -47.873 3
      vertex 10.462 -47.873 3
      vertex 70.3729 -48.0532 3
    endloop
  endfacet
  facet normal 0 0 1
    outer loop
      vertex 10.0271 -48.0532 3
      vertex 70.3729 -48.0532 3
      vertex 10.462 -47.873 3
    endloop
  endfacet
  facet normal 0 0 1
    outer loop
      vertex 70.3729 -48.0532 3
      vertex 10.0271 -48.0532 3
      vertex 70.8307 -48.1631 3
    endloop
  endfacet
  facet normal 0 0 1
    outer loop
      vertex 9.5693 -48.1631 3
      vertex 70.8307 -48.1631 3
      vertex 10.0271 -48.0532 3
    endloop
  endfacet
  facet normal 0 0 1
    outer loop
      vertex -5 -50 3
      vertex 70.8307 -48.1631 3
      vertex 9.5693 -48.1631 3
    endloop
  endfacet
  facet normal 0 0 1
    outer loop
      vertex 70.8307 -48.1631 3
      vertex -5 -50 3
      vertex 71.3 -48.2 3
    endloop
  endfacet
  facet normal 0 0 1
    outer loop
      vertex -5 -50 3
      vertex 9.5693 -48.1631 3
      vertex 9.1 -48.2 3
    endloop
  endfacet
  facet normal 0 0 1
    outer loop
      vertex 2.21705 38.3317 3
      vertex 7.73803 -13.527 3
      vertex 2.69005 38.2182 3
    endloop
  endfacet
  facet normal 0 0 1
    outer loop
      vertex 7.73803 -13.527 3
      vertex 2.21705 38.3317 3
      vertex 7.33664 -13.7729 3
    endloop
  endfacet
  facet normal 0 0 1
    outer loop
      vertex 1.76763 38.5179 3
      vertex 7.33664 -13.7729 3
      vertex 2.21705 38.3317 3
    endloop
  endfacet
  facet normal 0 0 1
    outer loop
      vertex 7.33664 -13.7729 3
      vertex 1.76763 38.5179 3
      vertex 6.97868 -14.0787 3
    endloop
  endfacet
  facet normal 0 0 1
    outer loop
      vertex 1.35287 38.772 3
      vertex 6.97868 -14.0787 3
      vertex 1.76763 38.5179 3
    endloop
  endfacet
  facet normal 0 0 1
    outer loop
      vertex 6.97868 -14.0787 3
      vertex 1.35287 38.772 3
      vertex 6.67295 -14.4366 3
    endloop
  endfacet
  facet normal 0 0 1
    outer loop
      vertex 0.982968 39.088 3
      vertex 6.67295 -14.4366 3
      vertex 1.35287 38.772 3
    endloop
  endfacet
  facet normal 0 0 1
    outer loop
      vertex 6.67295 -14.4366 3
      vertex 0.982968 39.088 3
      vertex 6.42698 -14.838 3
    endloop
  endfacet
  facet normal 0 0 1
    outer loop
      vertex 0.667047 39.4579 3
      vertex 6.42698 -14.838 3
      vertex 0.982968 39.088 3
    endloop
  endfacet
  facet normal 0 0 1
    outer loop
      vertex 6.42698 -14.838 3
      vertex 0.667047 39.4579 3
      vertex 6.24683 -15.2729 3
    endloop
  endfacet
  facet normal 0 0 1
    outer loop
      vertex 0.412879 39.8726 3
      vertex 6.24683 -15.2729 3
      vertex 0.667047 39.4579 3
    endloop
  endfacet
  facet normal 0 0 1
    outer loop
      vertex 6.24683 -15.2729 3
      vertex 0.412879 39.8726 3
      vertex 6.13693 -15.7307 3
    endloop
  endfacet
  facet normal 0 0 1
    outer loop
      vertex 0.226725 40.322 3
      vertex 6.13693 -15.7307 3
      vertex 0.412879 39.8726 3
    endloop
  endfacet
  facet normal 0 0 1
    outer loop
      vertex -5 -50 3
      vertex 6.13693 -15.7307 3
      vertex 0.226725 40.322 3
    endloop
  endfacet
  facet normal 0 0 1
    outer loop
      vertex 6.13693 -15.7307 3
      vertex -5 -50 3
      vertex 6.1 -16.2 3
    endloop
  endfacet
  facet normal 0 0 1
    outer loop
      vertex -5 -50 3
      vertex 0.226725 40.322 3
      vertex 0.113166 40.7951 3
    endloop
  endfacet
  facet normal 0 0 1
    outer loop
      vertex -5 -50 3
      vertex 0.113166 40.7951 3
      vertex 0.0749998 41.28 3
    endloop
  endfacet
  facet normal 0 0 1
    outer loop
      vertex -5 -50 3
      vertex 0.0749998 41.28 3
      vertex -5 100 3
    endloop
  endfacet
  facet normal 0 0 1
    outer loop
      vertex 71.3 -48.2 3
      vertex -5 -50 3
      vertex 106.6 -50 3
    endloop
  endfacet
  facet normal 0 0 1
    outer loop
      vertex 8.6307 -48.1631 3
      vertex -5 -50 3
      vertex 9.1 -48.2 3
    endloop
  endfacet
  facet normal 0 0 1
    outer loop
      vertex 8.17295 -48.0532 3
      vertex -5 -50 3
      vertex 8.6307 -48.1631 3
    endloop
  endfacet
  facet normal 0 0 1
    outer loop
      vertex 7.73803 -47.873 3
      vertex -5 -50 3
      vertex 8.17295 -48.0532 3
    endloop
  endfacet
  facet normal 0 0 1
    outer loop
      vertex 7.33664 -47.6271 3
      vertex -5 -50 3
      vertex 7.73803 -47.873 3
    endloop
  endfacet
  facet normal 0 0 1
    outer loop
      vertex 6.97868 -47.3213 3
      vertex -5 -50 3
      vertex 7.33664 -47.6271 3
    endloop
  endfacet
  facet normal 0 0 1
    outer loop
      vertex 6.67295 -46.9634 3
      vertex -5 -50 3
      vertex 6.97868 -47.3213 3
    endloop
  endfacet
  facet normal 0 0 1
    outer loop
      vertex 6.42698 -46.562 3
      vertex -5 -50 3
      vertex 6.67295 -46.9634 3
    endloop
  endfacet
  facet normal 0 0 1
    outer loop
      vertex 6.24683 -46.1271 3
      vertex -5 -50 3
      vertex 6.42698 -46.562 3
    endloop
  endfacet
  facet normal 0 0 1
    outer loop
      vertex 6.13693 -45.6693 3
      vertex -5 -50 3
      vertex 6.24683 -46.1271 3
    endloop
  endfacet
  facet normal 0 0 1
    outer loop
      vertex 6.1 -45.2 3
      vertex -5 -50 3
      vertex 6.13693 -45.6693 3
    endloop
  endfacet
  facet normal 0 0 1
    outer loop
      vertex 6.13693 -44.7307 3
      vertex -5 -50 3
      vertex 6.1 -45.2 3
    endloop
  endfacet
  facet normal -0 0 1
    outer loop
      vertex 4.13295 38.3317 3
      vertex 9.5693 -13.2369 3
      vertex 4.58237 38.5179 3
    endloop
  endfacet
  facet normal 0 0 1
    outer loop
      vertex 9.5693 -13.2369 3
      vertex 4.13295 38.3317 3
      vertex 9.1 -13.2 3
    endloop
  endfacet
  facet normal -0 0 1
    outer loop
      vertex 3.65995 38.2182 3
      vertex 9.1 -13.2 3
      vertex 4.13295 38.3317 3
    endloop
  endfacet
  facet normal 0 0 1
    outer loop
      vertex 9.1 -13.2 3
      vertex 3.65995 38.2182 3
      vertex 8.6307 -13.2369 3
    endloop
  endfacet
  facet normal -0 0 1
    outer loop
      vertex 3.175 38.18 3
      vertex 8.6307 -13.2369 3
      vertex 3.65995 38.2182 3
    endloop
  endfacet
  facet normal 0 0 1
    outer loop
      vertex 8.6307 -13.2369 3
      vertex 3.175 38.18 3
      vertex 8.17295 -13.3468 3
    endloop
  endfacet
  facet normal 0 0 1
    outer loop
      vertex 8.17295 -13.3468 3
      vertex 2.69005 38.2182 3
      vertex 7.73803 -13.527 3
    endloop
  endfacet
  facet normal 0 0 1
    outer loop
      vertex 2.69005 38.2182 3
      vertex 8.17295 -13.3468 3
      vertex 3.175 38.18 3
    endloop
  endfacet
  facet normal -1 0 0
    outer loop
      vertex -5 -50 0
      vertex -5 100 3
      vertex -5 100 0
    endloop
  endfacet
  facet normal -1 -0 0
    outer loop
      vertex -5 100 3
      vertex -5 -50 0
      vertex -5 -50 3
    endloop
  endfacet
  facet normal 0 1 -0
    outer loop
      vertex 106.6 100 0
      vertex -5 100 3
      vertex 106.6 100 3
    endloop
  endfacet
  facet normal 0 1 0
    outer loop
      vertex -5 100 3
      vertex 106.6 100 0
      vertex -5 100 0
    endloop
  endfacet
  facet normal 0 -1 0
    outer loop
      vertex -5 -50 0
      vertex 106.6 -50 3
      vertex -5 -50 3
    endloop
  endfacet
  facet normal 0 -1 -0
    outer loop
      vertex 106.6 -50 3
      vertex -5 -50 0
      vertex 106.6 -50 0
    endloop
  endfacet
  facet normal -0.233383 0.972385 0
    outer loop
      vertex 3.62307 39.901 0
      vertex 3.40183 39.8479 7
      vertex 3.62307 39.901 7
    endloop
  endfacet
  facet normal -0.233383 0.972385 0
    outer loop
      vertex 3.40183 39.8479 7
      vertex 3.62307 39.901 0
      vertex 3.40183 39.8479 0
    endloop
  endfacet
  facet normal -0.972379 -0.233406 0
    outer loop
      vertex 4.60715 41.5068 0
      vertex 4.55403 41.7281 7
      vertex 4.55403 41.7281 0
    endloop
  endfacet
  facet normal -0.972379 -0.233406 0
    outer loop
      vertex 4.55403 41.7281 7
      vertex 4.60715 41.5068 0
      vertex 4.60715 41.5068 7
    endloop
  endfacet
  facet normal -0.996917 -0.0784611 0
    outer loop
      vertex 4.625 41.28 0
      vertex 4.60715 41.5068 7
      vertex 4.60715 41.5068 0
    endloop
  endfacet
  facet normal -0.996917 -0.0784611 0
    outer loop
      vertex 4.60715 41.5068 7
      vertex 4.625 41.28 0
      vertex 4.625 41.28 7
    endloop
  endfacet
  facet normal -0.923876 -0.382692 0
    outer loop
      vertex 4.55403 41.7281 0
      vertex 4.46696 41.9383 7
      vertex 4.46696 41.9383 0
    endloop
  endfacet
  facet normal -0.923876 -0.382692 0
    outer loop
      vertex 4.46696 41.9383 7
      vertex 4.55403 41.7281 0
      vertex 4.55403 41.7281 7
    endloop
  endfacet
  facet normal 0.996917 0.0784611 0
    outer loop
      vertex 1.74285 41.0532 7
      vertex 1.725 41.28 0
      vertex 1.725 41.28 7
    endloop
  endfacet
  facet normal 0.996917 0.0784611 0
    outer loop
      vertex 1.725 41.28 0
      vertex 1.74285 41.0532 7
      vertex 1.74285 41.0532 0
    endloop
  endfacet
  facet normal -0.233383 -0.972385 0
    outer loop
      vertex 3.40183 42.7121 0
      vertex 3.62307 42.659 7
      vertex 3.40183 42.7121 7
    endloop
  endfacet
  facet normal -0.233383 -0.972385 -0
    outer loop
      vertex 3.62307 42.659 7
      vertex 3.40183 42.7121 0
      vertex 3.62307 42.659 0
    endloop
  endfacet
  facet normal 0.522552 0.852608 -0
    outer loop
      vertex 2.51671 39.988 0
      vertex 2.32271 40.1069 7
      vertex 2.51671 39.988 7
    endloop
  endfacet
  facet normal 0.522552 0.852608 0
    outer loop
      vertex 2.32271 40.1069 7
      vertex 2.51671 39.988 0
      vertex 2.32271 40.1069 0
    endloop
  endfacet
  facet normal -0.972379 0.233406 0
    outer loop
      vertex 4.55403 40.8319 0
      vertex 4.60715 41.0532 7
      vertex 4.60715 41.0532 0
    endloop
  endfacet
  facet normal -0.972379 0.233406 0
    outer loop
      vertex 4.60715 41.0532 7
      vertex 4.55403 40.8319 0
      vertex 4.55403 40.8319 7
    endloop
  endfacet
  facet normal -0.0786692 -0.996901 0
    outer loop
      vertex 3.175 42.73 0
      vertex 3.40183 42.7121 7
      vertex 3.175 42.73 7
    endloop
  endfacet
  facet normal -0.0786692 -0.996901 -0
    outer loop
      vertex 3.40183 42.7121 7
      vertex 3.175 42.73 0
      vertex 3.40183 42.7121 0
    endloop
  endfacet
  facet normal 0.760375 -0.649484 0
    outer loop
      vertex 2.00192 42.1323 7
      vertex 2.14969 42.3053 0
      vertex 2.14969 42.3053 7
    endloop
  endfacet
  facet normal 0.760375 -0.649484 0
    outer loop
      vertex 2.14969 42.3053 0
      vertex 2.00192 42.1323 7
      vertex 2.00192 42.1323 0
    endloop
  endfacet
  facet normal -0.923876 0.382692 0
    outer loop
      vertex 4.46696 40.6217 0
      vertex 4.55403 40.8319 7
      vertex 4.55403 40.8319 0
    endloop
  endfacet
  facet normal -0.923876 0.382692 0
    outer loop
      vertex 4.55403 40.8319 7
      vertex 4.46696 40.6217 0
      vertex 4.46696 40.6217 7
    endloop
  endfacet
  facet normal -0.649538 -0.760329 0
    outer loop
      vertex 4.02729 42.4531 0
      vertex 4.2003 42.3053 7
      vertex 4.02729 42.4531 7
    endloop
  endfacet
  facet normal -0.649538 -0.760329 -0
    outer loop
      vertex 4.2003 42.3053 7
      vertex 4.02729 42.4531 0
      vertex 4.2003 42.3053 0
    endloop
  endfacet
  facet normal 0.972379 0.233406 0
    outer loop
      vertex 1.79597 40.8319 7
      vertex 1.74285 41.0532 0
      vertex 1.74285 41.0532 7
    endloop
  endfacet
  facet normal 0.972379 0.233406 0
    outer loop
      vertex 1.74285 41.0532 0
      vertex 1.79597 40.8319 7
      vertex 1.79597 40.8319 0
    endloop
  endfacet
  facet normal -0.852627 0.52252 0
    outer loop
      vertex 4.34807 40.4277 0
      vertex 4.46696 40.6217 7
      vertex 4.46696 40.6217 0
    endloop
  endfacet
  facet normal -0.852627 0.52252 0
    outer loop
      vertex 4.46696 40.6217 7
      vertex 4.34807 40.4277 0
      vertex 4.34807 40.4277 7
    endloop
  endfacet
  facet normal -0.382398 -0.923998 0
    outer loop
      vertex 3.62307 42.659 0
      vertex 3.83329 42.572 7
      vertex 3.62307 42.659 7
    endloop
  endfacet
  facet normal -0.382398 -0.923998 -0
    outer loop
      vertex 3.83329 42.572 7
      vertex 3.62307 42.659 0
      vertex 3.83329 42.572 0
    endloop
  endfacet
  facet normal -0.522552 0.852608 0
    outer loop
      vertex 4.02729 40.1069 0
      vertex 3.83329 39.988 7
      vertex 4.02729 40.1069 7
    endloop
  endfacet
  facet normal -0.522552 0.852608 0
    outer loop
      vertex 3.83329 39.988 7
      vertex 4.02729 40.1069 0
      vertex 3.83329 39.988 0
    endloop
  endfacet
  facet normal -0.760375 0.649484 0
    outer loop
      vertex 4.2003 40.2547 0
      vertex 4.34807 40.4277 7
      vertex 4.34807 40.4277 0
    endloop
  endfacet
  facet normal -0.760375 0.649484 0
    outer loop
      vertex 4.34807 40.4277 7
      vertex 4.2003 40.2547 0
      vertex 4.2003 40.2547 7
    endloop
  endfacet
  facet normal 0.649517 -0.760347 0
    outer loop
      vertex 2.14969 42.3053 0
      vertex 2.32271 42.4531 7
      vertex 2.14969 42.3053 7
    endloop
  endfacet
  facet normal 0.649517 -0.760347 0
    outer loop
      vertex 2.32271 42.4531 7
      vertex 2.14969 42.3053 0
      vertex 2.32271 42.4531 0
    endloop
  endfacet
  facet normal -0.0786692 0.996901 0
    outer loop
      vertex 3.40183 39.8479 0
      vertex 3.175 39.83 7
      vertex 3.40183 39.8479 7
    endloop
  endfacet
  facet normal -0.0786692 0.996901 0
    outer loop
      vertex 3.175 39.83 7
      vertex 3.40183 39.8479 0
      vertex 3.175 39.83 0
    endloop
  endfacet
  facet normal 0.923876 0.382692 0
    outer loop
      vertex 1.88304 40.6217 7
      vertex 1.79597 40.8319 0
      vertex 1.79597 40.8319 7
    endloop
  endfacet
  facet normal 0.923876 0.382692 0
    outer loop
      vertex 1.79597 40.8319 0
      vertex 1.88304 40.6217 7
      vertex 1.88304 40.6217 0
    endloop
  endfacet
  facet normal -0.760375 -0.649484 0
    outer loop
      vertex 4.34807 42.1323 0
      vertex 4.2003 42.3053 7
      vertex 4.2003 42.3053 0
    endloop
  endfacet
  facet normal -0.760375 -0.649484 0
    outer loop
      vertex 4.2003 42.3053 7
      vertex 4.34807 42.1323 0
      vertex 4.34807 42.1323 7
    endloop
  endfacet
  facet normal -0.852627 -0.52252 0
    outer loop
      vertex 4.46696 41.9383 0
      vertex 4.34807 42.1323 7
      vertex 4.34807 42.1323 0
    endloop
  endfacet
  facet normal -0.852627 -0.52252 0
    outer loop
      vertex 4.34807 42.1323 7
      vertex 4.46696 41.9383 0
      vertex 4.46696 41.9383 7
    endloop
  endfacet
  facet normal 0.852647 0.522488 0
    outer loop
      vertex 2.00192 40.4277 7
      vertex 1.88304 40.6217 0
      vertex 1.88304 40.6217 7
    endloop
  endfacet
  facet normal 0.852647 0.522488 0
    outer loop
      vertex 1.88304 40.6217 0
      vertex 2.00192 40.4277 7
      vertex 2.00192 40.4277 0
    endloop
  endfacet
  facet normal -0.382398 0.923998 0
    outer loop
      vertex 3.83329 39.988 0
      vertex 3.62307 39.901 7
      vertex 3.83329 39.988 7
    endloop
  endfacet
  facet normal -0.382398 0.923998 0
    outer loop
      vertex 3.62307 39.901 7
      vertex 3.83329 39.988 0
      vertex 3.62307 39.901 0
    endloop
  endfacet
  facet normal 0.522552 -0.852608 0
    outer loop
      vertex 2.32271 42.4531 0
      vertex 2.51671 42.572 7
      vertex 2.32271 42.4531 7
    endloop
  endfacet
  facet normal 0.522552 -0.852608 0
    outer loop
      vertex 2.51671 42.572 7
      vertex 2.32271 42.4531 0
      vertex 2.51671 42.572 0
    endloop
  endfacet
  facet normal 0.233373 0.972387 -0
    outer loop
      vertex 2.94817 39.8479 0
      vertex 2.72692 39.901 7
      vertex 2.94817 39.8479 7
    endloop
  endfacet
  facet normal 0.233373 0.972387 0
    outer loop
      vertex 2.72692 39.901 7
      vertex 2.94817 39.8479 0
      vertex 2.72692 39.901 0
    endloop
  endfacet
  facet normal -0.996917 0.0784611 0
    outer loop
      vertex 4.60715 41.0532 0
      vertex 4.625 41.28 7
      vertex 4.625 41.28 0
    endloop
  endfacet
  facet normal -0.996917 0.0784611 0
    outer loop
      vertex 4.625 41.28 7
      vertex 4.60715 41.0532 0
      vertex 4.60715 41.0532 7
    endloop
  endfacet
  facet normal 0.382414 -0.923991 0
    outer loop
      vertex 2.51671 42.572 0
      vertex 2.72692 42.659 7
      vertex 2.51671 42.572 7
    endloop
  endfacet
  facet normal 0.382414 -0.923991 0
    outer loop
      vertex 2.72692 42.659 7
      vertex 2.51671 42.572 0
      vertex 2.72692 42.659 0
    endloop
  endfacet
  facet normal -0.522552 -0.852608 0
    outer loop
      vertex 3.83329 42.572 0
      vertex 4.02729 42.4531 7
      vertex 3.83329 42.572 7
    endloop
  endfacet
  facet normal -0.522552 -0.852608 -0
    outer loop
      vertex 4.02729 42.4531 7
      vertex 3.83329 42.572 0
      vertex 4.02729 42.4531 0
    endloop
  endfacet
  facet normal 0.852647 -0.522488 0
    outer loop
      vertex 1.88304 41.9383 7
      vertex 2.00192 42.1323 0
      vertex 2.00192 42.1323 7
    endloop
  endfacet
  facet normal 0.852647 -0.522488 0
    outer loop
      vertex 2.00192 42.1323 0
      vertex 1.88304 41.9383 7
      vertex 1.88304 41.9383 0
    endloop
  endfacet
  facet normal 0.972379 -0.233406 0
    outer loop
      vertex 1.74285 41.5068 7
      vertex 1.79597 41.7281 0
      vertex 1.79597 41.7281 7
    endloop
  endfacet
  facet normal 0.972379 -0.233406 0
    outer loop
      vertex 1.79597 41.7281 0
      vertex 1.74285 41.5068 7
      vertex 1.74285 41.5068 0
    endloop
  endfacet
  facet normal 0.233373 -0.972387 0
    outer loop
      vertex 2.72692 42.659 0
      vertex 2.94817 42.7121 7
      vertex 2.72692 42.659 7
    endloop
  endfacet
  facet normal 0.233373 -0.972387 0
    outer loop
      vertex 2.94817 42.7121 7
      vertex 2.72692 42.659 0
      vertex 2.94817 42.7121 0
    endloop
  endfacet
  facet normal 0.760375 0.649484 0
    outer loop
      vertex 2.14969 40.2547 7
      vertex 2.00192 40.4277 0
      vertex 2.00192 40.4277 7
    endloop
  endfacet
  facet normal 0.760375 0.649484 0
    outer loop
      vertex 2.00192 40.4277 0
      vertex 2.14969 40.2547 7
      vertex 2.14969 40.2547 0
    endloop
  endfacet
  facet normal 0.649517 0.760347 -0
    outer loop
      vertex 2.32271 40.1069 0
      vertex 2.14969 40.2547 7
      vertex 2.32271 40.1069 7
    endloop
  endfacet
  facet normal 0.649517 0.760347 0
    outer loop
      vertex 2.14969 40.2547 7
      vertex 2.32271 40.1069 0
      vertex 2.14969 40.2547 0
    endloop
  endfacet
  facet normal -0.649538 0.760329 0
    outer loop
      vertex 4.2003 40.2547 0
      vertex 4.02729 40.1069 7
      vertex 4.2003 40.2547 7
    endloop
  endfacet
  facet normal -0.649538 0.760329 0
    outer loop
      vertex 4.02729 40.1069 7
      vertex 4.2003 40.2547 0
      vertex 4.02729 40.1069 0
    endloop
  endfacet
  facet normal 0.996917 -0.0784611 0
    outer loop
      vertex 1.725 41.28 7
      vertex 1.74285 41.5068 0
      vertex 1.74285 41.5068 7
    endloop
  endfacet
  facet normal 0.996917 -0.0784611 0
    outer loop
      vertex 1.74285 41.5068 0
      vertex 1.725 41.28 7
      vertex 1.725 41.28 0
    endloop
  endfacet
  facet normal 0.923876 -0.382692 0
    outer loop
      vertex 1.79597 41.7281 7
      vertex 1.88304 41.9383 0
      vertex 1.88304 41.9383 7
    endloop
  endfacet
  facet normal 0.923876 -0.382692 0
    outer loop
      vertex 1.88304 41.9383 0
      vertex 1.79597 41.7281 7
      vertex 1.79597 41.7281 0
    endloop
  endfacet
  facet normal 0.382414 0.923991 -0
    outer loop
      vertex 2.72692 39.901 0
      vertex 2.51671 39.988 7
      vertex 2.72692 39.901 7
    endloop
  endfacet
  facet normal 0.382414 0.923991 0
    outer loop
      vertex 2.51671 39.988 7
      vertex 2.72692 39.901 0
      vertex 2.51671 39.988 0
    endloop
  endfacet
  facet normal 0.0786692 -0.996901 0
    outer loop
      vertex 2.94817 42.7121 0
      vertex 3.175 42.73 7
      vertex 2.94817 42.7121 7
    endloop
  endfacet
  facet normal 0.0786692 -0.996901 0
    outer loop
      vertex 3.175 42.73 7
      vertex 2.94817 42.7121 0
      vertex 3.175 42.73 0
    endloop
  endfacet
  facet normal 0.0786692 0.996901 -0
    outer loop
      vertex 3.175 39.83 0
      vertex 2.94817 39.8479 7
      vertex 3.175 39.83 7
    endloop
  endfacet
  facet normal 0.0786692 0.996901 0
    outer loop
      vertex 2.94817 39.8479 7
      vertex 3.175 39.83 0
      vertex 2.94817 39.8479 0
    endloop
  endfacet
  facet normal 0.522552 -0.852608 0
    outer loop
      vertex 97.5727 42.4531 0
      vertex 97.7667 42.572 7
      vertex 97.5727 42.4531 7
    endloop
  endfacet
  facet normal 0.522552 -0.852608 0
    outer loop
      vertex 97.7667 42.572 7
      vertex 97.5727 42.4531 0
      vertex 97.7667 42.572 0
    endloop
  endfacet
  facet normal -0.233323 0.972399 0
    outer loop
      vertex 98.8731 39.901 0
      vertex 98.6518 39.8479 7
      vertex 98.8731 39.901 7
    endloop
  endfacet
  facet normal -0.233323 0.972399 0
    outer loop
      vertex 98.6518 39.8479 7
      vertex 98.8731 39.901 0
      vertex 98.6518 39.8479 0
    endloop
  endfacet
  facet normal -0.972399 -0.233323 0
    outer loop
      vertex 99.8571 41.5068 0
      vertex 99.804 41.7281 7
      vertex 99.804 41.7281 0
    endloop
  endfacet
  facet normal -0.972399 -0.233323 0
    outer loop
      vertex 99.804 41.7281 7
      vertex 99.8571 41.5068 0
      vertex 99.8571 41.5068 7
    endloop
  endfacet
  facet normal -0.9969 -0.0786795 0
    outer loop
      vertex 99.875 41.28 0
      vertex 99.8571 41.5068 7
      vertex 99.8571 41.5068 0
    endloop
  endfacet
  facet normal -0.9969 -0.0786795 0
    outer loop
      vertex 99.8571 41.5068 7
      vertex 99.875 41.28 0
      vertex 99.875 41.28 7
    endloop
  endfacet
  facet normal -0.923985 -0.382429 0
    outer loop
      vertex 99.804 41.7281 0
      vertex 99.717 41.9383 7
      vertex 99.717 41.9383 0
    endloop
  endfacet
  facet normal -0.923985 -0.382429 0
    outer loop
      vertex 99.717 41.9383 7
      vertex 99.804 41.7281 0
      vertex 99.804 41.7281 7
    endloop
  endfacet
  facet normal -0.64956 -0.76031 0
    outer loop
      vertex 99.2773 42.4531 0
      vertex 99.4503 42.3053 7
      vertex 99.2773 42.4531 7
    endloop
  endfacet
  facet normal -0.64956 -0.76031 -0
    outer loop
      vertex 99.4503 42.3053 7
      vertex 99.2773 42.4531 0
      vertex 99.4503 42.3053 0
    endloop
  endfacet
  facet normal 0.64956 -0.76031 0
    outer loop
      vertex 97.3997 42.3053 0
      vertex 97.5727 42.4531 7
      vertex 97.3997 42.3053 7
    endloop
  endfacet
  facet normal 0.64956 -0.76031 0
    outer loop
      vertex 97.5727 42.4531 7
      vertex 97.3997 42.3053 0
      vertex 97.5727 42.4531 0
    endloop
  endfacet
  facet normal 0.522552 0.852608 -0
    outer loop
      vertex 97.7667 39.988 0
      vertex 97.5727 40.1069 7
      vertex 97.7667 39.988 7
    endloop
  endfacet
  facet normal 0.522552 0.852608 0
    outer loop
      vertex 97.5727 40.1069 7
      vertex 97.7667 39.988 0
      vertex 97.5727 40.1069 0
    endloop
  endfacet
  facet normal -0.522552 0.852608 0
    outer loop
      vertex 99.2773 40.1069 0
      vertex 99.0833 39.988 7
      vertex 99.2773 40.1069 7
    endloop
  endfacet
  facet normal -0.522552 0.852608 0
    outer loop
      vertex 99.0833 39.988 7
      vertex 99.2773 40.1069 0
      vertex 99.0833 39.988 0
    endloop
  endfacet
  facet normal -0.0786795 0.9969 0
    outer loop
      vertex 98.6518 39.8479 0
      vertex 98.425 39.83 7
      vertex 98.6518 39.8479 7
    endloop
  endfacet
  facet normal -0.0786795 0.9969 0
    outer loop
      vertex 98.425 39.83 7
      vertex 98.6518 39.8479 0
      vertex 98.425 39.83 0
    endloop
  endfacet
  facet normal -0.76031 -0.64956 0
    outer loop
      vertex 99.5981 42.1323 0
      vertex 99.4503 42.3053 7
      vertex 99.4503 42.3053 0
    endloop
  endfacet
  facet normal -0.76031 -0.64956 0
    outer loop
      vertex 99.4503 42.3053 7
      vertex 99.5981 42.1323 0
      vertex 99.5981 42.1323 7
    endloop
  endfacet
  facet normal -0.852608 -0.522552 0
    outer loop
      vertex 99.717 41.9383 0
      vertex 99.5981 42.1323 7
      vertex 99.5981 42.1323 0
    endloop
  endfacet
  facet normal -0.852608 -0.522552 0
    outer loop
      vertex 99.5981 42.1323 7
      vertex 99.717 41.9383 0
      vertex 99.717 41.9383 7
    endloop
  endfacet
  facet normal -0.233323 -0.972399 0
    outer loop
      vertex 98.6518 42.7121 0
      vertex 98.8731 42.659 7
      vertex 98.6518 42.7121 7
    endloop
  endfacet
  facet normal -0.233323 -0.972399 -0
    outer loop
      vertex 98.8731 42.659 7
      vertex 98.6518 42.7121 0
      vertex 98.8731 42.659 0
    endloop
  endfacet
  facet normal 0.972399 0.233323 0
    outer loop
      vertex 97.046 40.8319 7
      vertex 96.9929 41.0532 0
      vertex 96.9929 41.0532 7
    endloop
  endfacet
  facet normal 0.972399 0.233323 0
    outer loop
      vertex 96.9929 41.0532 0
      vertex 97.046 40.8319 7
      vertex 97.046 40.8319 0
    endloop
  endfacet
  facet normal -0.852608 0.522552 0
    outer loop
      vertex 99.5981 40.4277 0
      vertex 99.717 40.6217 7
      vertex 99.717 40.6217 0
    endloop
  endfacet
  facet normal -0.852608 0.522552 0
    outer loop
      vertex 99.717 40.6217 7
      vertex 99.5981 40.4277 0
      vertex 99.5981 40.4277 7
    endloop
  endfacet
  facet normal -0.923985 0.382429 0
    outer loop
      vertex 99.717 40.6217 0
      vertex 99.804 40.8319 7
      vertex 99.804 40.8319 0
    endloop
  endfacet
  facet normal -0.923985 0.382429 0
    outer loop
      vertex 99.804 40.8319 7
      vertex 99.717 40.6217 0
      vertex 99.717 40.6217 7
    endloop
  endfacet
  facet normal -0.382429 -0.923985 0
    outer loop
      vertex 98.8731 42.659 0
      vertex 99.0833 42.572 7
      vertex 98.8731 42.659 7
    endloop
  endfacet
  facet normal -0.382429 -0.923985 -0
    outer loop
      vertex 99.0833 42.572 7
      vertex 98.8731 42.659 0
      vertex 99.0833 42.572 0
    endloop
  endfacet
  facet normal 0.923985 0.382429 0
    outer loop
      vertex 97.133 40.6217 7
      vertex 97.046 40.8319 0
      vertex 97.046 40.8319 7
    endloop
  endfacet
  facet normal 0.923985 0.382429 0
    outer loop
      vertex 97.046 40.8319 0
      vertex 97.133 40.6217 7
      vertex 97.133 40.6217 0
    endloop
  endfacet
  facet normal -0.9969 0.0786795 0
    outer loop
      vertex 99.8571 41.0532 0
      vertex 99.875 41.28 7
      vertex 99.875 41.28 0
    endloop
  endfacet
  facet normal -0.9969 0.0786795 0
    outer loop
      vertex 99.875 41.28 7
      vertex 99.8571 41.0532 0
      vertex 99.8571 41.0532 7
    endloop
  endfacet
  facet normal -0.0786795 -0.9969 0
    outer loop
      vertex 98.425 42.73 0
      vertex 98.6518 42.7121 7
      vertex 98.425 42.73 7
    endloop
  endfacet
  facet normal -0.0786795 -0.9969 -0
    outer loop
      vertex 98.6518 42.7121 7
      vertex 98.425 42.73 0
      vertex 98.6518 42.7121 0
    endloop
  endfacet
  facet normal -0.382429 0.923985 0
    outer loop
      vertex 99.0833 39.988 0
      vertex 98.8731 39.901 7
      vertex 99.0833 39.988 7
    endloop
  endfacet
  facet normal -0.382429 0.923985 0
    outer loop
      vertex 98.8731 39.901 7
      vertex 99.0833 39.988 0
      vertex 98.8731 39.901 0
    endloop
  endfacet
  facet normal 0.9969 0.0786795 0
    outer loop
      vertex 96.9929 41.0532 7
      vertex 96.975 41.28 0
      vertex 96.975 41.28 7
    endloop
  endfacet
  facet normal 0.9969 0.0786795 0
    outer loop
      vertex 96.975 41.28 0
      vertex 96.9929 41.0532 7
      vertex 96.9929 41.0532 0
    endloop
  endfacet
  facet normal 0.76031 -0.64956 0
    outer loop
      vertex 97.2519 42.1323 7
      vertex 97.3997 42.3053 0
      vertex 97.3997 42.3053 7
    endloop
  endfacet
  facet normal 0.76031 -0.64956 0
    outer loop
      vertex 97.3997 42.3053 0
      vertex 97.2519 42.1323 7
      vertex 97.2519 42.1323 0
    endloop
  endfacet
  facet normal 0.382429 -0.923985 0
    outer loop
      vertex 97.7667 42.572 0
      vertex 97.9769 42.659 7
      vertex 97.7667 42.572 7
    endloop
  endfacet
  facet normal 0.382429 -0.923985 0
    outer loop
      vertex 97.9769 42.659 7
      vertex 97.7667 42.572 0
      vertex 97.9769 42.659 0
    endloop
  endfacet
  facet normal -0.522552 -0.852608 0
    outer loop
      vertex 99.0833 42.572 0
      vertex 99.2773 42.4531 7
      vertex 99.0833 42.572 7
    endloop
  endfacet
  facet normal -0.522552 -0.852608 -0
    outer loop
      vertex 99.2773 42.4531 7
      vertex 99.0833 42.572 0
      vertex 99.2773 42.4531 0
    endloop
  endfacet
  facet normal 0.852608 -0.522552 0
    outer loop
      vertex 97.133 41.9383 7
      vertex 97.2519 42.1323 0
      vertex 97.2519 42.1323 7
    endloop
  endfacet
  facet normal 0.852608 -0.522552 0
    outer loop
      vertex 97.2519 42.1323 0
      vertex 97.133 41.9383 7
      vertex 97.133 41.9383 0
    endloop
  endfacet
  facet normal 0.972399 -0.233323 0
    outer loop
      vertex 96.9929 41.5068 7
      vertex 97.046 41.7281 0
      vertex 97.046 41.7281 7
    endloop
  endfacet
  facet normal 0.972399 -0.233323 0
    outer loop
      vertex 97.046 41.7281 0
      vertex 96.9929 41.5068 7
      vertex 96.9929 41.5068 0
    endloop
  endfacet
  facet normal 0.233323 -0.972399 0
    outer loop
      vertex 97.9769 42.659 0
      vertex 98.1982 42.7121 7
      vertex 97.9769 42.659 7
    endloop
  endfacet
  facet normal 0.233323 -0.972399 0
    outer loop
      vertex 98.1982 42.7121 7
      vertex 97.9769 42.659 0
      vertex 98.1982 42.7121 0
    endloop
  endfacet
  facet normal 0.76031 0.64956 0
    outer loop
      vertex 97.3997 40.2547 7
      vertex 97.2519 40.4277 0
      vertex 97.2519 40.4277 7
    endloop
  endfacet
  facet normal 0.76031 0.64956 0
    outer loop
      vertex 97.2519 40.4277 0
      vertex 97.3997 40.2547 7
      vertex 97.3997 40.2547 0
    endloop
  endfacet
  facet normal -0.972399 0.233323 0
    outer loop
      vertex 99.804 40.8319 0
      vertex 99.8571 41.0532 7
      vertex 99.8571 41.0532 0
    endloop
  endfacet
  facet normal -0.972399 0.233323 0
    outer loop
      vertex 99.8571 41.0532 7
      vertex 99.804 40.8319 0
      vertex 99.804 40.8319 7
    endloop
  endfacet
  facet normal 0.64956 0.76031 -0
    outer loop
      vertex 97.5727 40.1069 0
      vertex 97.3997 40.2547 7
      vertex 97.5727 40.1069 7
    endloop
  endfacet
  facet normal 0.64956 0.76031 0
    outer loop
      vertex 97.3997 40.2547 7
      vertex 97.5727 40.1069 0
      vertex 97.3997 40.2547 0
    endloop
  endfacet
  facet normal -0.76031 0.64956 0
    outer loop
      vertex 99.4503 40.2547 0
      vertex 99.5981 40.4277 7
      vertex 99.5981 40.4277 0
    endloop
  endfacet
  facet normal -0.76031 0.64956 0
    outer loop
      vertex 99.5981 40.4277 7
      vertex 99.4503 40.2547 0
      vertex 99.4503 40.2547 7
    endloop
  endfacet
  facet normal -0.64956 0.76031 0
    outer loop
      vertex 99.4503 40.2547 0
      vertex 99.2773 40.1069 7
      vertex 99.4503 40.2547 7
    endloop
  endfacet
  facet normal -0.64956 0.76031 0
    outer loop
      vertex 99.2773 40.1069 7
      vertex 99.4503 40.2547 0
      vertex 99.2773 40.1069 0
    endloop
  endfacet
  facet normal 0.233323 0.972399 -0
    outer loop
      vertex 98.1982 39.8479 0
      vertex 97.9769 39.901 7
      vertex 98.1982 39.8479 7
    endloop
  endfacet
  facet normal 0.233323 0.972399 0
    outer loop
      vertex 97.9769 39.901 7
      vertex 98.1982 39.8479 0
      vertex 97.9769 39.901 0
    endloop
  endfacet
  facet normal 0.923985 -0.382429 0
    outer loop
      vertex 97.046 41.7281 7
      vertex 97.133 41.9383 0
      vertex 97.133 41.9383 7
    endloop
  endfacet
  facet normal 0.923985 -0.382429 0
    outer loop
      vertex 97.133 41.9383 0
      vertex 97.046 41.7281 7
      vertex 97.046 41.7281 0
    endloop
  endfacet
  facet normal 0.9969 -0.0786795 0
    outer loop
      vertex 96.975 41.28 7
      vertex 96.9929 41.5068 0
      vertex 96.9929 41.5068 7
    endloop
  endfacet
  facet normal 0.9969 -0.0786795 0
    outer loop
      vertex 96.9929 41.5068 0
      vertex 96.975 41.28 7
      vertex 96.975 41.28 0
    endloop
  endfacet
  facet normal 0.382429 0.923985 -0
    outer loop
      vertex 97.9769 39.901 0
      vertex 97.7667 39.988 7
      vertex 97.9769 39.901 7
    endloop
  endfacet
  facet normal 0.382429 0.923985 0
    outer loop
      vertex 97.7667 39.988 7
      vertex 97.9769 39.901 0
      vertex 97.7667 39.988 0
    endloop
  endfacet
  facet normal 0.852608 0.522552 0
    outer loop
      vertex 97.2519 40.4277 7
      vertex 97.133 40.6217 0
      vertex 97.133 40.6217 7
    endloop
  endfacet
  facet normal 0.852608 0.522552 0
    outer loop
      vertex 97.133 40.6217 0
      vertex 97.2519 40.4277 7
      vertex 97.2519 40.4277 0
    endloop
  endfacet
  facet normal 0.0786795 -0.9969 0
    outer loop
      vertex 98.1982 42.7121 0
      vertex 98.425 42.73 7
      vertex 98.1982 42.7121 7
    endloop
  endfacet
  facet normal 0.0786795 -0.9969 0
    outer loop
      vertex 98.425 42.73 7
      vertex 98.1982 42.7121 0
      vertex 98.425 42.73 0
    endloop
  endfacet
  facet normal 0.0786795 0.9969 -0
    outer loop
      vertex 98.425 39.83 0
      vertex 98.1982 39.8479 7
      vertex 98.425 39.83 7
    endloop
  endfacet
  facet normal 0.0786795 0.9969 0
    outer loop
      vertex 98.1982 39.8479 7
      vertex 98.425 39.83 0
      vertex 98.1982 39.8479 0
    endloop
  endfacet
  facet normal -0.972379 -0.233406 0
    outer loop
      vertex 4.60715 85.9568 0
      vertex 4.55403 86.1781 7
      vertex 4.55403 86.1781 0
    endloop
  endfacet
  facet normal -0.972379 -0.233406 0
    outer loop
      vertex 4.55403 86.1781 7
      vertex 4.60715 85.9568 0
      vertex 4.60715 85.9568 7
    endloop
  endfacet
  facet normal -0.996917 -0.0784611 0
    outer loop
      vertex 4.625 85.73 0
      vertex 4.60715 85.9568 7
      vertex 4.60715 85.9568 0
    endloop
  endfacet
  facet normal -0.996917 -0.0784611 0
    outer loop
      vertex 4.60715 85.9568 7
      vertex 4.625 85.73 0
      vertex 4.625 85.73 7
    endloop
  endfacet
  facet normal -0.923876 -0.382692 0
    outer loop
      vertex 4.55403 86.1781 0
      vertex 4.46696 86.3883 7
      vertex 4.46696 86.3883 0
    endloop
  endfacet
  facet normal -0.923876 -0.382692 0
    outer loop
      vertex 4.46696 86.3883 7
      vertex 4.55403 86.1781 0
      vertex 4.55403 86.1781 7
    endloop
  endfacet
  facet normal 0.760375 -0.649484 0
    outer loop
      vertex 2.00192 86.5823 7
      vertex 2.14969 86.7553 0
      vertex 2.14969 86.7553 7
    endloop
  endfacet
  facet normal 0.760375 -0.649484 0
    outer loop
      vertex 2.14969 86.7553 0
      vertex 2.00192 86.5823 7
      vertex 2.00192 86.5823 0
    endloop
  endfacet
  facet normal -0.996917 0.0784611 0
    outer loop
      vertex 4.60715 85.5032 0
      vertex 4.625 85.73 7
      vertex 4.625 85.73 0
    endloop
  endfacet
  facet normal -0.996917 0.0784611 0
    outer loop
      vertex 4.625 85.73 7
      vertex 4.60715 85.5032 0
      vertex 4.60715 85.5032 7
    endloop
  endfacet
  facet normal 0.760375 0.649484 0
    outer loop
      vertex 2.14969 84.7047 7
      vertex 2.00192 84.8777 0
      vertex 2.00192 84.8777 7
    endloop
  endfacet
  facet normal 0.760375 0.649484 0
    outer loop
      vertex 2.00192 84.8777 0
      vertex 2.14969 84.7047 7
      vertex 2.14969 84.7047 0
    endloop
  endfacet
  facet normal 0.972379 0.233406 0
    outer loop
      vertex 1.79597 85.2819 7
      vertex 1.74285 85.5032 0
      vertex 1.74285 85.5032 7
    endloop
  endfacet
  facet normal 0.972379 0.233406 0
    outer loop
      vertex 1.74285 85.5032 0
      vertex 1.79597 85.2819 7
      vertex 1.79597 85.2819 0
    endloop
  endfacet
  facet normal 0.0786692 0.996901 -0
    outer loop
      vertex 3.175 84.28 0
      vertex 2.94817 84.2979 7
      vertex 3.175 84.28 7
    endloop
  endfacet
  facet normal 0.0786692 0.996901 0
    outer loop
      vertex 2.94817 84.2979 7
      vertex 3.175 84.28 0
      vertex 2.94817 84.2979 0
    endloop
  endfacet
  facet normal -0.972379 0.233406 0
    outer loop
      vertex 4.55403 85.2819 0
      vertex 4.60715 85.5032 7
      vertex 4.60715 85.5032 0
    endloop
  endfacet
  facet normal -0.972379 0.233406 0
    outer loop
      vertex 4.60715 85.5032 7
      vertex 4.55403 85.2819 0
      vertex 4.55403 85.2819 7
    endloop
  endfacet
  facet normal 0.382414 -0.923991 0
    outer loop
      vertex 2.51671 87.022 0
      vertex 2.72692 87.109 7
      vertex 2.51671 87.022 7
    endloop
  endfacet
  facet normal 0.382414 -0.923991 0
    outer loop
      vertex 2.72692 87.109 7
      vertex 2.51671 87.022 0
      vertex 2.72692 87.109 0
    endloop
  endfacet
  facet normal -0.0786692 -0.996901 0
    outer loop
      vertex 3.175 87.18 0
      vertex 3.40183 87.1621 7
      vertex 3.175 87.18 7
    endloop
  endfacet
  facet normal -0.0786692 -0.996901 -0
    outer loop
      vertex 3.40183 87.1621 7
      vertex 3.175 87.18 0
      vertex 3.40183 87.1621 0
    endloop
  endfacet
  facet normal -0.382398 -0.923998 0
    outer loop
      vertex 3.62307 87.109 0
      vertex 3.83329 87.022 7
      vertex 3.62307 87.109 7
    endloop
  endfacet
  facet normal -0.382398 -0.923998 -0
    outer loop
      vertex 3.83329 87.022 7
      vertex 3.62307 87.109 0
      vertex 3.83329 87.022 0
    endloop
  endfacet
  facet normal 0.382414 0.923991 -0
    outer loop
      vertex 2.72692 84.351 0
      vertex 2.51671 84.438 7
      vertex 2.72692 84.351 7
    endloop
  endfacet
  facet normal 0.382414 0.923991 0
    outer loop
      vertex 2.51671 84.438 7
      vertex 2.72692 84.351 0
      vertex 2.51671 84.438 0
    endloop
  endfacet
  facet normal -0.522552 0.852608 0
    outer loop
      vertex 4.02729 84.5569 0
      vertex 3.83329 84.438 7
      vertex 4.02729 84.5569 7
    endloop
  endfacet
  facet normal -0.522552 0.852608 0
    outer loop
      vertex 3.83329 84.438 7
      vertex 4.02729 84.5569 0
      vertex 3.83329 84.438 0
    endloop
  endfacet
  facet normal 0.522552 0.852608 -0
    outer loop
      vertex 2.51671 84.438 0
      vertex 2.32271 84.5569 7
      vertex 2.51671 84.438 7
    endloop
  endfacet
  facet normal 0.522552 0.852608 0
    outer loop
      vertex 2.32271 84.5569 7
      vertex 2.51671 84.438 0
      vertex 2.32271 84.5569 0
    endloop
  endfacet
  facet normal 0.972379 -0.233406 0
    outer loop
      vertex 1.74285 85.9568 7
      vertex 1.79597 86.1781 0
      vertex 1.79597 86.1781 7
    endloop
  endfacet
  facet normal 0.972379 -0.233406 0
    outer loop
      vertex 1.79597 86.1781 0
      vertex 1.74285 85.9568 7
      vertex 1.74285 85.9568 0
    endloop
  endfacet
  facet normal -0.233383 0.972385 0
    outer loop
      vertex 3.62307 84.351 0
      vertex 3.40183 84.2979 7
      vertex 3.62307 84.351 7
    endloop
  endfacet
  facet normal -0.233383 0.972385 0
    outer loop
      vertex 3.40183 84.2979 7
      vertex 3.62307 84.351 0
      vertex 3.40183 84.2979 0
    endloop
  endfacet
  facet normal 0.522552 -0.852608 0
    outer loop
      vertex 2.32271 86.9031 0
      vertex 2.51671 87.022 7
      vertex 2.32271 86.9031 7
    endloop
  endfacet
  facet normal 0.522552 -0.852608 0
    outer loop
      vertex 2.51671 87.022 7
      vertex 2.32271 86.9031 0
      vertex 2.51671 87.022 0
    endloop
  endfacet
  facet normal -0.923876 0.382692 0
    outer loop
      vertex 4.46696 85.0717 0
      vertex 4.55403 85.2819 7
      vertex 4.55403 85.2819 0
    endloop
  endfacet
  facet normal -0.923876 0.382692 0
    outer loop
      vertex 4.55403 85.2819 7
      vertex 4.46696 85.0717 0
      vertex 4.46696 85.0717 7
    endloop
  endfacet
  facet normal -0.0786692 0.996901 0
    outer loop
      vertex 3.40183 84.2979 0
      vertex 3.175 84.28 7
      vertex 3.40183 84.2979 7
    endloop
  endfacet
  facet normal -0.0786692 0.996901 0
    outer loop
      vertex 3.175 84.28 7
      vertex 3.40183 84.2979 0
      vertex 3.175 84.28 0
    endloop
  endfacet
  facet normal 0.0786692 -0.996901 0
    outer loop
      vertex 2.94817 87.1621 0
      vertex 3.175 87.18 7
      vertex 2.94817 87.1621 7
    endloop
  endfacet
  facet normal 0.0786692 -0.996901 0
    outer loop
      vertex 3.175 87.18 7
      vertex 2.94817 87.1621 0
      vertex 3.175 87.18 0
    endloop
  endfacet
  facet normal 0.649517 -0.760347 0
    outer loop
      vertex 2.14969 86.7553 0
      vertex 2.32271 86.9031 7
      vertex 2.14969 86.7553 7
    endloop
  endfacet
  facet normal 0.649517 -0.760347 0
    outer loop
      vertex 2.32271 86.9031 7
      vertex 2.14969 86.7553 0
      vertex 2.32271 86.9031 0
    endloop
  endfacet
  facet normal -0.649538 -0.760329 0
    outer loop
      vertex 4.02729 86.9031 0
      vertex 4.2003 86.7553 7
      vertex 4.02729 86.9031 7
    endloop
  endfacet
  facet normal -0.649538 -0.760329 -0
    outer loop
      vertex 4.2003 86.7553 7
      vertex 4.02729 86.9031 0
      vertex 4.2003 86.7553 0
    endloop
  endfacet
  facet normal -0.382398 0.923998 0
    outer loop
      vertex 3.83329 84.438 0
      vertex 3.62307 84.351 7
      vertex 3.83329 84.438 7
    endloop
  endfacet
  facet normal -0.382398 0.923998 0
    outer loop
      vertex 3.62307 84.351 7
      vertex 3.83329 84.438 0
      vertex 3.62307 84.351 0
    endloop
  endfacet
  facet normal -0.522552 -0.852608 0
    outer loop
      vertex 3.83329 87.022 0
      vertex 4.02729 86.9031 7
      vertex 3.83329 87.022 7
    endloop
  endfacet
  facet normal -0.522552 -0.852608 -0
    outer loop
      vertex 4.02729 86.9031 7
      vertex 3.83329 87.022 0
      vertex 4.02729 86.9031 0
    endloop
  endfacet
  facet normal -0.852627 0.52252 0
    outer loop
      vertex 4.34807 84.8777 0
      vertex 4.46696 85.0717 7
      vertex 4.46696 85.0717 0
    endloop
  endfacet
  facet normal -0.852627 0.52252 0
    outer loop
      vertex 4.46696 85.0717 7
      vertex 4.34807 84.8777 0
      vertex 4.34807 84.8777 7
    endloop
  endfacet
  facet normal 0.923876 0.382692 0
    outer loop
      vertex 1.88304 85.0717 7
      vertex 1.79597 85.2819 0
      vertex 1.79597 85.2819 7
    endloop
  endfacet
  facet normal 0.923876 0.382692 0
    outer loop
      vertex 1.79597 85.2819 0
      vertex 1.88304 85.0717 7
      vertex 1.88304 85.0717 0
    endloop
  endfacet
  facet normal 0.923876 -0.382692 0
    outer loop
      vertex 1.79597 86.1781 7
      vertex 1.88304 86.3883 0
      vertex 1.88304 86.3883 7
    endloop
  endfacet
  facet normal 0.923876 -0.382692 0
    outer loop
      vertex 1.88304 86.3883 0
      vertex 1.79597 86.1781 7
      vertex 1.79597 86.1781 0
    endloop
  endfacet
  facet normal 0.233373 -0.972387 0
    outer loop
      vertex 2.72692 87.109 0
      vertex 2.94817 87.1621 7
      vertex 2.72692 87.109 7
    endloop
  endfacet
  facet normal 0.233373 -0.972387 0
    outer loop
      vertex 2.94817 87.1621 7
      vertex 2.72692 87.109 0
      vertex 2.94817 87.1621 0
    endloop
  endfacet
  facet normal -0.760375 -0.649484 0
    outer loop
      vertex 4.34807 86.5823 0
      vertex 4.2003 86.7553 7
      vertex 4.2003 86.7553 0
    endloop
  endfacet
  facet normal -0.760375 -0.649484 0
    outer loop
      vertex 4.2003 86.7553 7
      vertex 4.34807 86.5823 0
      vertex 4.34807 86.5823 7
    endloop
  endfacet
  facet normal -0.233383 -0.972385 0
    outer loop
      vertex 3.40183 87.1621 0
      vertex 3.62307 87.109 7
      vertex 3.40183 87.1621 7
    endloop
  endfacet
  facet normal -0.233383 -0.972385 -0
    outer loop
      vertex 3.62307 87.109 7
      vertex 3.40183 87.1621 0
      vertex 3.62307 87.109 0
    endloop
  endfacet
  facet normal -0.649538 0.760329 0
    outer loop
      vertex 4.2003 84.7047 0
      vertex 4.02729 84.5569 7
      vertex 4.2003 84.7047 7
    endloop
  endfacet
  facet normal -0.649538 0.760329 0
    outer loop
      vertex 4.02729 84.5569 7
      vertex 4.2003 84.7047 0
      vertex 4.02729 84.5569 0
    endloop
  endfacet
  facet normal -0.852627 -0.52252 0
    outer loop
      vertex 4.46696 86.3883 0
      vertex 4.34807 86.5823 7
      vertex 4.34807 86.5823 0
    endloop
  endfacet
  facet normal -0.852627 -0.52252 0
    outer loop
      vertex 4.34807 86.5823 7
      vertex 4.46696 86.3883 0
      vertex 4.46696 86.3883 7
    endloop
  endfacet
  facet normal 0.996917 0.0784611 0
    outer loop
      vertex 1.74285 85.5032 7
      vertex 1.725 85.73 0
      vertex 1.725 85.73 7
    endloop
  endfacet
  facet normal 0.996917 0.0784611 0
    outer loop
      vertex 1.725 85.73 0
      vertex 1.74285 85.5032 7
      vertex 1.74285 85.5032 0
    endloop
  endfacet
  facet normal 0.996917 -0.0784611 0
    outer loop
      vertex 1.725 85.73 7
      vertex 1.74285 85.9568 0
      vertex 1.74285 85.9568 7
    endloop
  endfacet
  facet normal 0.996917 -0.0784611 0
    outer loop
      vertex 1.74285 85.9568 0
      vertex 1.725 85.73 7
      vertex 1.725 85.73 0
    endloop
  endfacet
  facet normal -0.760375 0.649484 0
    outer loop
      vertex 4.2003 84.7047 0
      vertex 4.34807 84.8777 7
      vertex 4.34807 84.8777 0
    endloop
  endfacet
  facet normal -0.760375 0.649484 0
    outer loop
      vertex 4.34807 84.8777 7
      vertex 4.2003 84.7047 0
      vertex 4.2003 84.7047 7
    endloop
  endfacet
  facet normal 0.233373 0.972387 -0
    outer loop
      vertex 2.94817 84.2979 0
      vertex 2.72692 84.351 7
      vertex 2.94817 84.2979 7
    endloop
  endfacet
  facet normal 0.233373 0.972387 0
    outer loop
      vertex 2.72692 84.351 7
      vertex 2.94817 84.2979 0
      vertex 2.72692 84.351 0
    endloop
  endfacet
  facet normal 0.852647 0.522488 0
    outer loop
      vertex 2.00192 84.8777 7
      vertex 1.88304 85.0717 0
      vertex 1.88304 85.0717 7
    endloop
  endfacet
  facet normal 0.852647 0.522488 0
    outer loop
      vertex 1.88304 85.0717 0
      vertex 2.00192 84.8777 7
      vertex 2.00192 84.8777 0
    endloop
  endfacet
  facet normal 0.649517 0.760347 -0
    outer loop
      vertex 2.32271 84.5569 0
      vertex 2.14969 84.7047 7
      vertex 2.32271 84.5569 7
    endloop
  endfacet
  facet normal 0.649517 0.760347 0
    outer loop
      vertex 2.14969 84.7047 7
      vertex 2.32271 84.5569 0
      vertex 2.14969 84.7047 0
    endloop
  endfacet
  facet normal 0.852647 -0.522488 0
    outer loop
      vertex 1.88304 86.3883 7
      vertex 2.00192 86.5823 0
      vertex 2.00192 86.5823 7
    endloop
  endfacet
  facet normal 0.852647 -0.522488 0
    outer loop
      vertex 2.00192 86.5823 0
      vertex 1.88304 86.3883 7
      vertex 1.88304 86.3883 0
    endloop
  endfacet
  facet normal -0.233323 0.972399 0
    outer loop
      vertex 98.8731 84.351 0
      vertex 98.6518 84.2979 7
      vertex 98.8731 84.351 7
    endloop
  endfacet
  facet normal -0.233323 0.972399 0
    outer loop
      vertex 98.6518 84.2979 7
      vertex 98.8731 84.351 0
      vertex 98.6518 84.2979 0
    endloop
  endfacet
  facet normal -0.972399 -0.233323 0
    outer loop
      vertex 99.8571 85.9568 0
      vertex 99.804 86.1781 7
      vertex 99.804 86.1781 0
    endloop
  endfacet
  facet normal -0.972399 -0.233323 0
    outer loop
      vertex 99.804 86.1781 7
      vertex 99.8571 85.9568 0
      vertex 99.8571 85.9568 7
    endloop
  endfacet
  facet normal -0.9969 -0.0786795 0
    outer loop
      vertex 99.875 85.73 0
      vertex 99.8571 85.9568 7
      vertex 99.8571 85.9568 0
    endloop
  endfacet
  facet normal -0.9969 -0.0786795 0
    outer loop
      vertex 99.8571 85.9568 7
      vertex 99.875 85.73 0
      vertex 99.875 85.73 7
    endloop
  endfacet
  facet normal -0.923985 -0.382429 0
    outer loop
      vertex 99.804 86.1781 0
      vertex 99.717 86.3883 7
      vertex 99.717 86.3883 0
    endloop
  endfacet
  facet normal -0.923985 -0.382429 0
    outer loop
      vertex 99.717 86.3883 7
      vertex 99.804 86.1781 0
      vertex 99.804 86.1781 7
    endloop
  endfacet
  facet normal 0.0786795 -0.9969 0
    outer loop
      vertex 98.1982 87.1621 0
      vertex 98.425 87.18 7
      vertex 98.1982 87.1621 7
    endloop
  endfacet
  facet normal 0.0786795 -0.9969 0
    outer loop
      vertex 98.425 87.18 7
      vertex 98.1982 87.1621 0
      vertex 98.425 87.18 0
    endloop
  endfacet
  facet normal -0.64956 -0.76031 0
    outer loop
      vertex 99.2773 86.9031 0
      vertex 99.4503 86.7553 7
      vertex 99.2773 86.9031 7
    endloop
  endfacet
  facet normal -0.64956 -0.76031 -0
    outer loop
      vertex 99.4503 86.7553 7
      vertex 99.2773 86.9031 0
      vertex 99.4503 86.7553 0
    endloop
  endfacet
  facet normal 0.0786795 0.9969 -0
    outer loop
      vertex 98.425 84.28 0
      vertex 98.1982 84.2979 7
      vertex 98.425 84.28 7
    endloop
  endfacet
  facet normal 0.0786795 0.9969 0
    outer loop
      vertex 98.1982 84.2979 7
      vertex 98.425 84.28 0
      vertex 98.1982 84.2979 0
    endloop
  endfacet
  facet normal -0.522552 0.852608 0
    outer loop
      vertex 99.2773 84.5569 0
      vertex 99.0833 84.438 7
      vertex 99.2773 84.5569 7
    endloop
  endfacet
  facet normal -0.522552 0.852608 0
    outer loop
      vertex 99.0833 84.438 7
      vertex 99.2773 84.5569 0
      vertex 99.0833 84.438 0
    endloop
  endfacet
  facet normal 0.923985 -0.382429 0
    outer loop
      vertex 97.046 86.1781 7
      vertex 97.133 86.3883 0
      vertex 97.133 86.3883 7
    endloop
  endfacet
  facet normal 0.923985 -0.382429 0
    outer loop
      vertex 97.133 86.3883 0
      vertex 97.046 86.1781 7
      vertex 97.046 86.1781 0
    endloop
  endfacet
  facet normal 0.9969 0.0786795 0
    outer loop
      vertex 96.9929 85.5032 7
      vertex 96.975 85.73 0
      vertex 96.975 85.73 7
    endloop
  endfacet
  facet normal 0.9969 0.0786795 0
    outer loop
      vertex 96.975 85.73 0
      vertex 96.9929 85.5032 7
      vertex 96.9929 85.5032 0
    endloop
  endfacet
  facet normal 0.233323 0.972399 -0
    outer loop
      vertex 98.1982 84.2979 0
      vertex 97.9769 84.351 7
      vertex 98.1982 84.2979 7
    endloop
  endfacet
  facet normal 0.233323 0.972399 0
    outer loop
      vertex 97.9769 84.351 7
      vertex 98.1982 84.2979 0
      vertex 97.9769 84.351 0
    endloop
  endfacet
  facet normal -0.76031 -0.64956 0
    outer loop
      vertex 99.5981 86.5823 0
      vertex 99.4503 86.7553 7
      vertex 99.4503 86.7553 0
    endloop
  endfacet
  facet normal -0.76031 -0.64956 0
    outer loop
      vertex 99.4503 86.7553 7
      vertex 99.5981 86.5823 0
      vertex 99.5981 86.5823 7
    endloop
  endfacet
  facet normal 0.9969 -0.0786795 0
    outer loop
      vertex 96.975 85.73 7
      vertex 96.9929 85.9568 0
      vertex 96.9929 85.9568 7
    endloop
  endfacet
  facet normal 0.9969 -0.0786795 0
    outer loop
      vertex 96.9929 85.9568 0
      vertex 96.975 85.73 7
      vertex 96.975 85.73 0
    endloop
  endfacet
  facet normal 0.64956 -0.76031 0
    outer loop
      vertex 97.3997 86.7553 0
      vertex 97.5727 86.9031 7
      vertex 97.3997 86.7553 7
    endloop
  endfacet
  facet normal 0.64956 -0.76031 0
    outer loop
      vertex 97.5727 86.9031 7
      vertex 97.3997 86.7553 0
      vertex 97.5727 86.9031 0
    endloop
  endfacet
  facet normal 0.923985 0.382429 0
    outer loop
      vertex 97.133 85.0717 7
      vertex 97.046 85.2819 0
      vertex 97.046 85.2819 7
    endloop
  endfacet
  facet normal 0.923985 0.382429 0
    outer loop
      vertex 97.046 85.2819 0
      vertex 97.133 85.0717 7
      vertex 97.133 85.0717 0
    endloop
  endfacet
  facet normal 0.972399 0.233323 0
    outer loop
      vertex 97.046 85.2819 7
      vertex 96.9929 85.5032 0
      vertex 96.9929 85.5032 7
    endloop
  endfacet
  facet normal 0.972399 0.233323 0
    outer loop
      vertex 96.9929 85.5032 0
      vertex 97.046 85.2819 7
      vertex 97.046 85.2819 0
    endloop
  endfacet
  facet normal -0.852608 0.522552 0
    outer loop
      vertex 99.5981 84.8777 0
      vertex 99.717 85.0717 7
      vertex 99.717 85.0717 0
    endloop
  endfacet
  facet normal -0.852608 0.522552 0
    outer loop
      vertex 99.717 85.0717 7
      vertex 99.5981 84.8777 0
      vertex 99.5981 84.8777 7
    endloop
  endfacet
  facet normal -0.382429 0.923985 0
    outer loop
      vertex 99.0833 84.438 0
      vertex 98.8731 84.351 7
      vertex 99.0833 84.438 7
    endloop
  endfacet
  facet normal -0.382429 0.923985 0
    outer loop
      vertex 98.8731 84.351 7
      vertex 99.0833 84.438 0
      vertex 98.8731 84.351 0
    endloop
  endfacet
  facet normal -0.923985 0.382429 0
    outer loop
      vertex 99.717 85.0717 0
      vertex 99.804 85.2819 7
      vertex 99.804 85.2819 0
    endloop
  endfacet
  facet normal -0.923985 0.382429 0
    outer loop
      vertex 99.804 85.2819 7
      vertex 99.717 85.0717 0
      vertex 99.717 85.0717 7
    endloop
  endfacet
  facet normal -0.382429 -0.923985 0
    outer loop
      vertex 98.8731 87.109 0
      vertex 99.0833 87.022 7
      vertex 98.8731 87.109 7
    endloop
  endfacet
  facet normal -0.382429 -0.923985 -0
    outer loop
      vertex 99.0833 87.022 7
      vertex 98.8731 87.109 0
      vertex 99.0833 87.022 0
    endloop
  endfacet
  facet normal -0.972399 0.233323 0
    outer loop
      vertex 99.804 85.2819 0
      vertex 99.8571 85.5032 7
      vertex 99.8571 85.5032 0
    endloop
  endfacet
  facet normal -0.972399 0.233323 0
    outer loop
      vertex 99.8571 85.5032 7
      vertex 99.804 85.2819 0
      vertex 99.804 85.2819 7
    endloop
  endfacet
  facet normal -0.9969 0.0786795 0
    outer loop
      vertex 99.8571 85.5032 0
      vertex 99.875 85.73 7
      vertex 99.875 85.73 0
    endloop
  endfacet
  facet normal -0.9969 0.0786795 0
    outer loop
      vertex 99.875 85.73 7
      vertex 99.8571 85.5032 0
      vertex 99.8571 85.5032 7
    endloop
  endfacet
  facet normal -0.233323 -0.972399 0
    outer loop
      vertex 98.6518 87.1621 0
      vertex 98.8731 87.109 7
      vertex 98.6518 87.1621 7
    endloop
  endfacet
  facet normal -0.233323 -0.972399 -0
    outer loop
      vertex 98.8731 87.109 7
      vertex 98.6518 87.1621 0
      vertex 98.8731 87.109 0
    endloop
  endfacet
  facet normal 0.522552 0.852608 -0
    outer loop
      vertex 97.7667 84.438 0
      vertex 97.5727 84.5569 7
      vertex 97.7667 84.438 7
    endloop
  endfacet
  facet normal 0.522552 0.852608 0
    outer loop
      vertex 97.5727 84.5569 7
      vertex 97.7667 84.438 0
      vertex 97.5727 84.5569 0
    endloop
  endfacet
  facet normal 0.852608 0.522552 0
    outer loop
      vertex 97.2519 84.8777 7
      vertex 97.133 85.0717 0
      vertex 97.133 85.0717 7
    endloop
  endfacet
  facet normal 0.852608 0.522552 0
    outer loop
      vertex 97.133 85.0717 0
      vertex 97.2519 84.8777 7
      vertex 97.2519 84.8777 0
    endloop
  endfacet
  facet normal -0.852608 -0.522552 0
    outer loop
      vertex 99.717 86.3883 0
      vertex 99.5981 86.5823 7
      vertex 99.5981 86.5823 0
    endloop
  endfacet
  facet normal -0.852608 -0.522552 0
    outer loop
      vertex 99.5981 86.5823 7
      vertex 99.717 86.3883 0
      vertex 99.717 86.3883 7
    endloop
  endfacet
  facet normal 0.76031 -0.64956 0
    outer loop
      vertex 97.2519 86.5823 7
      vertex 97.3997 86.7553 0
      vertex 97.3997 86.7553 7
    endloop
  endfacet
  facet normal 0.76031 -0.64956 0
    outer loop
      vertex 97.3997 86.7553 0
      vertex 97.2519 86.5823 7
      vertex 97.2519 86.5823 0
    endloop
  endfacet
  facet normal -0.522552 -0.852608 0
    outer loop
      vertex 99.0833 87.022 0
      vertex 99.2773 86.9031 7
      vertex 99.0833 87.022 7
    endloop
  endfacet
  facet normal -0.522552 -0.852608 -0
    outer loop
      vertex 99.2773 86.9031 7
      vertex 99.0833 87.022 0
      vertex 99.2773 86.9031 0
    endloop
  endfacet
  facet normal 0.972399 -0.233323 0
    outer loop
      vertex 96.9929 85.9568 7
      vertex 97.046 86.1781 0
      vertex 97.046 86.1781 7
    endloop
  endfacet
  facet normal 0.972399 -0.233323 0
    outer loop
      vertex 97.046 86.1781 0
      vertex 96.9929 85.9568 7
      vertex 96.9929 85.9568 0
    endloop
  endfacet
  facet normal 0.382429 -0.923985 0
    outer loop
      vertex 97.7667 87.022 0
      vertex 97.9769 87.109 7
      vertex 97.7667 87.022 7
    endloop
  endfacet
  facet normal 0.382429 -0.923985 0
    outer loop
      vertex 97.9769 87.109 7
      vertex 97.7667 87.022 0
      vertex 97.9769 87.109 0
    endloop
  endfacet
  facet normal 0.233323 -0.972399 0
    outer loop
      vertex 97.9769 87.109 0
      vertex 98.1982 87.1621 7
      vertex 97.9769 87.109 7
    endloop
  endfacet
  facet normal 0.233323 -0.972399 0
    outer loop
      vertex 98.1982 87.1621 7
      vertex 97.9769 87.109 0
      vertex 98.1982 87.1621 0
    endloop
  endfacet
  facet normal 0.76031 0.64956 0
    outer loop
      vertex 97.3997 84.7047 7
      vertex 97.2519 84.8777 0
      vertex 97.2519 84.8777 7
    endloop
  endfacet
  facet normal 0.76031 0.64956 0
    outer loop
      vertex 97.2519 84.8777 0
      vertex 97.3997 84.7047 7
      vertex 97.3997 84.7047 0
    endloop
  endfacet
  facet normal -0.0786795 -0.9969 0
    outer loop
      vertex 98.425 87.18 0
      vertex 98.6518 87.1621 7
      vertex 98.425 87.18 7
    endloop
  endfacet
  facet normal -0.0786795 -0.9969 -0
    outer loop
      vertex 98.6518 87.1621 7
      vertex 98.425 87.18 0
      vertex 98.6518 87.1621 0
    endloop
  endfacet
  facet normal 0.522552 -0.852608 0
    outer loop
      vertex 97.5727 86.9031 0
      vertex 97.7667 87.022 7
      vertex 97.5727 86.9031 7
    endloop
  endfacet
  facet normal 0.522552 -0.852608 0
    outer loop
      vertex 97.7667 87.022 7
      vertex 97.5727 86.9031 0
      vertex 97.7667 87.022 0
    endloop
  endfacet
  facet normal 0.64956 0.76031 -0
    outer loop
      vertex 97.5727 84.5569 0
      vertex 97.3997 84.7047 7
      vertex 97.5727 84.5569 7
    endloop
  endfacet
  facet normal 0.64956 0.76031 0
    outer loop
      vertex 97.3997 84.7047 7
      vertex 97.5727 84.5569 0
      vertex 97.3997 84.7047 0
    endloop
  endfacet
  facet normal -0.76031 0.64956 0
    outer loop
      vertex 99.4503 84.7047 0
      vertex 99.5981 84.8777 7
      vertex 99.5981 84.8777 0
    endloop
  endfacet
  facet normal -0.76031 0.64956 0
    outer loop
      vertex 99.5981 84.8777 7
      vertex 99.4503 84.7047 0
      vertex 99.4503 84.7047 7
    endloop
  endfacet
  facet normal -0.64956 0.76031 0
    outer loop
      vertex 99.4503 84.7047 0
      vertex 99.2773 84.5569 7
      vertex 99.4503 84.7047 7
    endloop
  endfacet
  facet normal -0.64956 0.76031 0
    outer loop
      vertex 99.2773 84.5569 7
      vertex 99.4503 84.7047 0
      vertex 99.2773 84.5569 0
    endloop
  endfacet
  facet normal 0.852608 -0.522552 0
    outer loop
      vertex 97.133 86.3883 7
      vertex 97.2519 86.5823 0
      vertex 97.2519 86.5823 7
    endloop
  endfacet
  facet normal 0.852608 -0.522552 0
    outer loop
      vertex 97.2519 86.5823 0
      vertex 97.133 86.3883 7
      vertex 97.133 86.3883 0
    endloop
  endfacet
  facet normal -0.0786795 0.9969 0
    outer loop
      vertex 98.6518 84.2979 0
      vertex 98.425 84.28 7
      vertex 98.6518 84.2979 7
    endloop
  endfacet
  facet normal -0.0786795 0.9969 0
    outer loop
      vertex 98.425 84.28 7
      vertex 98.6518 84.2979 0
      vertex 98.425 84.28 0
    endloop
  endfacet
  facet normal 0.382429 0.923985 -0
    outer loop
      vertex 97.9769 84.351 0
      vertex 97.7667 84.438 7
      vertex 97.9769 84.351 7
    endloop
  endfacet
  facet normal 0.382429 0.923985 0
    outer loop
      vertex 97.7667 84.438 7
      vertex 97.9769 84.351 0
      vertex 97.7667 84.438 0
    endloop
  endfacet
  facet normal -0.23341 0.972378 0
    outer loop
      vertex 71.7017 -17.4364 0
      vertex 71.5034 -17.484 18
      vertex 71.7017 -17.4364 18
    endloop
  endfacet
  facet normal -0.23341 0.972378 0
    outer loop
      vertex 71.5034 -17.484 18
      vertex 71.7017 -17.4364 0
      vertex 71.5034 -17.484 0
    endloop
  endfacet
  facet normal -0.972378 -0.23341 0
    outer loop
      vertex 72.584 -15.9966 0
      vertex 72.5364 -15.7983 18
      vertex 72.5364 -15.7983 0
    endloop
  endfacet
  facet normal -0.972378 -0.23341 0
    outer loop
      vertex 72.5364 -15.7983 18
      vertex 72.584 -15.9966 0
      vertex 72.584 -15.9966 18
    endloop
  endfacet
  facet normal -0.99692 -0.0784205 0
    outer loop
      vertex 72.6 -16.2 0
      vertex 72.584 -15.9966 18
      vertex 72.584 -15.9966 0
    endloop
  endfacet
  facet normal -0.99692 -0.0784205 0
    outer loop
      vertex 72.584 -15.9966 18
      vertex 72.6 -16.2 0
      vertex 72.6 -16.2 18
    endloop
  endfacet
  facet normal -0.923844 -0.38277 0
    outer loop
      vertex 72.5364 -15.7983 0
      vertex 72.4583 -15.6098 18
      vertex 72.4583 -15.6098 0
    endloop
  endfacet
  facet normal -0.923844 -0.38277 0
    outer loop
      vertex 72.4583 -15.6098 18
      vertex 72.5364 -15.7983 0
      vertex 72.5364 -15.7983 18
    endloop
  endfacet
  facet normal -0.649539 -0.760328 0
    outer loop
      vertex 72.0641 -15.1483 0
      vertex 72.2192 -15.2808 18
      vertex 72.0641 -15.1483 18
    endloop
  endfacet
  facet normal -0.649539 -0.760328 -0
    outer loop
      vertex 72.2192 -15.2808 18
      vertex 72.0641 -15.1483 0
      vertex 72.2192 -15.2808 0
    endloop
  endfacet
  facet normal -0.852566 -0.52262 0
    outer loop
      vertex 72.4583 -15.6098 0
      vertex 72.3517 -15.4359 18
      vertex 72.3517 -15.4359 0
    endloop
  endfacet
  facet normal -0.852566 -0.52262 0
    outer loop
      vertex 72.3517 -15.4359 18
      vertex 72.4583 -15.6098 0
      vertex 72.4583 -15.6098 18
    endloop
  endfacet
  facet normal -0.0784205 -0.99692 0
    outer loop
      vertex 71.3 -14.9 0
      vertex 71.5034 -14.916 18
      vertex 71.3 -14.9 18
    endloop
  endfacet
  facet normal -0.0784205 -0.99692 -0
    outer loop
      vertex 71.5034 -14.916 18
      vertex 71.3 -14.9 0
      vertex 71.5034 -14.916 0
    endloop
  endfacet
  facet normal 0.99692 -0.0784205 0
    outer loop
      vertex 70 -16.2 18
      vertex 70.016 -15.9966 0
      vertex 70.016 -15.9966 18
    endloop
  endfacet
  facet normal 0.99692 -0.0784205 0
    outer loop
      vertex 70.016 -15.9966 0
      vertex 70 -16.2 18
      vertex 70 -16.2 0
    endloop
  endfacet
  facet normal 0.52262 -0.852566 0
    outer loop
      vertex 70.5359 -15.1483 0
      vertex 70.7098 -15.0417 18
      vertex 70.5359 -15.1483 18
    endloop
  endfacet
  facet normal 0.52262 -0.852566 0
    outer loop
      vertex 70.7098 -15.0417 18
      vertex 70.5359 -15.1483 0
      vertex 70.7098 -15.0417 0
    endloop
  endfacet
  facet normal -0.38277 0.923844 0
    outer loop
      vertex 71.8902 -17.3583 0
      vertex 71.7017 -17.4364 18
      vertex 71.8902 -17.3583 18
    endloop
  endfacet
  facet normal -0.38277 0.923844 0
    outer loop
      vertex 71.7017 -17.4364 18
      vertex 71.8902 -17.3583 0
      vertex 71.7017 -17.4364 0
    endloop
  endfacet
  facet normal 0.923844 -0.38277 0
    outer loop
      vertex 70.0636 -15.7983 18
      vertex 70.1417 -15.6098 0
      vertex 70.1417 -15.6098 18
    endloop
  endfacet
  facet normal 0.923844 -0.38277 0
    outer loop
      vertex 70.1417 -15.6098 0
      vertex 70.0636 -15.7983 18
      vertex 70.0636 -15.7983 0
    endloop
  endfacet
  facet normal 0.760328 -0.649539 0
    outer loop
      vertex 70.2483 -15.4359 18
      vertex 70.3808 -15.2808 0
      vertex 70.3808 -15.2808 18
    endloop
  endfacet
  facet normal 0.760328 -0.649539 0
    outer loop
      vertex 70.3808 -15.2808 0
      vertex 70.2483 -15.4359 18
      vertex 70.2483 -15.4359 0
    endloop
  endfacet
  facet normal 0.760328 0.649539 0
    outer loop
      vertex 70.3808 -17.1192 18
      vertex 70.2483 -16.9641 0
      vertex 70.2483 -16.9641 18
    endloop
  endfacet
  facet normal 0.760328 0.649539 0
    outer loop
      vertex 70.2483 -16.9641 0
      vertex 70.3808 -17.1192 18
      vertex 70.3808 -17.1192 0
    endloop
  endfacet
  facet normal 0.99692 0.0784205 0
    outer loop
      vertex 70.016 -16.4034 18
      vertex 70 -16.2 0
      vertex 70 -16.2 18
    endloop
  endfacet
  facet normal 0.99692 0.0784205 0
    outer loop
      vertex 70 -16.2 0
      vertex 70.016 -16.4034 18
      vertex 70.016 -16.4034 0
    endloop
  endfacet
  facet normal 0.972378 0.23341 0
    outer loop
      vertex 70.0636 -16.6017 18
      vertex 70.016 -16.4034 0
      vertex 70.016 -16.4034 18
    endloop
  endfacet
  facet normal 0.972378 0.23341 0
    outer loop
      vertex 70.016 -16.4034 0
      vertex 70.0636 -16.6017 18
      vertex 70.0636 -16.6017 0
    endloop
  endfacet
  facet normal -0.852566 0.52262 0
    outer loop
      vertex 72.3517 -16.9641 0
      vertex 72.4583 -16.7902 18
      vertex 72.4583 -16.7902 0
    endloop
  endfacet
  facet normal -0.852566 0.52262 0
    outer loop
      vertex 72.4583 -16.7902 18
      vertex 72.3517 -16.9641 0
      vertex 72.3517 -16.9641 18
    endloop
  endfacet
  facet normal -0.0784205 0.99692 0
    outer loop
      vertex 71.5034 -17.484 0
      vertex 71.3 -17.5 18
      vertex 71.5034 -17.484 18
    endloop
  endfacet
  facet normal -0.0784205 0.99692 0
    outer loop
      vertex 71.3 -17.5 18
      vertex 71.5034 -17.484 0
      vertex 71.3 -17.5 0
    endloop
  endfacet
  facet normal 0.649539 -0.760328 0
    outer loop
      vertex 70.3808 -15.2808 0
      vertex 70.5359 -15.1483 18
      vertex 70.3808 -15.2808 18
    endloop
  endfacet
  facet normal 0.649539 -0.760328 0
    outer loop
      vertex 70.5359 -15.1483 18
      vertex 70.3808 -15.2808 0
      vertex 70.5359 -15.1483 0
    endloop
  endfacet
  facet normal -0.99692 0.0784205 0
    outer loop
      vertex 72.584 -16.4034 0
      vertex 72.6 -16.2 18
      vertex 72.6 -16.2 0
    endloop
  endfacet
  facet normal -0.99692 0.0784205 0
    outer loop
      vertex 72.6 -16.2 18
      vertex 72.584 -16.4034 0
      vertex 72.584 -16.4034 18
    endloop
  endfacet
  facet normal -0.923844 0.38277 0
    outer loop
      vertex 72.4583 -16.7902 0
      vertex 72.5364 -16.6017 18
      vertex 72.5364 -16.6017 0
    endloop
  endfacet
  facet normal -0.923844 0.38277 0
    outer loop
      vertex 72.5364 -16.6017 18
      vertex 72.4583 -16.7902 0
      vertex 72.4583 -16.7902 18
    endloop
  endfacet
  facet normal -0.38277 -0.923844 0
    outer loop
      vertex 71.7017 -14.9636 0
      vertex 71.8902 -15.0417 18
      vertex 71.7017 -14.9636 18
    endloop
  endfacet
  facet normal -0.38277 -0.923844 -0
    outer loop
      vertex 71.8902 -15.0417 18
      vertex 71.7017 -14.9636 0
      vertex 71.8902 -15.0417 0
    endloop
  endfacet
  facet normal 0.923844 0.38277 0
    outer loop
      vertex 70.1417 -16.7902 18
      vertex 70.0636 -16.6017 0
      vertex 70.0636 -16.6017 18
    endloop
  endfacet
  facet normal 0.923844 0.38277 0
    outer loop
      vertex 70.0636 -16.6017 0
      vertex 70.1417 -16.7902 18
      vertex 70.1417 -16.7902 0
    endloop
  endfacet
  facet normal -0.760328 -0.649539 0
    outer loop
      vertex 72.3517 -15.4359 0
      vertex 72.2192 -15.2808 18
      vertex 72.2192 -15.2808 0
    endloop
  endfacet
  facet normal -0.760328 -0.649539 0
    outer loop
      vertex 72.2192 -15.2808 18
      vertex 72.3517 -15.4359 0
      vertex 72.3517 -15.4359 18
    endloop
  endfacet
  facet normal -0.649539 0.760328 0
    outer loop
      vertex 72.2192 -17.1192 0
      vertex 72.0641 -17.2517 18
      vertex 72.2192 -17.1192 18
    endloop
  endfacet
  facet normal -0.649539 0.760328 0
    outer loop
      vertex 72.0641 -17.2517 18
      vertex 72.2192 -17.1192 0
      vertex 72.0641 -17.2517 0
    endloop
  endfacet
  facet normal -0.23341 -0.972378 0
    outer loop
      vertex 71.5034 -14.916 0
      vertex 71.7017 -14.9636 18
      vertex 71.5034 -14.916 18
    endloop
  endfacet
  facet normal -0.23341 -0.972378 -0
    outer loop
      vertex 71.7017 -14.9636 18
      vertex 71.5034 -14.916 0
      vertex 71.7017 -14.9636 0
    endloop
  endfacet
  facet normal 0.852566 -0.52262 0
    outer loop
      vertex 70.1417 -15.6098 18
      vertex 70.2483 -15.4359 0
      vertex 70.2483 -15.4359 18
    endloop
  endfacet
  facet normal 0.852566 -0.52262 0
    outer loop
      vertex 70.2483 -15.4359 0
      vertex 70.1417 -15.6098 18
      vertex 70.1417 -15.6098 0
    endloop
  endfacet
  facet normal -0.972378 0.23341 0
    outer loop
      vertex 72.5364 -16.6017 0
      vertex 72.584 -16.4034 18
      vertex 72.584 -16.4034 0
    endloop
  endfacet
  facet normal -0.972378 0.23341 0
    outer loop
      vertex 72.584 -16.4034 18
      vertex 72.5364 -16.6017 0
      vertex 72.5364 -16.6017 18
    endloop
  endfacet
  facet normal 0.0784205 -0.99692 0
    outer loop
      vertex 71.0966 -14.916 0
      vertex 71.3 -14.9 18
      vertex 71.0966 -14.916 18
    endloop
  endfacet
  facet normal 0.0784205 -0.99692 0
    outer loop
      vertex 71.3 -14.9 18
      vertex 71.0966 -14.916 0
      vertex 71.3 -14.9 0
    endloop
  endfacet
  facet normal -0.52262 -0.852566 0
    outer loop
      vertex 71.8902 -15.0417 0
      vertex 72.0641 -15.1483 18
      vertex 71.8902 -15.0417 18
    endloop
  endfacet
  facet normal -0.52262 -0.852566 -0
    outer loop
      vertex 72.0641 -15.1483 18
      vertex 71.8902 -15.0417 0
      vertex 72.0641 -15.1483 0
    endloop
  endfacet
  facet normal -0.760328 0.649539 0
    outer loop
      vertex 72.2192 -17.1192 0
      vertex 72.3517 -16.9641 18
      vertex 72.3517 -16.9641 0
    endloop
  endfacet
  facet normal -0.760328 0.649539 0
    outer loop
      vertex 72.3517 -16.9641 18
      vertex 72.2192 -17.1192 0
      vertex 72.2192 -17.1192 18
    endloop
  endfacet
  facet normal 0.0784205 0.99692 -0
    outer loop
      vertex 71.3 -17.5 0
      vertex 71.0966 -17.484 18
      vertex 71.3 -17.5 18
    endloop
  endfacet
  facet normal 0.0784205 0.99692 0
    outer loop
      vertex 71.0966 -17.484 18
      vertex 71.3 -17.5 0
      vertex 71.0966 -17.484 0
    endloop
  endfacet
  facet normal 0.38277 -0.923844 0
    outer loop
      vertex 70.7098 -15.0417 0
      vertex 70.8983 -14.9636 18
      vertex 70.7098 -15.0417 18
    endloop
  endfacet
  facet normal 0.38277 -0.923844 0
    outer loop
      vertex 70.8983 -14.9636 18
      vertex 70.7098 -15.0417 0
      vertex 70.8983 -14.9636 0
    endloop
  endfacet
  facet normal 0.649539 0.760328 -0
    outer loop
      vertex 70.5359 -17.2517 0
      vertex 70.3808 -17.1192 18
      vertex 70.5359 -17.2517 18
    endloop
  endfacet
  facet normal 0.649539 0.760328 0
    outer loop
      vertex 70.3808 -17.1192 18
      vertex 70.5359 -17.2517 0
      vertex 70.3808 -17.1192 0
    endloop
  endfacet
  facet normal 0.23341 -0.972378 0
    outer loop
      vertex 70.8983 -14.9636 0
      vertex 71.0966 -14.916 18
      vertex 70.8983 -14.9636 18
    endloop
  endfacet
  facet normal 0.23341 -0.972378 0
    outer loop
      vertex 71.0966 -14.916 18
      vertex 70.8983 -14.9636 0
      vertex 71.0966 -14.916 0
    endloop
  endfacet
  facet normal 0.852566 0.52262 0
    outer loop
      vertex 70.2483 -16.9641 18
      vertex 70.1417 -16.7902 0
      vertex 70.1417 -16.7902 18
    endloop
  endfacet
  facet normal 0.852566 0.52262 0
    outer loop
      vertex 70.1417 -16.7902 0
      vertex 70.2483 -16.9641 18
      vertex 70.2483 -16.9641 0
    endloop
  endfacet
  facet normal 0.38277 0.923844 -0
    outer loop
      vertex 70.8983 -17.4364 0
      vertex 70.7098 -17.3583 18
      vertex 70.8983 -17.4364 18
    endloop
  endfacet
  facet normal 0.38277 0.923844 0
    outer loop
      vertex 70.7098 -17.3583 18
      vertex 70.8983 -17.4364 0
      vertex 70.7098 -17.3583 0
    endloop
  endfacet
  facet normal -0.52262 0.852566 0
    outer loop
      vertex 72.0641 -17.2517 0
      vertex 71.8902 -17.3583 18
      vertex 72.0641 -17.2517 18
    endloop
  endfacet
  facet normal -0.52262 0.852566 0
    outer loop
      vertex 71.8902 -17.3583 18
      vertex 72.0641 -17.2517 0
      vertex 71.8902 -17.3583 0
    endloop
  endfacet
  facet normal 0.23341 0.972378 -0
    outer loop
      vertex 71.0966 -17.484 0
      vertex 70.8983 -17.4364 18
      vertex 71.0966 -17.484 18
    endloop
  endfacet
  facet normal 0.23341 0.972378 0
    outer loop
      vertex 70.8983 -17.4364 18
      vertex 71.0966 -17.484 0
      vertex 70.8983 -17.4364 0
    endloop
  endfacet
  facet normal 0.52262 0.852566 -0
    outer loop
      vertex 70.7098 -17.3583 0
      vertex 70.5359 -17.2517 18
      vertex 70.7098 -17.3583 18
    endloop
  endfacet
  facet normal 0.52262 0.852566 0
    outer loop
      vertex 70.5359 -17.2517 18
      vertex 70.7098 -17.3583 0
      vertex 70.5359 -17.2517 0
    endloop
  endfacet
  facet normal 0.972378 -0.23341 0
    outer loop
      vertex 70.016 -15.9966 18
      vertex 70.0636 -15.7983 0
      vertex 70.0636 -15.7983 18
    endloop
  endfacet
  facet normal 0.972378 -0.23341 0
    outer loop
      vertex 70.0636 -15.7983 0
      vertex 70.016 -15.9966 18
      vertex 70.016 -15.9966 0
    endloop
  endfacet
  facet normal -0.972378 -0.23341 0
    outer loop
      vertex 10.384 -15.9966 0
      vertex 10.3364 -15.7983 18
      vertex 10.3364 -15.7983 0
    endloop
  endfacet
  facet normal -0.972378 -0.23341 0
    outer loop
      vertex 10.3364 -15.7983 18
      vertex 10.384 -15.9966 0
      vertex 10.384 -15.9966 18
    endloop
  endfacet
  facet normal -0.99692 -0.0784205 0
    outer loop
      vertex 10.4 -16.2 0
      vertex 10.384 -15.9966 18
      vertex 10.384 -15.9966 0
    endloop
  endfacet
  facet normal -0.99692 -0.0784205 0
    outer loop
      vertex 10.384 -15.9966 18
      vertex 10.4 -16.2 0
      vertex 10.4 -16.2 18
    endloop
  endfacet
  facet normal -0.923844 -0.38277 0
    outer loop
      vertex 10.3364 -15.7983 0
      vertex 10.2583 -15.6098 18
      vertex 10.2583 -15.6098 0
    endloop
  endfacet
  facet normal -0.923844 -0.38277 0
    outer loop
      vertex 10.2583 -15.6098 18
      vertex 10.3364 -15.7983 0
      vertex 10.3364 -15.7983 18
    endloop
  endfacet
  facet normal 0.382822 0.923822 -0
    outer loop
      vertex 8.69828 -17.4364 0
      vertex 8.50981 -17.3583 18
      vertex 8.69828 -17.4364 18
    endloop
  endfacet
  facet normal 0.382822 0.923822 0
    outer loop
      vertex 8.50981 -17.3583 18
      vertex 8.69828 -17.4364 0
      vertex 8.50981 -17.3583 0
    endloop
  endfacet
  facet normal 0.649491 0.76037 -0
    outer loop
      vertex 8.33588 -17.2517 0
      vertex 8.18076 -17.1192 18
      vertex 8.33588 -17.2517 18
    endloop
  endfacet
  facet normal 0.649491 0.76037 0
    outer loop
      vertex 8.18076 -17.1192 18
      vertex 8.33588 -17.2517 0
      vertex 8.18076 -17.1192 0
    endloop
  endfacet
  facet normal -0.852566 -0.52262 0
    outer loop
      vertex 10.2583 -15.6098 0
      vertex 10.1517 -15.4359 18
      vertex 10.1517 -15.4359 0
    endloop
  endfacet
  facet normal -0.852566 -0.52262 0
    outer loop
      vertex 10.1517 -15.4359 18
      vertex 10.2583 -15.6098 0
      vertex 10.2583 -15.6098 18
    endloop
  endfacet
  facet normal -0.0784358 0.996919 0
    outer loop
      vertex 9.30336 -17.484 0
      vertex 9.1 -17.5 18
      vertex 9.30336 -17.484 18
    endloop
  endfacet
  facet normal -0.0784358 0.996919 0
    outer loop
      vertex 9.1 -17.5 18
      vertex 9.30336 -17.484 0
      vertex 9.1 -17.5 0
    endloop
  endfacet
  facet normal -0.233343 0.972394 0
    outer loop
      vertex 9.50172 -17.4364 0
      vertex 9.30336 -17.484 18
      vertex 9.50172 -17.4364 18
    endloop
  endfacet
  facet normal -0.233343 0.972394 0
    outer loop
      vertex 9.30336 -17.484 18
      vertex 9.50172 -17.4364 0
      vertex 9.30336 -17.484 0
    endloop
  endfacet
  facet normal 0.972345 -0.233549 0
    outer loop
      vertex 7.816 -15.9966 18
      vertex 7.86363 -15.7983 0
      vertex 7.86363 -15.7983 18
    endloop
  endfacet
  facet normal 0.972345 -0.233549 0
    outer loop
      vertex 7.86363 -15.7983 0
      vertex 7.816 -15.9966 18
      vertex 7.816 -15.9966 0
    endloop
  endfacet
  facet normal -0.99692 0.0784205 0
    outer loop
      vertex 10.384 -16.4034 0
      vertex 10.4 -16.2 18
      vertex 10.4 -16.2 0
    endloop
  endfacet
  facet normal -0.99692 0.0784205 0
    outer loop
      vertex 10.4 -16.2 18
      vertex 10.384 -16.4034 0
      vertex 10.384 -16.4034 18
    endloop
  endfacet
  facet normal 0.233343 -0.972394 0
    outer loop
      vertex 8.69828 -14.9636 0
      vertex 8.89664 -14.916 18
      vertex 8.69828 -14.9636 18
    endloop
  endfacet
  facet normal 0.233343 -0.972394 0
    outer loop
      vertex 8.89664 -14.916 18
      vertex 8.69828 -14.9636 0
      vertex 8.89664 -14.916 0
    endloop
  endfacet
  facet normal -0.382822 -0.923822 0
    outer loop
      vertex 9.50172 -14.9636 0
      vertex 9.69019 -15.0417 18
      vertex 9.50172 -14.9636 18
    endloop
  endfacet
  facet normal -0.382822 -0.923822 -0
    outer loop
      vertex 9.69019 -15.0417 18
      vertex 9.50172 -14.9636 0
      vertex 9.69019 -15.0417 0
    endloop
  endfacet
  facet normal -0.972378 0.23341 0
    outer loop
      vertex 10.3364 -16.6017 0
      vertex 10.384 -16.4034 18
      vertex 10.384 -16.4034 0
    endloop
  endfacet
  facet normal -0.972378 0.23341 0
    outer loop
      vertex 10.384 -16.4034 18
      vertex 10.3364 -16.6017 0
      vertex 10.3364 -16.6017 18
    endloop
  endfacet
  facet normal 0.0784358 0.996919 -0
    outer loop
      vertex 9.1 -17.5 0
      vertex 8.89664 -17.484 18
      vertex 9.1 -17.5 18
    endloop
  endfacet
  facet normal 0.0784358 0.996919 0
    outer loop
      vertex 8.89664 -17.484 18
      vertex 9.1 -17.5 0
      vertex 8.89664 -17.484 0
    endloop
  endfacet
  facet normal -0.923844 0.38277 0
    outer loop
      vertex 10.2583 -16.7902 0
      vertex 10.3364 -16.6017 18
      vertex 10.3364 -16.6017 0
    endloop
  endfacet
  facet normal -0.923844 0.38277 0
    outer loop
      vertex 10.3364 -16.6017 18
      vertex 10.2583 -16.7902 0
      vertex 10.2583 -16.7902 18
    endloop
  endfacet
  facet normal 0.923913 0.382603 0
    outer loop
      vertex 7.94169 -16.7902 18
      vertex 7.86363 -16.6017 0
      vertex 7.86363 -16.6017 18
    endloop
  endfacet
  facet normal 0.923913 0.382603 0
    outer loop
      vertex 7.86363 -16.6017 0
      vertex 7.94169 -16.7902 18
      vertex 7.94169 -16.7902 0
    endloop
  endfacet
  facet normal 0.0784358 -0.996919 0
    outer loop
      vertex 8.89664 -14.916 0
      vertex 9.1 -14.9 18
      vertex 8.89664 -14.916 18
    endloop
  endfacet
  facet normal 0.0784358 -0.996919 0
    outer loop
      vertex 9.1 -14.9 18
      vertex 8.89664 -14.916 0
      vertex 9.1 -14.9 0
    endloop
  endfacet
  facet normal 0.760377 -0.649482 0
    outer loop
      vertex 8.04828 -15.4359 18
      vertex 8.18076 -15.2808 0
      vertex 8.18076 -15.2808 18
    endloop
  endfacet
  facet normal 0.760377 -0.649482 0
    outer loop
      vertex 8.18076 -15.2808 0
      vertex 8.04828 -15.4359 18
      vertex 8.04828 -15.4359 0
    endloop
  endfacet
  facet normal 0.522554 -0.852606 0
    outer loop
      vertex 8.33588 -15.1483 0
      vertex 8.50981 -15.0417 18
      vertex 8.33588 -15.1483 18
    endloop
  endfacet
  facet normal 0.522554 -0.852606 0
    outer loop
      vertex 8.50981 -15.0417 18
      vertex 8.33588 -15.1483 0
      vertex 8.50981 -15.0417 0
    endloop
  endfacet
  facet normal 0.382822 -0.923822 0
    outer loop
      vertex 8.50981 -15.0417 0
      vertex 8.69828 -14.9636 18
      vertex 8.50981 -15.0417 18
    endloop
  endfacet
  facet normal 0.382822 -0.923822 0
    outer loop
      vertex 8.69828 -14.9636 18
      vertex 8.50981 -15.0417 0
      vertex 8.69828 -14.9636 0
    endloop
  endfacet
  facet normal -0.649587 -0.760287 0
    outer loop
      vertex 9.86412 -15.1483 0
      vertex 10.0192 -15.2808 18
      vertex 9.86412 -15.1483 18
    endloop
  endfacet
  facet normal -0.649587 -0.760287 -0
    outer loop
      vertex 10.0192 -15.2808 18
      vertex 9.86412 -15.1483 0
      vertex 10.0192 -15.2808 0
    endloop
  endfacet
  facet normal -0.852566 0.52262 0
    outer loop
      vertex 10.1517 -16.9641 0
      vertex 10.2583 -16.7902 18
      vertex 10.2583 -16.7902 0
    endloop
  endfacet
  facet normal -0.852566 0.52262 0
    outer loop
      vertex 10.2583 -16.7902 18
      vertex 10.1517 -16.9641 0
      vertex 10.1517 -16.9641 18
    endloop
  endfacet
  facet normal 0.99692 -0.0784205 0
    outer loop
      vertex 7.8 -16.2 18
      vertex 7.816 -15.9966 0
      vertex 7.816 -15.9966 18
    endloop
  endfacet
  facet normal 0.99692 -0.0784205 0
    outer loop
      vertex 7.816 -15.9966 0
      vertex 7.8 -16.2 18
      vertex 7.8 -16.2 0
    endloop
  endfacet
  facet normal -0.522554 -0.852606 0
    outer loop
      vertex 9.69019 -15.0417 0
      vertex 9.86412 -15.1483 18
      vertex 9.69019 -15.0417 18
    endloop
  endfacet
  facet normal -0.522554 -0.852606 -0
    outer loop
      vertex 9.86412 -15.1483 18
      vertex 9.69019 -15.0417 0
      vertex 9.86412 -15.1483 0
    endloop
  endfacet
  facet normal -0.382822 0.923822 0
    outer loop
      vertex 9.69019 -17.3583 0
      vertex 9.50172 -17.4364 18
      vertex 9.69019 -17.3583 18
    endloop
  endfacet
  facet normal -0.382822 0.923822 0
    outer loop
      vertex 9.50172 -17.4364 18
      vertex 9.69019 -17.3583 0
      vertex 9.50172 -17.4364 0
    endloop
  endfacet
  facet normal -0.522554 0.852606 0
    outer loop
      vertex 9.86412 -17.2517 0
      vertex 9.69019 -17.3583 18
      vertex 9.86412 -17.2517 18
    endloop
  endfacet
  facet normal -0.522554 0.852606 0
    outer loop
      vertex 9.69019 -17.3583 18
      vertex 9.86412 -17.2517 0
      vertex 9.69019 -17.3583 0
    endloop
  endfacet
  facet normal 0.972345 0.233549 0
    outer loop
      vertex 7.86363 -16.6017 18
      vertex 7.816 -16.4034 0
      vertex 7.816 -16.4034 18
    endloop
  endfacet
  facet normal 0.972345 0.233549 0
    outer loop
      vertex 7.816 -16.4034 0
      vertex 7.86363 -16.6017 18
      vertex 7.86363 -16.6017 0
    endloop
  endfacet
  facet normal 0.760377 0.649482 0
    outer loop
      vertex 8.18076 -17.1192 18
      vertex 8.04828 -16.9641 0
      vertex 8.04828 -16.9641 18
    endloop
  endfacet
  facet normal 0.760377 0.649482 0
    outer loop
      vertex 8.04828 -16.9641 0
      vertex 8.18076 -17.1192 18
      vertex 8.18076 -17.1192 0
    endloop
  endfacet
  facet normal 0.852588 -0.522584 0
    outer loop
      vertex 7.94169 -15.6098 18
      vertex 8.04828 -15.4359 0
      vertex 8.04828 -15.4359 18
    endloop
  endfacet
  facet normal 0.852588 -0.522584 0
    outer loop
      vertex 8.04828 -15.4359 0
      vertex 7.94169 -15.6098 18
      vertex 7.94169 -15.6098 0
    endloop
  endfacet
  facet normal 0.649491 -0.76037 0
    outer loop
      vertex 8.18076 -15.2808 0
      vertex 8.33588 -15.1483 18
      vertex 8.18076 -15.2808 18
    endloop
  endfacet
  facet normal 0.649491 -0.76037 0
    outer loop
      vertex 8.33588 -15.1483 18
      vertex 8.18076 -15.2808 0
      vertex 8.33588 -15.1483 0
    endloop
  endfacet
  facet normal 0.522554 0.852606 -0
    outer loop
      vertex 8.50981 -17.3583 0
      vertex 8.33588 -17.2517 18
      vertex 8.50981 -17.3583 18
    endloop
  endfacet
  facet normal 0.522554 0.852606 0
    outer loop
      vertex 8.33588 -17.2517 18
      vertex 8.50981 -17.3583 0
      vertex 8.33588 -17.2517 0
    endloop
  endfacet
  facet normal -0.0784358 -0.996919 0
    outer loop
      vertex 9.1 -14.9 0
      vertex 9.30336 -14.916 18
      vertex 9.1 -14.9 18
    endloop
  endfacet
  facet normal -0.0784358 -0.996919 -0
    outer loop
      vertex 9.30336 -14.916 18
      vertex 9.1 -14.9 0
      vertex 9.30336 -14.916 0
    endloop
  endfacet
  facet normal -0.233343 -0.972394 0
    outer loop
      vertex 9.30336 -14.916 0
      vertex 9.50172 -14.9636 18
      vertex 9.30336 -14.916 18
    endloop
  endfacet
  facet normal -0.233343 -0.972394 -0
    outer loop
      vertex 9.50172 -14.9636 18
      vertex 9.30336 -14.916 0
      vertex 9.50172 -14.9636 0
    endloop
  endfacet
  facet normal -0.760328 -0.649539 0
    outer loop
      vertex 10.1517 -15.4359 0
      vertex 10.0192 -15.2808 18
      vertex 10.0192 -15.2808 0
    endloop
  endfacet
  facet normal -0.760328 -0.649539 0
    outer loop
      vertex 10.0192 -15.2808 18
      vertex 10.1517 -15.4359 0
      vertex 10.1517 -15.4359 18
    endloop
  endfacet
  facet normal 0.233343 0.972394 -0
    outer loop
      vertex 8.89664 -17.484 0
      vertex 8.69828 -17.4364 18
      vertex 8.89664 -17.484 18
    endloop
  endfacet
  facet normal 0.233343 0.972394 0
    outer loop
      vertex 8.69828 -17.4364 18
      vertex 8.89664 -17.484 0
      vertex 8.69828 -17.4364 0
    endloop
  endfacet
  facet normal 0.852588 0.522584 0
    outer loop
      vertex 8.04828 -16.9641 18
      vertex 7.94169 -16.7902 0
      vertex 7.94169 -16.7902 18
    endloop
  endfacet
  facet normal 0.852588 0.522584 0
    outer loop
      vertex 7.94169 -16.7902 0
      vertex 8.04828 -16.9641 18
      vertex 8.04828 -16.9641 0
    endloop
  endfacet
  facet normal 0.99692 0.0784205 0
    outer loop
      vertex 7.816 -16.4034 18
      vertex 7.8 -16.2 0
      vertex 7.8 -16.2 18
    endloop
  endfacet
  facet normal 0.99692 0.0784205 0
    outer loop
      vertex 7.8 -16.2 0
      vertex 7.816 -16.4034 18
      vertex 7.816 -16.4034 0
    endloop
  endfacet
  facet normal 0.923913 -0.382603 0
    outer loop
      vertex 7.86363 -15.7983 18
      vertex 7.94169 -15.6098 0
      vertex 7.94169 -15.6098 18
    endloop
  endfacet
  facet normal 0.923913 -0.382603 0
    outer loop
      vertex 7.94169 -15.6098 0
      vertex 7.86363 -15.7983 18
      vertex 7.86363 -15.7983 0
    endloop
  endfacet
  facet normal -0.649587 0.760287 0
    outer loop
      vertex 10.0192 -17.1192 0
      vertex 9.86412 -17.2517 18
      vertex 10.0192 -17.1192 18
    endloop
  endfacet
  facet normal -0.649587 0.760287 0
    outer loop
      vertex 9.86412 -17.2517 18
      vertex 10.0192 -17.1192 0
      vertex 9.86412 -17.2517 0
    endloop
  endfacet
  facet normal -0.760328 0.649539 0
    outer loop
      vertex 10.0192 -17.1192 0
      vertex 10.1517 -16.9641 18
      vertex 10.1517 -16.9641 0
    endloop
  endfacet
  facet normal -0.760328 0.649539 0
    outer loop
      vertex 10.1517 -16.9641 18
      vertex 10.0192 -17.1192 0
      vertex 10.0192 -17.1192 18
    endloop
  endfacet
  facet normal -0.23341 0.972378 0
    outer loop
      vertex 71.7017 -46.4364 0
      vertex 71.5034 -46.484 18
      vertex 71.7017 -46.4364 18
    endloop
  endfacet
  facet normal -0.23341 0.972378 0
    outer loop
      vertex 71.5034 -46.484 18
      vertex 71.7017 -46.4364 0
      vertex 71.5034 -46.484 0
    endloop
  endfacet
  facet normal -0.972378 -0.23341 0
    outer loop
      vertex 72.584 -44.9966 0
      vertex 72.5364 -44.7983 18
      vertex 72.5364 -44.7983 0
    endloop
  endfacet
  facet normal -0.972378 -0.23341 0
    outer loop
      vertex 72.5364 -44.7983 18
      vertex 72.584 -44.9966 0
      vertex 72.584 -44.9966 18
    endloop
  endfacet
  facet normal -0.99692 -0.0784205 0
    outer loop
      vertex 72.6 -45.2 0
      vertex 72.584 -44.9966 18
      vertex 72.584 -44.9966 0
    endloop
  endfacet
  facet normal -0.99692 -0.0784205 0
    outer loop
      vertex 72.584 -44.9966 18
      vertex 72.6 -45.2 0
      vertex 72.6 -45.2 18
    endloop
  endfacet
  facet normal -0.923844 -0.38277 0
    outer loop
      vertex 72.5364 -44.7983 0
      vertex 72.4583 -44.6098 18
      vertex 72.4583 -44.6098 0
    endloop
  endfacet
  facet normal -0.923844 -0.38277 0
    outer loop
      vertex 72.4583 -44.6098 18
      vertex 72.5364 -44.7983 0
      vertex 72.5364 -44.7983 18
    endloop
  endfacet
  facet normal -0.649539 -0.760328 0
    outer loop
      vertex 72.0641 -44.1483 0
      vertex 72.2192 -44.2808 18
      vertex 72.0641 -44.1483 18
    endloop
  endfacet
  facet normal -0.649539 -0.760328 -0
    outer loop
      vertex 72.2192 -44.2808 18
      vertex 72.0641 -44.1483 0
      vertex 72.2192 -44.2808 0
    endloop
  endfacet
  facet normal -0.852566 -0.52262 0
    outer loop
      vertex 72.4583 -44.6098 0
      vertex 72.3517 -44.4359 18
      vertex 72.3517 -44.4359 0
    endloop
  endfacet
  facet normal -0.852566 -0.52262 0
    outer loop
      vertex 72.3517 -44.4359 18
      vertex 72.4583 -44.6098 0
      vertex 72.4583 -44.6098 18
    endloop
  endfacet
  facet normal -0.0784205 -0.99692 0
    outer loop
      vertex 71.3 -43.9 0
      vertex 71.5034 -43.916 18
      vertex 71.3 -43.9 18
    endloop
  endfacet
  facet normal -0.0784205 -0.99692 -0
    outer loop
      vertex 71.5034 -43.916 18
      vertex 71.3 -43.9 0
      vertex 71.5034 -43.916 0
    endloop
  endfacet
  facet normal 0.99692 -0.0784205 0
    outer loop
      vertex 70 -45.2 18
      vertex 70.016 -44.9966 0
      vertex 70.016 -44.9966 18
    endloop
  endfacet
  facet normal 0.99692 -0.0784205 0
    outer loop
      vertex 70.016 -44.9966 0
      vertex 70 -45.2 18
      vertex 70 -45.2 0
    endloop
  endfacet
  facet normal 0.52262 -0.852566 0
    outer loop
      vertex 70.5359 -44.1483 0
      vertex 70.7098 -44.0417 18
      vertex 70.5359 -44.1483 18
    endloop
  endfacet
  facet normal 0.52262 -0.852566 0
    outer loop
      vertex 70.7098 -44.0417 18
      vertex 70.5359 -44.1483 0
      vertex 70.7098 -44.0417 0
    endloop
  endfacet
  facet normal -0.38277 0.923844 0
    outer loop
      vertex 71.8902 -46.3583 0
      vertex 71.7017 -46.4364 18
      vertex 71.8902 -46.3583 18
    endloop
  endfacet
  facet normal -0.38277 0.923844 0
    outer loop
      vertex 71.7017 -46.4364 18
      vertex 71.8902 -46.3583 0
      vertex 71.7017 -46.4364 0
    endloop
  endfacet
  facet normal 0.923844 -0.38277 0
    outer loop
      vertex 70.0636 -44.7983 18
      vertex 70.1417 -44.6098 0
      vertex 70.1417 -44.6098 18
    endloop
  endfacet
  facet normal 0.923844 -0.38277 0
    outer loop
      vertex 70.1417 -44.6098 0
      vertex 70.0636 -44.7983 18
      vertex 70.0636 -44.7983 0
    endloop
  endfacet
  facet normal 0.760328 -0.649539 0
    outer loop
      vertex 70.2483 -44.4359 18
      vertex 70.3808 -44.2808 0
      vertex 70.3808 -44.2808 18
    endloop
  endfacet
  facet normal 0.760328 -0.649539 0
    outer loop
      vertex 70.3808 -44.2808 0
      vertex 70.2483 -44.4359 18
      vertex 70.2483 -44.4359 0
    endloop
  endfacet
  facet normal 0.760328 0.649539 0
    outer loop
      vertex 70.3808 -46.1192 18
      vertex 70.2483 -45.9641 0
      vertex 70.2483 -45.9641 18
    endloop
  endfacet
  facet normal 0.760328 0.649539 0
    outer loop
      vertex 70.2483 -45.9641 0
      vertex 70.3808 -46.1192 18
      vertex 70.3808 -46.1192 0
    endloop
  endfacet
  facet normal 0.99692 0.0784205 0
    outer loop
      vertex 70.016 -45.4034 18
      vertex 70 -45.2 0
      vertex 70 -45.2 18
    endloop
  endfacet
  facet normal 0.99692 0.0784205 0
    outer loop
      vertex 70 -45.2 0
      vertex 70.016 -45.4034 18
      vertex 70.016 -45.4034 0
    endloop
  endfacet
  facet normal 0.972378 0.23341 0
    outer loop
      vertex 70.0636 -45.6017 18
      vertex 70.016 -45.4034 0
      vertex 70.016 -45.4034 18
    endloop
  endfacet
  facet normal 0.972378 0.23341 0
    outer loop
      vertex 70.016 -45.4034 0
      vertex 70.0636 -45.6017 18
      vertex 70.0636 -45.6017 0
    endloop
  endfacet
  facet normal -0.852566 0.52262 0
    outer loop
      vertex 72.3517 -45.9641 0
      vertex 72.4583 -45.7902 18
      vertex 72.4583 -45.7902 0
    endloop
  endfacet
  facet normal -0.852566 0.52262 0
    outer loop
      vertex 72.4583 -45.7902 18
      vertex 72.3517 -45.9641 0
      vertex 72.3517 -45.9641 18
    endloop
  endfacet
  facet normal -0.0784205 0.99692 0
    outer loop
      vertex 71.5034 -46.484 0
      vertex 71.3 -46.5 18
      vertex 71.5034 -46.484 18
    endloop
  endfacet
  facet normal -0.0784205 0.99692 0
    outer loop
      vertex 71.3 -46.5 18
      vertex 71.5034 -46.484 0
      vertex 71.3 -46.5 0
    endloop
  endfacet
  facet normal 0.649539 -0.760328 0
    outer loop
      vertex 70.3808 -44.2808 0
      vertex 70.5359 -44.1483 18
      vertex 70.3808 -44.2808 18
    endloop
  endfacet
  facet normal 0.649539 -0.760328 0
    outer loop
      vertex 70.5359 -44.1483 18
      vertex 70.3808 -44.2808 0
      vertex 70.5359 -44.1483 0
    endloop
  endfacet
  facet normal -0.99692 0.0784205 0
    outer loop
      vertex 72.584 -45.4034 0
      vertex 72.6 -45.2 18
      vertex 72.6 -45.2 0
    endloop
  endfacet
  facet normal -0.99692 0.0784205 0
    outer loop
      vertex 72.6 -45.2 18
      vertex 72.584 -45.4034 0
      vertex 72.584 -45.4034 18
    endloop
  endfacet
  facet normal -0.923844 0.38277 0
    outer loop
      vertex 72.4583 -45.7902 0
      vertex 72.5364 -45.6017 18
      vertex 72.5364 -45.6017 0
    endloop
  endfacet
  facet normal -0.923844 0.38277 0
    outer loop
      vertex 72.5364 -45.6017 18
      vertex 72.4583 -45.7902 0
      vertex 72.4583 -45.7902 18
    endloop
  endfacet
  facet normal -0.38277 -0.923844 0
    outer loop
      vertex 71.7017 -43.9636 0
      vertex 71.8902 -44.0417 18
      vertex 71.7017 -43.9636 18
    endloop
  endfacet
  facet normal -0.38277 -0.923844 -0
    outer loop
      vertex 71.8902 -44.0417 18
      vertex 71.7017 -43.9636 0
      vertex 71.8902 -44.0417 0
    endloop
  endfacet
  facet normal 0.923844 0.38277 0
    outer loop
      vertex 70.1417 -45.7902 18
      vertex 70.0636 -45.6017 0
      vertex 70.0636 -45.6017 18
    endloop
  endfacet
  facet normal 0.923844 0.38277 0
    outer loop
      vertex 70.0636 -45.6017 0
      vertex 70.1417 -45.7902 18
      vertex 70.1417 -45.7902 0
    endloop
  endfacet
  facet normal -0.760328 -0.649539 0
    outer loop
      vertex 72.3517 -44.4359 0
      vertex 72.2192 -44.2808 18
      vertex 72.2192 -44.2808 0
    endloop
  endfacet
  facet normal -0.760328 -0.649539 0
    outer loop
      vertex 72.2192 -44.2808 18
      vertex 72.3517 -44.4359 0
      vertex 72.3517 -44.4359 18
    endloop
  endfacet
  facet normal -0.649539 0.760328 0
    outer loop
      vertex 72.2192 -46.1192 0
      vertex 72.0641 -46.2517 18
      vertex 72.2192 -46.1192 18
    endloop
  endfacet
  facet normal -0.649539 0.760328 0
    outer loop
      vertex 72.0641 -46.2517 18
      vertex 72.2192 -46.1192 0
      vertex 72.0641 -46.2517 0
    endloop
  endfacet
  facet normal -0.23341 -0.972378 0
    outer loop
      vertex 71.5034 -43.916 0
      vertex 71.7017 -43.9636 18
      vertex 71.5034 -43.916 18
    endloop
  endfacet
  facet normal -0.23341 -0.972378 -0
    outer loop
      vertex 71.7017 -43.9636 18
      vertex 71.5034 -43.916 0
      vertex 71.7017 -43.9636 0
    endloop
  endfacet
  facet normal 0.852566 -0.52262 0
    outer loop
      vertex 70.1417 -44.6098 18
      vertex 70.2483 -44.4359 0
      vertex 70.2483 -44.4359 18
    endloop
  endfacet
  facet normal 0.852566 -0.52262 0
    outer loop
      vertex 70.2483 -44.4359 0
      vertex 70.1417 -44.6098 18
      vertex 70.1417 -44.6098 0
    endloop
  endfacet
  facet normal -0.972378 0.23341 0
    outer loop
      vertex 72.5364 -45.6017 0
      vertex 72.584 -45.4034 18
      vertex 72.584 -45.4034 0
    endloop
  endfacet
  facet normal -0.972378 0.23341 0
    outer loop
      vertex 72.584 -45.4034 18
      vertex 72.5364 -45.6017 0
      vertex 72.5364 -45.6017 18
    endloop
  endfacet
  facet normal 0.0784205 -0.99692 0
    outer loop
      vertex 71.0966 -43.916 0
      vertex 71.3 -43.9 18
      vertex 71.0966 -43.916 18
    endloop
  endfacet
  facet normal 0.0784205 -0.99692 0
    outer loop
      vertex 71.3 -43.9 18
      vertex 71.0966 -43.916 0
      vertex 71.3 -43.9 0
    endloop
  endfacet
  facet normal -0.52262 -0.852566 0
    outer loop
      vertex 71.8902 -44.0417 0
      vertex 72.0641 -44.1483 18
      vertex 71.8902 -44.0417 18
    endloop
  endfacet
  facet normal -0.52262 -0.852566 -0
    outer loop
      vertex 72.0641 -44.1483 18
      vertex 71.8902 -44.0417 0
      vertex 72.0641 -44.1483 0
    endloop
  endfacet
  facet normal -0.760328 0.649539 0
    outer loop
      vertex 72.2192 -46.1192 0
      vertex 72.3517 -45.9641 18
      vertex 72.3517 -45.9641 0
    endloop
  endfacet
  facet normal -0.760328 0.649539 0
    outer loop
      vertex 72.3517 -45.9641 18
      vertex 72.2192 -46.1192 0
      vertex 72.2192 -46.1192 18
    endloop
  endfacet
  facet normal 0.38277 -0.923844 0
    outer loop
      vertex 70.7098 -44.0417 0
      vertex 70.8983 -43.9636 18
      vertex 70.7098 -44.0417 18
    endloop
  endfacet
  facet normal 0.38277 -0.923844 0
    outer loop
      vertex 70.8983 -43.9636 18
      vertex 70.7098 -44.0417 0
      vertex 70.8983 -43.9636 0
    endloop
  endfacet
  facet normal 0.649539 0.760328 -0
    outer loop
      vertex 70.5359 -46.2517 0
      vertex 70.3808 -46.1192 18
      vertex 70.5359 -46.2517 18
    endloop
  endfacet
  facet normal 0.649539 0.760328 0
    outer loop
      vertex 70.3808 -46.1192 18
      vertex 70.5359 -46.2517 0
      vertex 70.3808 -46.1192 0
    endloop
  endfacet
  facet normal 0.23341 -0.972378 0
    outer loop
      vertex 70.8983 -43.9636 0
      vertex 71.0966 -43.916 18
      vertex 70.8983 -43.9636 18
    endloop
  endfacet
  facet normal 0.23341 -0.972378 0
    outer loop
      vertex 71.0966 -43.916 18
      vertex 70.8983 -43.9636 0
      vertex 71.0966 -43.916 0
    endloop
  endfacet
  facet normal 0.852566 0.52262 0
    outer loop
      vertex 70.2483 -45.9641 18
      vertex 70.1417 -45.7902 0
      vertex 70.1417 -45.7902 18
    endloop
  endfacet
  facet normal 0.852566 0.52262 0
    outer loop
      vertex 70.1417 -45.7902 0
      vertex 70.2483 -45.9641 18
      vertex 70.2483 -45.9641 0
    endloop
  endfacet
  facet normal 0.38277 0.923844 -0
    outer loop
      vertex 70.8983 -46.4364 0
      vertex 70.7098 -46.3583 18
      vertex 70.8983 -46.4364 18
    endloop
  endfacet
  facet normal 0.38277 0.923844 0
    outer loop
      vertex 70.7098 -46.3583 18
      vertex 70.8983 -46.4364 0
      vertex 70.7098 -46.3583 0
    endloop
  endfacet
  facet normal -0.52262 0.852566 0
    outer loop
      vertex 72.0641 -46.2517 0
      vertex 71.8902 -46.3583 18
      vertex 72.0641 -46.2517 18
    endloop
  endfacet
  facet normal -0.52262 0.852566 0
    outer loop
      vertex 71.8902 -46.3583 18
      vertex 72.0641 -46.2517 0
      vertex 71.8902 -46.3583 0
    endloop
  endfacet
  facet normal 0.23341 0.972378 -0
    outer loop
      vertex 71.0966 -46.484 0
      vertex 70.8983 -46.4364 18
      vertex 71.0966 -46.484 18
    endloop
  endfacet
  facet normal 0.23341 0.972378 0
    outer loop
      vertex 70.8983 -46.4364 18
      vertex 71.0966 -46.484 0
      vertex 70.8983 -46.4364 0
    endloop
  endfacet
  facet normal 0.52262 0.852566 -0
    outer loop
      vertex 70.7098 -46.3583 0
      vertex 70.5359 -46.2517 18
      vertex 70.7098 -46.3583 18
    endloop
  endfacet
  facet normal 0.52262 0.852566 0
    outer loop
      vertex 70.5359 -46.2517 18
      vertex 70.7098 -46.3583 0
      vertex 70.5359 -46.2517 0
    endloop
  endfacet
  facet normal 0.0784205 0.99692 -0
    outer loop
      vertex 71.3 -46.5 0
      vertex 71.0966 -46.484 18
      vertex 71.3 -46.5 18
    endloop
  endfacet
  facet normal 0.0784205 0.99692 0
    outer loop
      vertex 71.0966 -46.484 18
      vertex 71.3 -46.5 0
      vertex 71.0966 -46.484 0
    endloop
  endfacet
  facet normal 0.972378 -0.23341 0
    outer loop
      vertex 70.016 -44.9966 18
      vertex 70.0636 -44.7983 0
      vertex 70.0636 -44.7983 18
    endloop
  endfacet
  facet normal 0.972378 -0.23341 0
    outer loop
      vertex 70.0636 -44.7983 0
      vertex 70.016 -44.9966 18
      vertex 70.016 -44.9966 0
    endloop
  endfacet
  facet normal -0.972378 -0.23341 0
    outer loop
      vertex 10.384 -44.9966 0
      vertex 10.3364 -44.7983 18
      vertex 10.3364 -44.7983 0
    endloop
  endfacet
  facet normal -0.972378 -0.23341 0
    outer loop
      vertex 10.3364 -44.7983 18
      vertex 10.384 -44.9966 0
      vertex 10.384 -44.9966 18
    endloop
  endfacet
  facet normal -0.99692 -0.0784205 0
    outer loop
      vertex 10.4 -45.2 0
      vertex 10.384 -44.9966 18
      vertex 10.384 -44.9966 0
    endloop
  endfacet
  facet normal -0.99692 -0.0784205 0
    outer loop
      vertex 10.384 -44.9966 18
      vertex 10.4 -45.2 0
      vertex 10.4 -45.2 18
    endloop
  endfacet
  facet normal -0.923844 -0.38277 0
    outer loop
      vertex 10.3364 -44.7983 0
      vertex 10.2583 -44.6098 18
      vertex 10.2583 -44.6098 0
    endloop
  endfacet
  facet normal -0.923844 -0.38277 0
    outer loop
      vertex 10.2583 -44.6098 18
      vertex 10.3364 -44.7983 0
      vertex 10.3364 -44.7983 18
    endloop
  endfacet
  facet normal 0.382822 0.923822 -0
    outer loop
      vertex 8.69828 -46.4364 0
      vertex 8.50981 -46.3583 18
      vertex 8.69828 -46.4364 18
    endloop
  endfacet
  facet normal 0.382822 0.923822 0
    outer loop
      vertex 8.50981 -46.3583 18
      vertex 8.69828 -46.4364 0
      vertex 8.50981 -46.3583 0
    endloop
  endfacet
  facet normal 0.649491 0.76037 -0
    outer loop
      vertex 8.33588 -46.2517 0
      vertex 8.18076 -46.1192 18
      vertex 8.33588 -46.2517 18
    endloop
  endfacet
  facet normal 0.649491 0.76037 0
    outer loop
      vertex 8.18076 -46.1192 18
      vertex 8.33588 -46.2517 0
      vertex 8.18076 -46.1192 0
    endloop
  endfacet
  facet normal -0.852566 -0.52262 0
    outer loop
      vertex 10.2583 -44.6098 0
      vertex 10.1517 -44.4359 18
      vertex 10.1517 -44.4359 0
    endloop
  endfacet
  facet normal -0.852566 -0.52262 0
    outer loop
      vertex 10.1517 -44.4359 18
      vertex 10.2583 -44.6098 0
      vertex 10.2583 -44.6098 18
    endloop
  endfacet
  facet normal -0.0784358 0.996919 0
    outer loop
      vertex 9.30336 -46.484 0
      vertex 9.1 -46.5 18
      vertex 9.30336 -46.484 18
    endloop
  endfacet
  facet normal -0.0784358 0.996919 0
    outer loop
      vertex 9.1 -46.5 18
      vertex 9.30336 -46.484 0
      vertex 9.1 -46.5 0
    endloop
  endfacet
  facet normal -0.233343 0.972394 0
    outer loop
      vertex 9.50172 -46.4364 0
      vertex 9.30336 -46.484 18
      vertex 9.50172 -46.4364 18
    endloop
  endfacet
  facet normal -0.233343 0.972394 0
    outer loop
      vertex 9.30336 -46.484 18
      vertex 9.50172 -46.4364 0
      vertex 9.30336 -46.484 0
    endloop
  endfacet
  facet normal 0.972345 -0.233549 0
    outer loop
      vertex 7.816 -44.9966 18
      vertex 7.86363 -44.7983 0
      vertex 7.86363 -44.7983 18
    endloop
  endfacet
  facet normal 0.972345 -0.233549 0
    outer loop
      vertex 7.86363 -44.7983 0
      vertex 7.816 -44.9966 18
      vertex 7.816 -44.9966 0
    endloop
  endfacet
  facet normal -0.99692 0.0784205 0
    outer loop
      vertex 10.384 -45.4034 0
      vertex 10.4 -45.2 18
      vertex 10.4 -45.2 0
    endloop
  endfacet
  facet normal -0.99692 0.0784205 0
    outer loop
      vertex 10.4 -45.2 18
      vertex 10.384 -45.4034 0
      vertex 10.384 -45.4034 18
    endloop
  endfacet
  facet normal 0.233343 -0.972394 0
    outer loop
      vertex 8.69828 -43.9636 0
      vertex 8.89664 -43.916 18
      vertex 8.69828 -43.9636 18
    endloop
  endfacet
  facet normal 0.233343 -0.972394 0
    outer loop
      vertex 8.89664 -43.916 18
      vertex 8.69828 -43.9636 0
      vertex 8.89664 -43.916 0
    endloop
  endfacet
  facet normal -0.382822 -0.923822 0
    outer loop
      vertex 9.50172 -43.9636 0
      vertex 9.69019 -44.0417 18
      vertex 9.50172 -43.9636 18
    endloop
  endfacet
  facet normal -0.382822 -0.923822 -0
    outer loop
      vertex 9.69019 -44.0417 18
      vertex 9.50172 -43.9636 0
      vertex 9.69019 -44.0417 0
    endloop
  endfacet
  facet normal -0.972378 0.23341 0
    outer loop
      vertex 10.3364 -45.6017 0
      vertex 10.384 -45.4034 18
      vertex 10.384 -45.4034 0
    endloop
  endfacet
  facet normal -0.972378 0.23341 0
    outer loop
      vertex 10.384 -45.4034 18
      vertex 10.3364 -45.6017 0
      vertex 10.3364 -45.6017 18
    endloop
  endfacet
  facet normal 0.0784358 0.996919 -0
    outer loop
      vertex 9.1 -46.5 0
      vertex 8.89664 -46.484 18
      vertex 9.1 -46.5 18
    endloop
  endfacet
  facet normal 0.0784358 0.996919 0
    outer loop
      vertex 8.89664 -46.484 18
      vertex 9.1 -46.5 0
      vertex 8.89664 -46.484 0
    endloop
  endfacet
  facet normal -0.923844 0.38277 0
    outer loop
      vertex 10.2583 -45.7902 0
      vertex 10.3364 -45.6017 18
      vertex 10.3364 -45.6017 0
    endloop
  endfacet
  facet normal -0.923844 0.38277 0
    outer loop
      vertex 10.3364 -45.6017 18
      vertex 10.2583 -45.7902 0
      vertex 10.2583 -45.7902 18
    endloop
  endfacet
  facet normal 0.923913 0.382603 0
    outer loop
      vertex 7.94169 -45.7902 18
      vertex 7.86363 -45.6017 0
      vertex 7.86363 -45.6017 18
    endloop
  endfacet
  facet normal 0.923913 0.382603 0
    outer loop
      vertex 7.86363 -45.6017 0
      vertex 7.94169 -45.7902 18
      vertex 7.94169 -45.7902 0
    endloop
  endfacet
  facet normal 0.0784358 -0.996919 0
    outer loop
      vertex 8.89664 -43.916 0
      vertex 9.1 -43.9 18
      vertex 8.89664 -43.916 18
    endloop
  endfacet
  facet normal 0.0784358 -0.996919 0
    outer loop
      vertex 9.1 -43.9 18
      vertex 8.89664 -43.916 0
      vertex 9.1 -43.9 0
    endloop
  endfacet
  facet normal 0.760377 -0.649482 0
    outer loop
      vertex 8.04828 -44.4359 18
      vertex 8.18076 -44.2808 0
      vertex 8.18076 -44.2808 18
    endloop
  endfacet
  facet normal 0.760377 -0.649482 0
    outer loop
      vertex 8.18076 -44.2808 0
      vertex 8.04828 -44.4359 18
      vertex 8.04828 -44.4359 0
    endloop
  endfacet
  facet normal 0.522554 -0.852606 0
    outer loop
      vertex 8.33588 -44.1483 0
      vertex 8.50981 -44.0417 18
      vertex 8.33588 -44.1483 18
    endloop
  endfacet
  facet normal 0.522554 -0.852606 0
    outer loop
      vertex 8.50981 -44.0417 18
      vertex 8.33588 -44.1483 0
      vertex 8.50981 -44.0417 0
    endloop
  endfacet
  facet normal 0.382822 -0.923822 0
    outer loop
      vertex 8.50981 -44.0417 0
      vertex 8.69828 -43.9636 18
      vertex 8.50981 -44.0417 18
    endloop
  endfacet
  facet normal 0.382822 -0.923822 0
    outer loop
      vertex 8.69828 -43.9636 18
      vertex 8.50981 -44.0417 0
      vertex 8.69828 -43.9636 0
    endloop
  endfacet
  facet normal -0.649587 -0.760287 0
    outer loop
      vertex 9.86412 -44.1483 0
      vertex 10.0192 -44.2808 18
      vertex 9.86412 -44.1483 18
    endloop
  endfacet
  facet normal -0.649587 -0.760287 -0
    outer loop
      vertex 10.0192 -44.2808 18
      vertex 9.86412 -44.1483 0
      vertex 10.0192 -44.2808 0
    endloop
  endfacet
  facet normal -0.852566 0.52262 0
    outer loop
      vertex 10.1517 -45.9641 0
      vertex 10.2583 -45.7902 18
      vertex 10.2583 -45.7902 0
    endloop
  endfacet
  facet normal -0.852566 0.52262 0
    outer loop
      vertex 10.2583 -45.7902 18
      vertex 10.1517 -45.9641 0
      vertex 10.1517 -45.9641 18
    endloop
  endfacet
  facet normal 0.99692 -0.0784205 0
    outer loop
      vertex 7.8 -45.2 18
      vertex 7.816 -44.9966 0
      vertex 7.816 -44.9966 18
    endloop
  endfacet
  facet normal 0.99692 -0.0784205 0
    outer loop
      vertex 7.816 -44.9966 0
      vertex 7.8 -45.2 18
      vertex 7.8 -45.2 0
    endloop
  endfacet
  facet normal -0.522554 -0.852606 0
    outer loop
      vertex 9.69019 -44.0417 0
      vertex 9.86412 -44.1483 18
      vertex 9.69019 -44.0417 18
    endloop
  endfacet
  facet normal -0.522554 -0.852606 -0
    outer loop
      vertex 9.86412 -44.1483 18
      vertex 9.69019 -44.0417 0
      vertex 9.86412 -44.1483 0
    endloop
  endfacet
  facet normal -0.382822 0.923822 0
    outer loop
      vertex 9.69019 -46.3583 0
      vertex 9.50172 -46.4364 18
      vertex 9.69019 -46.3583 18
    endloop
  endfacet
  facet normal -0.382822 0.923822 0
    outer loop
      vertex 9.50172 -46.4364 18
      vertex 9.69019 -46.3583 0
      vertex 9.50172 -46.4364 0
    endloop
  endfacet
  facet normal -0.522554 0.852606 0
    outer loop
      vertex 9.86412 -46.2517 0
      vertex 9.69019 -46.3583 18
      vertex 9.86412 -46.2517 18
    endloop
  endfacet
  facet normal -0.522554 0.852606 0
    outer loop
      vertex 9.69019 -46.3583 18
      vertex 9.86412 -46.2517 0
      vertex 9.69019 -46.3583 0
    endloop
  endfacet
  facet normal 0.972345 0.233549 0
    outer loop
      vertex 7.86363 -45.6017 18
      vertex 7.816 -45.4034 0
      vertex 7.816 -45.4034 18
    endloop
  endfacet
  facet normal 0.972345 0.233549 0
    outer loop
      vertex 7.816 -45.4034 0
      vertex 7.86363 -45.6017 18
      vertex 7.86363 -45.6017 0
    endloop
  endfacet
  facet normal 0.760377 0.649482 0
    outer loop
      vertex 8.18076 -46.1192 18
      vertex 8.04828 -45.9641 0
      vertex 8.04828 -45.9641 18
    endloop
  endfacet
  facet normal 0.760377 0.649482 0
    outer loop
      vertex 8.04828 -45.9641 0
      vertex 8.18076 -46.1192 18
      vertex 8.18076 -46.1192 0
    endloop
  endfacet
  facet normal 0.852588 -0.522584 0
    outer loop
      vertex 7.94169 -44.6098 18
      vertex 8.04828 -44.4359 0
      vertex 8.04828 -44.4359 18
    endloop
  endfacet
  facet normal 0.852588 -0.522584 0
    outer loop
      vertex 8.04828 -44.4359 0
      vertex 7.94169 -44.6098 18
      vertex 7.94169 -44.6098 0
    endloop
  endfacet
  facet normal 0.649491 -0.76037 0
    outer loop
      vertex 8.18076 -44.2808 0
      vertex 8.33588 -44.1483 18
      vertex 8.18076 -44.2808 18
    endloop
  endfacet
  facet normal 0.649491 -0.76037 0
    outer loop
      vertex 8.33588 -44.1483 18
      vertex 8.18076 -44.2808 0
      vertex 8.33588 -44.1483 0
    endloop
  endfacet
  facet normal 0.522554 0.852606 -0
    outer loop
      vertex 8.50981 -46.3583 0
      vertex 8.33588 -46.2517 18
      vertex 8.50981 -46.3583 18
    endloop
  endfacet
  facet normal 0.522554 0.852606 0
    outer loop
      vertex 8.33588 -46.2517 18
      vertex 8.50981 -46.3583 0
      vertex 8.33588 -46.2517 0
    endloop
  endfacet
  facet normal -0.0784358 -0.996919 0
    outer loop
      vertex 9.1 -43.9 0
      vertex 9.30336 -43.916 18
      vertex 9.1 -43.9 18
    endloop
  endfacet
  facet normal -0.0784358 -0.996919 -0
    outer loop
      vertex 9.30336 -43.916 18
      vertex 9.1 -43.9 0
      vertex 9.30336 -43.916 0
    endloop
  endfacet
  facet normal -0.233343 -0.972394 0
    outer loop
      vertex 9.30336 -43.916 0
      vertex 9.50172 -43.9636 18
      vertex 9.30336 -43.916 18
    endloop
  endfacet
  facet normal -0.233343 -0.972394 -0
    outer loop
      vertex 9.50172 -43.9636 18
      vertex 9.30336 -43.916 0
      vertex 9.50172 -43.9636 0
    endloop
  endfacet
  facet normal -0.760328 -0.649539 0
    outer loop
      vertex 10.1517 -44.4359 0
      vertex 10.0192 -44.2808 18
      vertex 10.0192 -44.2808 0
    endloop
  endfacet
  facet normal -0.760328 -0.649539 0
    outer loop
      vertex 10.0192 -44.2808 18
      vertex 10.1517 -44.4359 0
      vertex 10.1517 -44.4359 18
    endloop
  endfacet
  facet normal 0.233343 0.972394 -0
    outer loop
      vertex 8.89664 -46.484 0
      vertex 8.69828 -46.4364 18
      vertex 8.89664 -46.484 18
    endloop
  endfacet
  facet normal 0.233343 0.972394 0
    outer loop
      vertex 8.69828 -46.4364 18
      vertex 8.89664 -46.484 0
      vertex 8.69828 -46.4364 0
    endloop
  endfacet
  facet normal 0.852588 0.522584 0
    outer loop
      vertex 8.04828 -45.9641 18
      vertex 7.94169 -45.7902 0
      vertex 7.94169 -45.7902 18
    endloop
  endfacet
  facet normal 0.852588 0.522584 0
    outer loop
      vertex 7.94169 -45.7902 0
      vertex 8.04828 -45.9641 18
      vertex 8.04828 -45.9641 0
    endloop
  endfacet
  facet normal 0.99692 0.0784205 0
    outer loop
      vertex 7.816 -45.4034 18
      vertex 7.8 -45.2 0
      vertex 7.8 -45.2 18
    endloop
  endfacet
  facet normal 0.99692 0.0784205 0
    outer loop
      vertex 7.8 -45.2 0
      vertex 7.816 -45.4034 18
      vertex 7.816 -45.4034 0
    endloop
  endfacet
  facet normal 0.923913 -0.382603 0
    outer loop
      vertex 7.86363 -44.7983 18
      vertex 7.94169 -44.6098 0
      vertex 7.94169 -44.6098 18
    endloop
  endfacet
  facet normal 0.923913 -0.382603 0
    outer loop
      vertex 7.94169 -44.6098 0
      vertex 7.86363 -44.7983 18
      vertex 7.86363 -44.7983 0
    endloop
  endfacet
  facet normal -0.649587 0.760287 0
    outer loop
      vertex 10.0192 -46.1192 0
      vertex 9.86412 -46.2517 18
      vertex 10.0192 -46.1192 18
    endloop
  endfacet
  facet normal -0.649587 0.760287 0
    outer loop
      vertex 9.86412 -46.2517 18
      vertex 10.0192 -46.1192 0
      vertex 9.86412 -46.2517 0
    endloop
  endfacet
  facet normal -0.760328 0.649539 0
    outer loop
      vertex 10.0192 -46.1192 0
      vertex 10.1517 -45.9641 18
      vertex 10.1517 -45.9641 0
    endloop
  endfacet
  facet normal -0.760328 0.649539 0
    outer loop
      vertex 10.1517 -45.9641 18
      vertex 10.0192 -46.1192 0
      vertex 10.0192 -46.1192 18
    endloop
  endfacet
endsolid OpenSCAD_Model
